codigo_municipio;municipio;zona;secao;braide_votos;orleans_votos;outros_votos;brancos;nulos;total_votos;camarao_votos
07072;ALTAMIRA DO MARANHÃO;0049;0064;51;100;0;3;11;183;18
07072;ALTAMIRA DO MARANHÃO;0049;0109;77;101;2;1;6;196;9
07072;ALTAMIRA DO MARANHÃO;0049;0111;26;56;1;1;5;100;11
07072;ALTAMIRA DO MARANHÃO;0049;0113;73;131;1;3;8;226;10
07072;ALTAMIRA DO MARANHÃO;0049;0114;95;159;0;8;11;291;18
07072;ALTAMIRA DO MARANHÃO;0049;0130;60;115;0;0;8;198;15
07072;ALTAMIRA DO MARANHÃO;0049;0152;36;101;0;4;6;159;12
07072;ALTAMIRA DO MARANHÃO;0049;0221;78;80;2;0;9;181;12
07072;ALTAMIRA DO MARANHÃO;0049;0222;77;72;3;3;8;174;11
07072;ALTAMIRA DO MARANHÃO;0049;0223;68;96;3;3;2;183;11
07072;ALTAMIRA DO MARANHÃO;0049;0224;77;86;2;2;7;186;12
07072;ALTAMIRA DO MARANHÃO;0049;0225;53;77;0;2;4;148;12
07072;ALTAMIRA DO MARANHÃO;0049;0226;49;86;1;2;2;150;10
07072;ALTAMIRA DO MARANHÃO;0049;0227;84;71;2;3;12;181;9
07072;ALTAMIRA DO MARANHÃO;0049;0228;69;74;2;1;14;170;10
07072;ALTAMIRA DO MARANHÃO;0049;0236;55;73;2;1;10;148;7
07072;ALTAMIRA DO MARANHÃO;0049;0237;53;78;0;1;6;143;5
07072;ALTAMIRA DO MARANHÃO;0049;0238;102;87;0;1;16;220;14
07072;ALTAMIRA DO MARANHÃO;0049;0239;81;107;3;5;15;225;14
07072;ALTAMIRA DO MARANHÃO;0049;0240;77;73;4;2;8;176;12
07072;ALTAMIRA DO MARANHÃO;0049;0241;45;75;1;1;8;139;9
07072;ALTAMIRA DO MARANHÃO;0049;0242;88;101;0;1;9;207;8
07072;ALTAMIRA DO MARANHÃO;0049;0245;47;77;0;1;6;141;10
07072;ALTAMIRA DO MARANHÃO;0049;0246;91;87;2;3;8;197;6
07072;ALTAMIRA DO MARANHÃO;0049;0247;87;64;0;1;9;166;5
07080;AMAPÁ DO MARANHÃO;0064;0054;67;80;0;0;15;176;14
07080;AMAPÁ DO MARANHÃO;0064;0057;59;75;1;3;18;173;17
07080;AMAPÁ DO MARANHÃO;0064;0058;67;91;1;3;6;175;7
07080;AMAPÁ DO MARANHÃO;0064;0060;78;86;1;5;9;198;19
07080;AMAPÁ DO MARANHÃO;0064;0088;58;94;2;5;15;195;21
07080;AMAPÁ DO MARANHÃO;0064;0093;81;91;2;0;5;195;16
07080;AMAPÁ DO MARANHÃO;0064;0094;65;86;4;1;13;188;19
07080;AMAPÁ DO MARANHÃO;0064;0096;84;78;1;4;17;205;21
07080;AMAPÁ DO MARANHÃO;0064;0097;83;91;2;7;8;207;16
07080;AMAPÁ DO MARANHÃO;0064;0103;65;103;0;4;10;200;18
07080;AMAPÁ DO MARANHÃO;0064;0114;54;79;0;4;16;169;16
07080;AMAPÁ DO MARANHÃO;0064;0135;58;84;0;6;9;172;15
07080;AMAPÁ DO MARANHÃO;0064;0144;71;77;1;4;6;170;11
07080;AMAPÁ DO MARANHÃO;0064;0150;64;78;1;1;11;171;16
07080;AMAPÁ DO MARANHÃO;0064;0157;138;127;3;4;11;305;22
07080;AMAPÁ DO MARANHÃO;0064;0158;111;129;4;3;15;293;31
07080;AMAPÁ DO MARANHÃO;0064;0169;75;68;1;2;7;163;10
07080;AMAPÁ DO MARANHÃO;0064;0173;74;106;0;4;16;213;13
07080;AMAPÁ DO MARANHÃO;0064;0179;61;88;0;1;7;177;20
07080;AMAPÁ DO MARANHÃO;0064;0181;67;80;1;3;7;169;11
07080;AMAPÁ DO MARANHÃO;0064;0199;102;96;1;0;17;229;13
07080;AMAPÁ DO MARANHÃO;0064;0200;89;106;7;3;11;245;29
07129;BACABEIRA;0018;0040;157;65;0;3;7;261;29
07129;BACABEIRA;0018;0041;152;57;3;9;12;258;25
07129;BACABEIRA;0018;0042;161;62;2;5;16;277;31
07129;BACABEIRA;0018;0043;181;51;1;11;11;279;24
07129;BACABEIRA;0018;0047;156;58;1;11;4;263;33
07129;BACABEIRA;0018;0048;147;67;1;3;7;257;32
07129;BACABEIRA;0018;0049;180;52;2;7;11;287;35
07129;BACABEIRA;0018;0050;133;82;1;2;2;230;10
07129;BACABEIRA;0018;0051;159;52;1;8;9;256;27
07129;BACABEIRA;0018;0052;157;53;1;11;5;255;28
07129;BACABEIRA;0018;0053;160;63;2;5;8;258;20
07129;BACABEIRA;0018;0054;179;44;0;9;12;269;25
07129;BACABEIRA;0018;0060;124;97;0;3;5;238;9
07129;BACABEIRA;0018;0066;151;49;2;11;4;235;18
07129;BACABEIRA;0018;0067;143;71;0;5;9;266;38
07129;BACABEIRA;0018;0076;155;59;2;6;11;261;28
07129;BACABEIRA;0018;0082;188;56;2;10;7;296;33
07129;BACABEIRA;0018;0088;133;50;2;10;10;230;25
07129;BACABEIRA;0018;0093;159;57;1;6;9;247;15
07129;BACABEIRA;0018;0096;158;70;1;4;10;264;21
07129;BACABEIRA;0018;0097;126;50;1;6;9;212;20
07129;BACABEIRA;0018;0104;176;56;1;6;7;267;21
07129;BACABEIRA;0018;0105;186;48;1;5;7;271;24
07129;BACABEIRA;0018;0109;177;55;2;5;10;269;20
07129;BACABEIRA;0018;0110;143;75;1;4;12;251;16
07129;BACABEIRA;0018;0114;149;55;4;8;9;240;15
07129;BACABEIRA;0018;0125;117;51;0;13;15;214;18
07129;BACABEIRA;0018;0127;184;54;2;10;4;280;26
07129;BACABEIRA;0018;0128;166;37;2;8;11;252;28
07129;BACABEIRA;0018;0132;156;57;1;14;5;262;29
07129;BACABEIRA;0018;0137;144;55;1;10;9;230;11
07129;BACABEIRA;0018;0138;106;40;1;5;3;183;28
07129;BACABEIRA;0018;0139;153;66;1;11;9;258;18
07129;BACABEIRA;0018;0140;148;29;1;8;7;208;15
07129;BACABEIRA;0018;0141;192;59;1;8;9;283;14
07129;BACABEIRA;0018;0164;195;66;2;4;8;284;9
07129;BACABEIRA;0018;0174;189;42;1;7;7;263;17
07129;BACABEIRA;0018;0175;156;51;0;8;7;245;23
07129;BACABEIRA;0018;0183;156;62;1;7;14;265;25
07129;BACABEIRA;0018;0195;127;45;0;9;6;200;13
07129;BACABEIRA;0018;0197;107;36;1;8;3;170;15
07129;BACABEIRA;0018;0200;152;71;1;5;8;250;13
07129;BACABEIRA;0018;0206;181;43;2;8;8;256;14
07129;BACABEIRA;0018;0212;159;51;1;11;6;244;16
07129;BACABEIRA;0018;0218;176;46;0;7;10;259;20
07129;BACABEIRA;0018;0219;104;45;0;9;3;175;14
07129;BACABEIRA;0018;0220;190;41;0;4;3;247;9
07129;BACABEIRA;0018;0226;176;48;2;5;7;251;13
07129;BACABEIRA;0018;0233;185;50;2;8;4;258;9
07129;BACABEIRA;0018;0267;180;31;0;7;4;243;21
07129;BACABEIRA;0018;0270;78;35;0;1;0;125;11
07129;BACABEIRA;0018;0271;121;42;1;8;3;180;5
07129;BACABEIRA;0018;0275;202;35;1;9;4;270;19
07129;BACABEIRA;0018;0276;101;31;0;4;8;154;10
07137;ANAJATUBA;0109;0001;91;77;1;3;3;184;9
07137;ANAJATUBA;0109;0002;103;61;0;6;5;189;14
07137;ANAJATUBA;0109;0003;103;71;1;3;7;196;11
07137;ANAJATUBA;0109;0004;108;56;0;7;5;187;11
07137;ANAJATUBA;0109;0005;107;53;4;1;5;184;14
07137;ANAJATUBA;0109;0006;100;78;0;2;4;196;12
07137;ANAJATUBA;0109;0007;112;57;2;3;7;202;21
07137;ANAJATUBA;0109;0008;155;107;3;7;9;305;24
07137;ANAJATUBA;0109;0009;155;117;4;5;13;318;24
07137;ANAJATUBA;0109;0010;171;106;2;10;5;315;21
07137;ANAJATUBA;0109;0011;167;115;2;9;7;321;21
07137;ANAJATUBA;0109;0012;83;47;0;2;8;157;17
07137;ANAJATUBA;0109;0013;92;52;1;0;6;164;13
07137;ANAJATUBA;0109;0014;90;56;0;1;12;171;12
07137;ANAJATUBA;0109;0015;80;43;0;3;10;155;19
07137;ANAJATUBA;0109;0016;93;39;0;3;10;162;17
07137;ANAJATUBA;0109;0017;101;46;0;5;7;174;15
07137;ANAJATUBA;0109;0018;59;44;1;0;4;116;8
07137;ANAJATUBA;0109;0019;64;51;1;5;5;136;10
07137;ANAJATUBA;0109;0020;61;50;0;2;2;128;13
07137;ANAJATUBA;0109;0021;60;50;0;1;3;133;19
07137;ANAJATUBA;0109;0022;62;44;3;4;4;122;5
07137;ANAJATUBA;0109;0023;67;51;0;3;3;134;10
07137;ANAJATUBA;0109;0024;65;54;2;0;5;138;12
07137;ANAJATUBA;0109;0025;66;44;1;6;6;138;15
07137;ANAJATUBA;0109;0026;116;89;1;10;7;244;21
07137;ANAJATUBA;0109;0027;104;101;0;11;11;239;12
07137;ANAJATUBA;0109;0028;130;95;1;2;6;256;22
07137;ANAJATUBA;0109;0029;126;101;0;4;3;243;9
07137;ANAJATUBA;0109;0030;58;10;0;0;0;73;5
07137;ANAJATUBA;0109;0032;117;73;1;2;4;207;10
07137;ANAJATUBA;0109;0033;117;73;0;0;3;210;17
07137;ANAJATUBA;0109;0034;87;57;4;2;5;161;6
07137;ANAJATUBA;0109;0035;93;51;2;7;6;171;12
07137;ANAJATUBA;0109;0036;98;61;2;3;5;182;13
07137;ANAJATUBA;0109;0037;84;64;3;2;3;170;14
07137;ANAJATUBA;0109;0038;89;64;1;2;2;168;10
07137;ANAJATUBA;0109;0039;90;55;0;3;2;163;13
07137;ANAJATUBA;0109;0040;94;45;1;5;9;173;19
07137;ANAJATUBA;0109;0041;91;60;2;2;5;177;17
07137;ANAJATUBA;0109;0042;194;66;2;6;11;296;17
07137;ANAJATUBA;0109;0043;206;49;0;4;12;289;18
07137;ANAJATUBA;0109;0044;94;30;0;1;6;152;21
07137;ANAJATUBA;0109;0045;92;86;1;7;7;206;13
07137;ANAJATUBA;0109;0046;98;32;0;0;4;158;24
07137;ANAJATUBA;0109;0048;159;70;0;3;9;256;15
07137;ANAJATUBA;0109;0049;151;53;0;1;6;227;16
07137;ANAJATUBA;0109;0050;147;54;0;1;4;222;16
07137;ANAJATUBA;0109;0051;165;40;0;3;8;231;15
07137;ANAJATUBA;0109;0052;77;38;0;0;10;140;15
07137;ANAJATUBA;0109;0054;70;119;0;0;6;214;19
07137;ANAJATUBA;0109;0055;123;78;1;5;11;240;22
07137;ANAJATUBA;0109;0056;131;77;0;4;7;251;32
07137;ANAJATUBA;0109;0057;185;88;0;3;4;296;16
07137;ANAJATUBA;0109;0058;177;100;1;7;8;308;15
07137;ANAJATUBA;0109;0059;71;55;0;4;4;142;8
07137;ANAJATUBA;0109;0060;82;69;0;5;5;179;18
07137;ANAJATUBA;0109;0061;116;107;0;0;8;237;6
07137;ANAJATUBA;0109;0062;52;80;2;2;4;154;14
07137;ANAJATUBA;0109;0063;88;63;1;7;14;189;16
07137;ANAJATUBA;0109;0064;87;34;0;11;3;146;11
07137;ANAJATUBA;0109;0065;99;55;0;4;4;172;10
07137;ANAJATUBA;0109;0066;107;49;0;2;2;168;8
07137;ANAJATUBA;0109;0067;32;89;0;1;5;136;9
07137;ANAJATUBA;0109;0068;82;53;0;1;3;150;11
07137;ANAJATUBA;0109;0069;96;38;0;0;4;148;10
07137;ANAJATUBA;0109;0070;116;25;0;0;4;147;2
07137;ANAJATUBA;0109;0071;119;64;1;2;7;215;22
07137;ANAJATUBA;0109;0072;111;41;0;0;9;175;14
07137;ANAJATUBA;0109;0073;55;14;0;0;2;80;9
07137;ANAJATUBA;0109;0075;30;29;0;1;2;67;5
07137;ANAJATUBA;0109;0077;143;70;1;3;14;262;31
07137;ANAJATUBA;0109;0079;181;99;2;4;10;305;9
07137;ANAJATUBA;0109;0080;123;85;0;4;12;230;6
07137;ANAJATUBA;0109;0081;102;61;2;2;1;180;12
07137;ANAJATUBA;0109;0082;61;59;0;1;0;131;10
07137;ANAJATUBA;0109;0083;145;68;0;6;9;257;29
07137;ANAJATUBA;0109;0084;88;69;0;5;3;179;14
07137;ANAJATUBA;0109;0085;93;40;0;2;2;152;15
07137;ANAJATUBA;0109;0087;97;49;2;3;7;170;12
07137;ANAJATUBA;0109;0088;59;60;1;2;3;135;10
07137;ANAJATUBA;0109;0089;61;27;0;3;5;108;12
07137;ANAJATUBA;0109;0091;83;38;0;3;0;131;7
07137;ANAJATUBA;0109;0092;173;53;0;2;10;248;10
07137;ANAJATUBA;0109;0094;160;99;2;7;4;290;18
07137;ANAJATUBA;0109;0095;155;39;0;2;5;209;8
07137;ANAJATUBA;0109;0096;81;36;1;1;4;127;4
07188;BELA VISTA DO MARANHÃO;0077;0325;68;75;1;6;4;168;14
07188;BELA VISTA DO MARANHÃO;0077;0326;84;60;1;3;8;171;15
07188;BELA VISTA DO MARANHÃO;0077;0327;78;113;0;2;18;240;29
07188;BELA VISTA DO MARANHÃO;0077;0328;79;92;1;7;15;221;27
07188;BELA VISTA DO MARANHÃO;0077;0329;80;117;0;1;6;234;30
07188;BELA VISTA DO MARANHÃO;0077;0330;72;111;1;3;17;242;38
07188;BELA VISTA DO MARANHÃO;0077;0331;83;62;0;2;14;180;19
07188;BELA VISTA DO MARANHÃO;0077;0332;86;84;4;2;8;201;17
07188;BELA VISTA DO MARANHÃO;0077;0333;79;69;0;0;4;172;20
07188;BELA VISTA DO MARANHÃO;0077;0334;55;83;0;2;13;163;10
07188;BELA VISTA DO MARANHÃO;0077;0335;80;89;2;4;5;190;10
07188;BELA VISTA DO MARANHÃO;0077;0336;84;73;2;6;10;189;14
07188;BELA VISTA DO MARANHÃO;0077;0337;109;79;1;1;4;206;12
07188;BELA VISTA DO MARANHÃO;0077;0338;80;97;0;3;4;197;13
07188;BELA VISTA DO MARANHÃO;0077;0339;72;71;0;2;5;160;10
07188;BELA VISTA DO MARANHÃO;0077;0340;66;65;1;1;7;155;15
07188;BELA VISTA DO MARANHÃO;0077;0343;101;66;2;3;16;209;21
07188;BELA VISTA DO MARANHÃO;0077;0344;85;89;0;4;17;225;30
07188;BELA VISTA DO MARANHÃO;0077;0345;105;81;2;6;9;226;23
07188;BELA VISTA DO MARANHÃO;0077;0346;94;73;3;5;10;197;12
07188;BELA VISTA DO MARANHÃO;0077;0347;90;89;2;0;2;196;13
07188;BELA VISTA DO MARANHÃO;0077;0348;90;94;0;4;8;210;14
07188;BELA VISTA DO MARANHÃO;0077;0349;131;115;5;8;11;295;25
07188;BELA VISTA DO MARANHÃO;0077;0350;125;102;1;2;12;266;24
07188;BELA VISTA DO MARANHÃO;0077;0351;144;99;1;2;15;299;38
07188;BELA VISTA DO MARANHÃO;0077;0352;140;108;2;5;18;310;37
07188;BELA VISTA DO MARANHÃO;0077;0353;166;92;3;6;11;304;26
07188;BELA VISTA DO MARANHÃO;0077;0354;137;128;0;5;11;314;33
07188;BELA VISTA DO MARANHÃO;0077;0355;79;67;1;3;5;176;21
07188;BELA VISTA DO MARANHÃO;0077;0356;90;53;1;8;3;172;17
07188;BELA VISTA DO MARANHÃO;0077;0357;71;69;1;6;6;174;21
07188;BELA VISTA DO MARANHÃO;0077;0358;83;70;3;3;8;181;14
07188;BELA VISTA DO MARANHÃO;0077;0360;81;60;0;4;8;161;8
07188;BELA VISTA DO MARANHÃO;0077;0367;153;122;4;3;13;319;24
07188;BELA VISTA DO MARANHÃO;0077;0444;33;63;0;3;4;183;80
07188;BELA VISTA DO MARANHÃO;0077;0445;81;73;1;2;10;193;26
07188;BELA VISTA DO MARANHÃO;0077;0447;69;82;1;2;11;180;15
07188;BELA VISTA DO MARANHÃO;0077;0452;100;103;2;5;6;238;22
07226;CACHOEIRA GRANDE;0110;0243;55;129;1;0;6;208;17
07226;CACHOEIRA GRANDE;0110;0244;44;116;1;1;10;190;18
07226;CACHOEIRA GRANDE;0110;0245;54;116;0;0;4;189;15
07226;CACHOEIRA GRANDE;0110;0247;96;49;0;3;6;173;19
07226;CACHOEIRA GRANDE;0110;0248;92;59;0;1;5;169;12
07226;CACHOEIRA GRANDE;0110;0249;86;75;0;2;3;175;9
07226;CACHOEIRA GRANDE;0110;0250;90;56;2;2;8;165;7
07226;CACHOEIRA GRANDE;0110;0251;82;69;0;3;4;167;9
07226;CACHOEIRA GRANDE;0110;0253;99;58;0;2;7;189;23
07226;CACHOEIRA GRANDE;0110;0254;93;69;1;0;8;184;13
07226;CACHOEIRA GRANDE;0110;0255;101;65;2;2;8;192;14
07226;CACHOEIRA GRANDE;0110;0256;102;69;0;5;7;191;8
07226;CACHOEIRA GRANDE;0110;0257;110;58;2;0;3;183;10
07226;CACHOEIRA GRANDE;0110;0258;55;138;2;0;4;218;19
07226;CACHOEIRA GRANDE;0110;0260;87;139;0;2;1;246;17
07226;CACHOEIRA GRANDE;0110;0261;114;108;0;2;3;239;12
07226;CACHOEIRA GRANDE;0110;0262;20;84;0;0;3;111;4
07226;CACHOEIRA GRANDE;0110;0264;103;60;0;1;3;185;18
07226;CACHOEIRA GRANDE;0110;0265;28;205;0;0;4;254;17
07226;CACHOEIRA GRANDE;0110;0266;59;115;0;0;4;193;15
07226;CACHOEIRA GRANDE;0110;0267;12;77;0;0;7;107;11
07226;CACHOEIRA GRANDE;0110;0268;67;129;0;1;14;233;22
07226;CACHOEIRA GRANDE;0110;0269;150;62;1;3;6;236;14
07226;CACHOEIRA GRANDE;0110;0270;124;68;1;1;14;216;8
07226;CACHOEIRA GRANDE;0110;0271;131;75;2;1;4;222;9
07226;CACHOEIRA GRANDE;0110;0272;139;62;2;1;6;218;8
07226;CACHOEIRA GRANDE;0110;0273;81;77;0;2;4;178;14
07226;CACHOEIRA GRANDE;0110;0274;75;61;0;0;11;161;14
07226;CACHOEIRA GRANDE;0110;0275;117;61;0;0;3;190;9
07226;CACHOEIRA GRANDE;0110;0280;129;92;1;1;7;247;17
07226;CACHOEIRA GRANDE;0110;0283;97;37;1;1;1;141;4
07226;CACHOEIRA GRANDE;0110;0285;118;62;1;2;6;203;14
07226;CACHOEIRA GRANDE;0110;0287;112;65;2;0;4;186;3
07226;CACHOEIRA GRANDE;0110;0294;138;80;0;2;5;233;8
07226;CACHOEIRA GRANDE;0110;0302;58;34;1;0;2;102;7
07226;CACHOEIRA GRANDE;0110;0304;70;76;0;2;6;165;11
07226;CACHOEIRA GRANDE;0110;0308;90;54;0;2;1;151;4
07293;BARÃO DE GRAJAÚ;0021;0001;76;108;6;10;8;229;21
07293;BARÃO DE GRAJAÚ;0021;0002;88;96;4;10;9;236;29
07293;BARÃO DE GRAJAÚ;0021;0003;97;116;4;17;6;277;37
07293;BARÃO DE GRAJAÚ;0021;0004;112;107;4;14;15;285;33
07293;BARÃO DE GRAJAÚ;0021;0005;114;101;1;13;21;280;30
07293;BARÃO DE GRAJAÚ;0021;0006;117;118;5;10;9;293;34
07293;BARÃO DE GRAJAÚ;0021;0007;96;126;1;16;12;287;36
07293;BARÃO DE GRAJAÚ;0021;0008;57;94;1;11;21;212;28
07293;BARÃO DE GRAJAÚ;0021;0009;53;97;3;10;11;210;36
07293;BARÃO DE GRAJAÚ;0021;0010;117;138;1;11;19;321;35
07293;BARÃO DE GRAJAÚ;0021;0011;108;124;3;12;14;301;40
07293;BARÃO DE GRAJAÚ;0021;0012;100;106;6;6;6;295;71
07293;BARÃO DE GRAJAÚ;0021;0013;83;100;0;9;14;297;91
07293;BARÃO DE GRAJAÚ;0021;0014;64;86;3;11;12;249;73
07293;BARÃO DE GRAJAÚ;0021;0015;106;125;0;3;9;285;42
07293;BARÃO DE GRAJAÚ;0021;0016;64;95;1;11;5;254;78
07293;BARÃO DE GRAJAÚ;0021;0017;49;98;0;7;8;196;34
07293;BARÃO DE GRAJAÚ;0021;0018;43;55;0;4;9;147;36
07293;BARÃO DE GRAJAÚ;0021;0019;94;165;0;9;18;303;17
07293;BARÃO DE GRAJAÚ;0021;0021;69;83;2;3;18;221;46
07293;BARÃO DE GRAJAÚ;0021;0022;89;79;1;8;13;241;51
07293;BARÃO DE GRAJAÚ;0021;0023;81;70;0;8;14;214;41
07293;BARÃO DE GRAJAÚ;0021;0024;52;59;0;2;9;152;30
07293;BARÃO DE GRAJAÚ;0021;0025;161;92;1;5;17;322;46
07293;BARÃO DE GRAJAÚ;0021;0026;122;86;2;7;22;274;35
07293;BARÃO DE GRAJAÚ;0021;0027;70;89;3;10;15;214;27
07293;BARÃO DE GRAJAÚ;0021;0028;96;77;2;9;12;227;31
07293;BARÃO DE GRAJAÚ;0021;0029;52;73;0;8;17;216;66
07293;BARÃO DE GRAJAÚ;0021;0032;112;101;3;16;10;284;42
07293;BARÃO DE GRAJAÚ;0021;0034;86;107;2;14;20;295;66
07293;BARÃO DE GRAJAÚ;0021;0035;108;115;2;20;23;316;48
07293;BARÃO DE GRAJAÚ;0021;0036;65;88;1;14;15;252;69
07293;BARÃO DE GRAJAÚ;0021;0037;56;93;1;15;13;203;25
07293;BARÃO DE GRAJAÚ;0021;0039;51;79;0;5;15;177;27
07293;BARÃO DE GRAJAÚ;0021;0043;98;104;2;7;18;271;42
07293;BARÃO DE GRAJAÚ;0021;0044;103;107;3;9;8;276;46
07293;BARÃO DE GRAJAÚ;0021;0047;118;111;3;26;18;318;42
07293;BARÃO DE GRAJAÚ;0021;0049;100;96;0;14;16;276;50
07293;BARÃO DE GRAJAÚ;0021;0050;101;99;5;21;14;277;37
07293;BARÃO DE GRAJAÚ;0021;0051;85;69;3;20;20;268;71
07293;BARÃO DE GRAJAÚ;0021;0052;76;108;1;14;14;291;78
07293;BARÃO DE GRAJAÚ;0021;0053;73;80;0;15;11;203;24
07293;BARÃO DE GRAJAÚ;0021;0054;63;54;5;10;9;160;19
07293;BARÃO DE GRAJAÚ;0021;0055;85;64;1;12;23;222;37
07293;BARÃO DE GRAJAÚ;0021;0057;44;49;0;1;0;113;19
07293;BARÃO DE GRAJAÚ;0021;0058;42;66;4;9;8;143;14
07293;BARÃO DE GRAJAÚ;0021;0059;61;55;0;2;3;138;17
07293;BARÃO DE GRAJAÚ;0021;0061;88;104;4;8;8;230;18
07293;BARÃO DE GRAJAÚ;0021;0062;66;59;1;15;7;166;18
07293;BARÃO DE GRAJAÚ;0021;0066;79;59;2;23;23;269;83
07293;BARÃO DE GRAJAÚ;0021;0068;30;45;0;7;5;128;41
07293;BARÃO DE GRAJAÚ;0021;0070;121;104;2;25;15;312;45
07293;BARÃO DE GRAJAÚ;0021;0108;52;53;2;14;12;151;18
07293;BARÃO DE GRAJAÚ;0021;0110;25;30;1;7;3;77;11
07447;CENTRO DO GUILHERME;0101;0001;89;42;0;1;3;158;23
07447;CENTRO DO GUILHERME;0101;0002;92;45;1;3;5;164;18
07447;CENTRO DO GUILHERME;0101;0003;112;41;0;3;7;178;15
07447;CENTRO DO GUILHERME;0101;0004;106;45;0;3;8;181;19
07447;CENTRO DO GUILHERME;0101;0005;93;39;0;13;10;172;17
07447;CENTRO DO GUILHERME;0101;0006;84;55;2;4;8;179;26
07447;CENTRO DO GUILHERME;0101;0007;111;43;1;4;10;188;19
07447;CENTRO DO GUILHERME;0101;0008;110;50;0;2;5;186;19
07447;CENTRO DO GUILHERME;0101;0009;121;33;1;4;5;183;19
07447;CENTRO DO GUILHERME;0101;0010;114;47;1;3;7;189;17
07447;CENTRO DO GUILHERME;0101;0011;109;43;3;6;4;185;20
07447;CENTRO DO GUILHERME;0101;0012;115;46;1;1;7;188;18
07447;CENTRO DO GUILHERME;0101;0071;113;50;1;2;10;190;14
07447;CENTRO DO GUILHERME;0101;0073;104;41;0;2;6;166;13
07447;CENTRO DO GUILHERME;0101;0080;90;44;1;4;10;167;18
07447;CENTRO DO GUILHERME;0101;0082;68;50;0;2;3;159;36
07447;CENTRO DO GUILHERME;0101;0084;103;54;0;4;4;192;27
07447;CENTRO DO GUILHERME;0101;0085;129;49;1;2;4;204;19
07447;CENTRO DO GUILHERME;0101;0087;75;36;0;3;6;140;20
07447;CENTRO DO GUILHERME;0101;0092;49;38;0;2;5;148;54
07447;CENTRO DO GUILHERME;0101;0093;79;57;3;3;7;201;52
07447;CENTRO DO GUILHERME;0101;0097;96;37;2;6;4;152;7
07447;CENTRO DO GUILHERME;0101;0101;100;38;1;3;2;161;17
07447;CENTRO DO GUILHERME;0101;0106;147;79;1;3;11;257;16
07447;CENTRO DO GUILHERME;0101;0118;3;277;0;0;1;285;4
07447;CENTRO DO GUILHERME;0101;0119;147;74;0;1;8;255;25
07447;CENTRO DO GUILHERME;0101;0120;111;68;1;5;13;224;26
07447;CENTRO DO GUILHERME;0101;0121;132;54;1;3;10;236;36
07447;CENTRO DO GUILHERME;0101;0122;124;55;1;2;4;203;17
07447;CENTRO DO GUILHERME;0101;0125;142;72;2;3;8;245;18
07447;CENTRO DO GUILHERME;0101;0126;134;56;2;3;13;238;30
07447;CENTRO DO GUILHERME;0101;0127;137;54;1;6;11;234;25
07447;CENTRO DO GUILHERME;0101;0129;50;55;0;1;7;153;40
07447;CENTRO DO GUILHERME;0101;0130;99;59;2;7;8;200;25
07447;CENTRO DO GUILHERME;0101;0136;59;7;2;1;0;76;7
07447;CENTRO DO GUILHERME;0101;0137;25;12;0;1;1;42;3
07528;FEIRA NOVA DO MARANHÃO;0075;0031;121;80;0;5;20;247;21
07528;FEIRA NOVA DO MARANHÃO;0075;0036;112;104;1;6;15;268;30
07528;FEIRA NOVA DO MARANHÃO;0075;0037;116;82;0;4;24;261;35
07528;FEIRA NOVA DO MARANHÃO;0075;0039;56;97;1;1;20;219;44
07528;FEIRA NOVA DO MARANHÃO;0075;0040;110;63;2;2;19;212;16
07528;FEIRA NOVA DO MARANHÃO;0075;0045;109;74;2;5;10;216;16
07528;FEIRA NOVA DO MARANHÃO;0075;0047;122;92;2;7;18;268;27
07528;FEIRA NOVA DO MARANHÃO;0075;0053;123;79;7;0;24;284;51
07528;FEIRA NOVA DO MARANHÃO;0075;0054;61;107;0;1;12;204;23
07528;FEIRA NOVA DO MARANHÃO;0075;0055;91;96;0;4;28;244;25
07528;FEIRA NOVA DO MARANHÃO;0075;0056;110;96;0;6;15;245;18
07528;FEIRA NOVA DO MARANHÃO;0075;0057;140;132;2;2;16;313;21
07528;FEIRA NOVA DO MARANHÃO;0075;0059;137;71;4;5;14;256;25
07528;FEIRA NOVA DO MARANHÃO;0075;0060;107;100;0;2;13;239;17
07528;FEIRA NOVA DO MARANHÃO;0075;0061;138;135;4;4;8;303;14
07528;FEIRA NOVA DO MARANHÃO;0075;0063;64;44;1;5;10;136;12
07528;FEIRA NOVA DO MARANHÃO;0075;0069;89;120;1;2;18;260;30
07528;FEIRA NOVA DO MARANHÃO;0075;0071;136;132;2;5;19;313;19
07528;FEIRA NOVA DO MARANHÃO;0075;0075;115;66;3;5;6;198;3
07528;FEIRA NOVA DO MARANHÃO;0075;0079;135;129;1;3;11;295;16
07528;FEIRA NOVA DO MARANHÃO;0075;0081;122;83;0;3;11;230;11
07650;COELHO NETO;0028;0002;76;63;4;9;8;183;23
07650;COELHO NETO;0028;0003;77;57;3;3;12;178;26
07650;COELHO NETO;0028;0004;70;81;0;4;4;191;32
07650;COELHO NETO;0028;0005;79;67;4;4;6;192;32
07650;COELHO NETO;0028;0006;83;60;1;9;8;187;26
07650;COELHO NETO;0028;0007;81;75;2;5;4;189;22
07650;COELHO NETO;0028;0008;83;59;4;1;4;176;25
07650;COELHO NETO;0028;0009;78;62;2;5;3;186;36
07650;COELHO NETO;0028;0010;129;89;4;12;11;277;32
07650;COELHO NETO;0028;0011;114;94;4;6;5;261;38
07650;COELHO NETO;0028;0014;119;95;3;12;8;265;28
07650;COELHO NETO;0028;0015;99;90;2;10;12;249;36
07650;COELHO NETO;0028;0016;69;64;1;9;7;175;25
07650;COELHO NETO;0028;0017;85;108;1;15;12;262;41
07650;COELHO NETO;0028;0018;78;127;6;4;14;262;33
07650;COELHO NETO;0028;0019;83;123;3;6;10;264;39
07650;COELHO NETO;0028;0020;86;120;1;14;17;270;32
07650;COELHO NETO;0028;0021;79;124;5;10;16;265;31
07650;COELHO NETO;0028;0022;108;111;5;12;10;277;31
07650;COELHO NETO;0028;0023;83;121;4;7;9;259;35
07650;COELHO NETO;0028;0024;75;114;6;9;12;257;41
07650;COELHO NETO;0028;0026;83;105;5;13;16;265;43
07650;COELHO NETO;0028;0027;96;123;3;8;10;282;42
07650;COELHO NETO;0028;0028;103;115;2;3;13;269;33
07650;COELHO NETO;0028;0029;93;114;1;10;19;270;33
07650;COELHO NETO;0028;0030;106;94;4;13;13;270;40
07650;COELHO NETO;0028;0031;86;140;1;8;14;289;40
07650;COELHO NETO;0028;0032;90;131;2;7;8;281;43
07650;COELHO NETO;0028;0033;84;124;1;10;18;280;43
07650;COELHO NETO;0028;0034;91;116;1;6;13;274;47
07650;COELHO NETO;0028;0036;44;46;2;2;5;111;12
07650;COELHO NETO;0028;0037;62;103;4;5;9;205;22
07650;COELHO NETO;0028;0038;47;76;2;9;7;162;21
07650;COELHO NETO;0028;0039;59;57;3;2;8;155;26
07650;COELHO NETO;0028;0040;56;66;1;6;1;150;20
07650;COELHO NETO;0028;0041;79;50;2;8;11;173;23
07650;COELHO NETO;0028;0042;58;80;1;12;10;182;21
07650;COELHO NETO;0028;0043;69;73;2;9;11;186;22
07650;COELHO NETO;0028;0044;88;67;1;6;8;192;22
07650;COELHO NETO;0028;0045;111;104;2;8;6;253;22
07650;COELHO NETO;0028;0046;109;97;4;16;8;251;17
07650;COELHO NETO;0028;0053;50;74;1;6;12;155;12
07650;COELHO NETO;0028;0054;59;78;1;4;1;166;23
07650;COELHO NETO;0028;0055;58;69;0;10;10;165;18
07650;COELHO NETO;0028;0056;119;82;3;10;13;251;24
07650;COELHO NETO;0028;0057;122;91;4;7;11;267;32
07650;COELHO NETO;0028;0059;56;78;1;8;7;174;24
07650;COELHO NETO;0028;0061;78;57;2;5;8;171;21
07650;COELHO NETO;0028;0062;63;49;2;3;2;135;16
07650;COELHO NETO;0028;0063;103;98;6;9;6;264;42
07650;COELHO NETO;0028;0066;61;71;2;11;10;186;31
07650;COELHO NETO;0028;0068;54;70;0;8;8;167;27
07650;COELHO NETO;0028;0069;75;62;2;7;5;174;23
07650;COELHO NETO;0028;0071;51;76;1;8;13;172;23
07650;COELHO NETO;0028;0072;72;65;2;5;5;176;27
07650;COELHO NETO;0028;0074;68;76;5;10;6;179;14
07650;COELHO NETO;0028;0075;144;74;2;6;17;281;38
07650;COELHO NETO;0028;0077;118;89;1;12;13;267;34
07650;COELHO NETO;0028;0079;73;129;1;9;15;257;30
07650;COELHO NETO;0028;0080;73;125;0;8;14;249;29
07650;COELHO NETO;0028;0083;74;116;2;15;20;254;27
07650;COELHO NETO;0028;0086;72;130;0;6;11;247;28
07650;COELHO NETO;0028;0087;110;111;4;6;17;284;36
07650;COELHO NETO;0028;0088;83;133;4;13;13;275;29
07650;COELHO NETO;0028;0089;79;120;0;6;9;245;31
07650;COELHO NETO;0028;0090;73;89;1;6;18;204;17
07650;COELHO NETO;0028;0092;76;89;2;9;7;216;33
07650;COELHO NETO;0028;0093;69;86;3;7;18;217;34
07650;COELHO NETO;0028;0094;78;110;3;9;10;232;22
07650;COELHO NETO;0028;0095;74;112;2;14;13;236;21
07650;COELHO NETO;0028;0099;72;77;3;3;7;179;17
07650;COELHO NETO;0028;0101;60;119;3;5;12;228;29
07650;COELHO NETO;0028;0105;121;107;3;12;13;280;24
07650;COELHO NETO;0028;0106;57;135;1;10;16;241;22
07650;COELHO NETO;0028;0109;73;97;2;7;9;217;29
07650;COELHO NETO;0028;0110;82;120;1;17;11;269;38
07650;COELHO NETO;0028;0111;81;116;1;5;14;255;38
07650;COELHO NETO;0028;0112;67;113;1;6;8;220;25
07650;COELHO NETO;0028;0114;61;61;3;2;5;147;15
07650;COELHO NETO;0028;0115;80;100;2;9;5;216;20
07650;COELHO NETO;0028;0117;69;133;1;7;10;268;48
07650;COELHO NETO;0028;0118;75;56;2;8;6;163;16
07650;COELHO NETO;0028;0119;76;126;0;6;18;262;36
07650;COELHO NETO;0028;0121;72;61;3;6;8;169;19
07650;COELHO NETO;0028;0122;67;120;1;12;11;234;23
07650;COELHO NETO;0028;0130;41;144;0;1;10;276;80
07650;COELHO NETO;0028;0131;60;157;0;2;1;256;36
07650;COELHO NETO;0028;0132;44;111;2;4;4;199;34
07650;COELHO NETO;0028;0133;41;115;0;4;3;193;30
07650;COELHO NETO;0028;0134;41;106;1;5;14;189;22
07650;COELHO NETO;0028;0135;46;193;0;1;4;266;22
07650;COELHO NETO;0028;0137;82;108;0;3;11;243;39
07650;COELHO NETO;0028;0138;47;112;2;1;5;207;40
07650;COELHO NETO;0028;0139;42;133;0;7;11;217;24
07650;COELHO NETO;0028;0140;84;98;1;5;6;223;29
07650;COELHO NETO;0028;0141;17;125;0;6;1;160;11
07650;COELHO NETO;0028;0147;79;136;1;12;18;284;38
07650;COELHO NETO;0028;0150;88;115;4;8;14;266;37
07650;COELHO NETO;0028;0154;69;158;1;9;10;281;34
07650;COELHO NETO;0028;0155;39;84;2;6;13;165;21
07650;COELHO NETO;0028;0158;83;144;1;9;13;286;36
07650;COELHO NETO;0028;0159;71;139;3;6;10;264;35
07650;COELHO NETO;0028;0160;67;110;1;5;7;213;23
07650;COELHO NETO;0028;0161;70;100;2;5;5;203;21
07650;COELHO NETO;0028;0162;50;150;0;3;9;266;54
07650;COELHO NETO;0028;0163;77;109;0;9;7;229;27
07650;COELHO NETO;0028;0164;94;138;2;7;11;270;18
07650;COELHO NETO;0028;0165;108;98;2;9;13;258;28
07650;COELHO NETO;0028;0166;51;87;0;4;1;163;20
07650;COELHO NETO;0028;0167;74;128;1;9;16;252;24
07650;COELHO NETO;0028;0168;80;113;1;11;5;243;33
07650;COELHO NETO;0028;0169;71;62;0;3;1;142;5
07650;COELHO NETO;0028;0171;31;94;0;1;2;145;17
07650;COELHO NETO;0028;0205;39;74;0;2;9;140;16
07650;COELHO NETO;0028;0206;15;72;0;2;1;94;4
07650;COELHO NETO;0028;0211;88;130;4;17;7;272;26
07846;LAGOA GRANDE DO MARANHÃO;0074;0035;108;105;3;4;14;282;48
07846;LAGOA GRANDE DO MARANHÃO;0074;0039;118;118;3;6;14;304;45
07846;LAGOA GRANDE DO MARANHÃO;0074;0060;109;116;4;4;6;268;29
07846;LAGOA GRANDE DO MARANHÃO;0074;0062;121;105;1;4;18;290;41
07846;LAGOA GRANDE DO MARANHÃO;0074;0077;121;120;1;3;16;314;53
07846;LAGOA GRANDE DO MARANHÃO;0074;0080;126;113;0;6;13;307;49
07846;LAGOA GRANDE DO MARANHÃO;0074;0089;136;127;1;4;10;331;53
07846;LAGOA GRANDE DO MARANHÃO;0074;0097;89;67;1;1;7;194;29
07846;LAGOA GRANDE DO MARANHÃO;0074;0099;121;105;4;1;14;300;55
07846;LAGOA GRANDE DO MARANHÃO;0074;0104;112;124;1;1;6;284;40
07846;LAGOA GRANDE DO MARANHÃO;0074;0115;128;117;3;8;16;311;39
07846;LAGOA GRANDE DO MARANHÃO;0074;0167;107;100;0;3;8;278;60
07846;LAGOA GRANDE DO MARANHÃO;0074;0170;98;80;0;0;7;215;30
07846;LAGOA GRANDE DO MARANHÃO;0074;0171;87;96;0;3;17;245;42
07846;LAGOA GRANDE DO MARANHÃO;0074;0175;93;130;2;3;7;266;31
07846;LAGOA GRANDE DO MARANHÃO;0074;0185;139;115;2;2;16;309;35
07846;LAGOA GRANDE DO MARANHÃO;0074;0220;124;114;2;0;12;292;40
07846;LAGOA GRANDE DO MARANHÃO;0074;0226;80;52;0;0;4;150;14
07846;LAGOA GRANDE DO MARANHÃO;0074;0227;101;86;1;1;6;232;37
07846;LAGOA GRANDE DO MARANHÃO;0074;0228;89;78;1;2;6;219;43
07846;LAGOA GRANDE DO MARANHÃO;0074;0229;84;75;0;2;14;228;53
07846;LAGOA GRANDE DO MARANHÃO;0074;0230;34;49;0;2;2;104;17
07846;LAGOA GRANDE DO MARANHÃO;0074;0238;129;117;3;10;9;302;34
07846;LAGOA GRANDE DO MARANHÃO;0074;0260;57;36;0;5;5;130;27
07846;LAGOA GRANDE DO MARANHÃO;0074;0298;124;98;5;6;14;280;33
07846;LAGOA GRANDE DO MARANHÃO;0074;0299;104;103;2;7;11;278;51
07846;LAGOA GRANDE DO MARANHÃO;0074;0300;111;101;6;8;10;263;27
07846;LAGOA GRANDE DO MARANHÃO;0074;0336;122;107;1;3;11;287;43
07846;LAGOA GRANDE DO MARANHÃO;0074;0337;132;86;4;3;13;282;44
07846;LAGOA GRANDE DO MARANHÃO;0074;0338;111;111;2;4;9;273;36
08052;SÃO LUÍS GONZAGA DO MARANHÃO;0035;0001;69;63;0;3;5;162;22
08052;SÃO LUÍS GONZAGA DO MARANHÃO;0035;0002;58;56;1;2;4;146;25
08052;SÃO LUÍS GONZAGA DO MARANHÃO;0035;0003;67;66;0;5;8;163;17
08052;SÃO LUÍS GONZAGA DO MARANHÃO;0035;0004;82;83;1;5;7;195;17
08052;SÃO LUÍS GONZAGA DO MARANHÃO;0035;0005;76;50;0;3;7;153;17
08052;SÃO LUÍS GONZAGA DO MARANHÃO;0035;0006;99;102;3;3;10;264;47
08052;SÃO LUÍS GONZAGA DO MARANHÃO;0035;0007;101;128;2;4;14;286;37
08052;SÃO LUÍS GONZAGA DO MARANHÃO;0035;0010;90;126;0;4;15;283;48
08052;SÃO LUÍS GONZAGA DO MARANHÃO;0035;0011;64;66;0;5;5;160;20
08052;SÃO LUÍS GONZAGA DO MARANHÃO;0035;0012;70;54;1;1;9;156;21
08052;SÃO LUÍS GONZAGA DO MARANHÃO;0035;0013;62;70;0;3;10;173;28
08052;SÃO LUÍS GONZAGA DO MARANHÃO;0035;0014;87;58;1;6;8;179;19
08052;SÃO LUÍS GONZAGA DO MARANHÃO;0035;0015;67;51;2;5;7;151;19
08052;SÃO LUÍS GONZAGA DO MARANHÃO;0035;0016;55;54;1;7;3;148;28
08052;SÃO LUÍS GONZAGA DO MARANHÃO;0035;0017;55;60;2;5;6;146;18
08052;SÃO LUÍS GONZAGA DO MARANHÃO;0035;0019;80;88;1;2;6;213;36
08052;SÃO LUÍS GONZAGA DO MARANHÃO;0035;0020;82;113;1;11;15;253;31
08052;SÃO LUÍS GONZAGA DO MARANHÃO;0035;0021;75;83;1;11;13;223;40
08052;SÃO LUÍS GONZAGA DO MARANHÃO;0035;0022;90;121;1;8;7;271;44
08052;SÃO LUÍS GONZAGA DO MARANHÃO;0035;0023;53;59;0;6;7;150;25
08052;SÃO LUÍS GONZAGA DO MARANHÃO;0035;0024;101;81;1;12;7;239;37
08052;SÃO LUÍS GONZAGA DO MARANHÃO;0035;0025;68;58;1;3;7;157;20
08052;SÃO LUÍS GONZAGA DO MARANHÃO;0035;0026;98;89;0;3;9;240;41
08052;SÃO LUÍS GONZAGA DO MARANHÃO;0035;0028;61;48;2;5;8;145;21
08052;SÃO LUÍS GONZAGA DO MARANHÃO;0035;0029;73;71;2;7;6;195;36
08052;SÃO LUÍS GONZAGA DO MARANHÃO;0035;0031;51;70;3;3;4;150;19
08052;SÃO LUÍS GONZAGA DO MARANHÃO;0035;0032;52;67;1;4;11;152;17
08052;SÃO LUÍS GONZAGA DO MARANHÃO;0035;0035;67;50;0;3;5;148;23
08052;SÃO LUÍS GONZAGA DO MARANHÃO;0035;0036;50;64;2;7;3;147;21
08052;SÃO LUÍS GONZAGA DO MARANHÃO;0035;0037;61;65;0;4;4;158;24
08052;SÃO LUÍS GONZAGA DO MARANHÃO;0035;0038;86;105;1;11;19;260;38
08052;SÃO LUÍS GONZAGA DO MARANHÃO;0035;0039;60;44;0;2;7;131;18
08052;SÃO LUÍS GONZAGA DO MARANHÃO;0035;0040;103;107;3;3;13;268;39
08052;SÃO LUÍS GONZAGA DO MARANHÃO;0035;0042;124;109;1;3;14;289;38
08052;SÃO LUÍS GONZAGA DO MARANHÃO;0035;0044;87;105;4;8;8;240;28
08052;SÃO LUÍS GONZAGA DO MARANHÃO;0035;0045;85;83;0;8;8;213;29
08052;SÃO LUÍS GONZAGA DO MARANHÃO;0035;0046;84;98;0;7;13;239;37
08052;SÃO LUÍS GONZAGA DO MARANHÃO;0035;0047;77;95;0;2;8;205;23
08052;SÃO LUÍS GONZAGA DO MARANHÃO;0035;0050;72;90;0;3;12;213;36
08052;SÃO LUÍS GONZAGA DO MARANHÃO;0035;0051;83;84;1;8;13;217;28
08052;SÃO LUÍS GONZAGA DO MARANHÃO;0035;0052;95;68;4;8;12;212;25
08052;SÃO LUÍS GONZAGA DO MARANHÃO;0035;0053;88;79;6;6;19;235;37
08052;SÃO LUÍS GONZAGA DO MARANHÃO;0035;0054;88;86;0;7;7;223;35
08052;SÃO LUÍS GONZAGA DO MARANHÃO;0035;0056;105;82;1;4;6;221;23
08052;SÃO LUÍS GONZAGA DO MARANHÃO;0035;0057;97;92;1;4;13;256;49
08052;SÃO LUÍS GONZAGA DO MARANHÃO;0035;0058;59;120;0;6;11;217;21
08052;SÃO LUÍS GONZAGA DO MARANHÃO;0035;0059;67;145;0;13;10;270;35
08052;SÃO LUÍS GONZAGA DO MARANHÃO;0035;0060;92;120;0;6;2;261;41
08052;SÃO LUÍS GONZAGA DO MARANHÃO;0035;0061;80;151;1;9;13;277;23
08052;SÃO LUÍS GONZAGA DO MARANHÃO;0035;0062;99;84;1;8;11;236;33
08052;SÃO LUÍS GONZAGA DO MARANHÃO;0035;0063;86;108;0;7;12;262;49
08052;SÃO LUÍS GONZAGA DO MARANHÃO;0035;0064;43;138;1;1;7;216;26
08052;SÃO LUÍS GONZAGA DO MARANHÃO;0035;0065;66;137;1;7;8;258;39
08052;SÃO LUÍS GONZAGA DO MARANHÃO;0035;0066;68;147;1;6;15;271;34
08052;SÃO LUÍS GONZAGA DO MARANHÃO;0035;0067;83;88;1;12;10;243;49
08052;SÃO LUÍS GONZAGA DO MARANHÃO;0035;0068;85;86;3;7;11;227;35
08052;SÃO LUÍS GONZAGA DO MARANHÃO;0035;0069;88;91;0;13;16;249;41
08052;SÃO LUÍS GONZAGA DO MARANHÃO;0035;0070;95;104;1;6;13;250;31
08052;SÃO LUÍS GONZAGA DO MARANHÃO;0035;0071;52;113;2;6;15;209;21
08052;SÃO LUÍS GONZAGA DO MARANHÃO;0035;0129;109;75;5;14;5;232;24
08052;SÃO LUÍS GONZAGA DO MARANHÃO;0035;0134;47;66;1;7;4;145;20
08052;SÃO LUÍS GONZAGA DO MARANHÃO;0035;0135;73;76;3;5;7;184;20
08060;PEDRO DO ROSÁRIO;0106;0002;88;87;0;1;9;207;22
08060;PEDRO DO ROSÁRIO;0106;0003;99;73;0;3;7;200;18
08060;PEDRO DO ROSÁRIO;0106;0004;105;78;0;1;3;208;21
08060;PEDRO DO ROSÁRIO;0106;0005;111;67;1;2;7;203;15
08060;PEDRO DO ROSÁRIO;0106;0006;91;77;1;3;15;204;17
08060;PEDRO DO ROSÁRIO;0106;0007;91;81;1;4;5;194;12
08060;PEDRO DO ROSÁRIO;0106;0008;113;77;0;1;7;206;8
08060;PEDRO DO ROSÁRIO;0106;0009;122;63;0;3;10;213;15
08060;PEDRO DO ROSÁRIO;0106;0010;104;68;0;1;6;193;14
08060;PEDRO DO ROSÁRIO;0106;0011;104;57;0;2;16;188;9
08060;PEDRO DO ROSÁRIO;0106;0012;95;65;0;4;14;190;12
08060;PEDRO DO ROSÁRIO;0106;0013;102;75;1;1;11;205;15
08060;PEDRO DO ROSÁRIO;0106;0016;134;88;0;1;9;263;31
08060;PEDRO DO ROSÁRIO;0106;0017;52;44;1;0;5;118;16
08060;PEDRO DO ROSÁRIO;0106;0019;74;51;0;1;2;139;11
08060;PEDRO DO ROSÁRIO;0106;0020;75;57;0;2;11;156;11
08060;PEDRO DO ROSÁRIO;0106;0021;133;81;2;3;8;246;19
08060;PEDRO DO ROSÁRIO;0106;0022;147;83;0;1;17;269;21
08060;PEDRO DO ROSÁRIO;0106;0023;119;87;0;1;13;240;20
08060;PEDRO DO ROSÁRIO;0106;0024;101;82;1;4;13;218;17
08060;PEDRO DO ROSÁRIO;0106;0025;76;85;1;1;9;182;10
08060;PEDRO DO ROSÁRIO;0106;0026;90;80;0;4;14;196;8
08060;PEDRO DO ROSÁRIO;0106;0027;90;70;0;2;15;198;21
08060;PEDRO DO ROSÁRIO;0106;0028;96;69;0;0;12;188;11
08060;PEDRO DO ROSÁRIO;0106;0029;112;79;0;1;14;236;30
08060;PEDRO DO ROSÁRIO;0106;0030;121;79;1;2;10;233;20
08060;PEDRO DO ROSÁRIO;0106;0032;76;88;4;1;15;207;23
08060;PEDRO DO ROSÁRIO;0106;0034;81;91;3;2;6;211;28
08060;PEDRO DO ROSÁRIO;0106;0035;95;78;0;1;5;199;20
08060;PEDRO DO ROSÁRIO;0106;0036;88;71;0;1;13;204;31
08060;PEDRO DO ROSÁRIO;0106;0037;100;76;1;3;14;212;18
08060;PEDRO DO ROSÁRIO;0106;0041;102;77;2;4;13;220;22
08060;PEDRO DO ROSÁRIO;0106;0042;108;78;1;2;2;222;31
08060;PEDRO DO ROSÁRIO;0106;0043;84;97;1;4;10;231;35
08060;PEDRO DO ROSÁRIO;0106;0044;94;96;0;3;8;224;23
08060;PEDRO DO ROSÁRIO;0106;0049;89;70;0;3;4;178;12
08060;PEDRO DO ROSÁRIO;0106;0050;80;80;1;1;8;186;16
08060;PEDRO DO ROSÁRIO;0106;0051;113;38;0;4;5;183;23
08060;PEDRO DO ROSÁRIO;0106;0052;102;130;1;2;7;275;33
08060;PEDRO DO ROSÁRIO;0106;0053;57;67;1;2;14;178;37
08060;PEDRO DO ROSÁRIO;0106;0054;110;93;0;6;10;265;46
08060;PEDRO DO ROSÁRIO;0106;0055;95;66;0;2;16;198;19
08060;PEDRO DO ROSÁRIO;0106;0056;96;56;1;3;17;189;16
08060;PEDRO DO ROSÁRIO;0106;0057;113;97;0;2;14;250;24
08060;PEDRO DO ROSÁRIO;0106;0157;76;59;3;1;12;169;18
08060;PEDRO DO ROSÁRIO;0106;0161;56;58;1;4;11;152;22
08060;PEDRO DO ROSÁRIO;0106;0162;113;64;2;3;13;221;26
08060;PEDRO DO ROSÁRIO;0106;0163;86;57;0;3;12;175;17
08060;PEDRO DO ROSÁRIO;0106;0166;71;64;2;3;7;166;19
08060;PEDRO DO ROSÁRIO;0106;0167;90;102;0;1;22;231;16
08060;PEDRO DO ROSÁRIO;0106;0170;88;62;1;4;5;184;24
08060;PEDRO DO ROSÁRIO;0106;0173;54;70;4;1;5;167;33
08060;PEDRO DO ROSÁRIO;0106;0179;103;41;2;3;2;164;13
08060;PEDRO DO ROSÁRIO;0106;0185;86;40;0;2;5;154;21
08060;PEDRO DO ROSÁRIO;0106;0186;12;16;0;0;4;55;23
08060;PEDRO DO ROSÁRIO;0106;0190;58;63;0;2;9;181;49
08060;PEDRO DO ROSÁRIO;0106;0193;71;36;1;1;7;128;12
08060;PEDRO DO ROSÁRIO;0106;0196;129;75;0;1;10;225;10
08060;PEDRO DO ROSÁRIO;0106;0209;36;31;1;0;0;87;19
08060;PEDRO DO ROSÁRIO;0106;0214;113;59;1;4;5;210;28
08060;PEDRO DO ROSÁRIO;0106;0221;58;63;0;0;7;165;37
08060;PEDRO DO ROSÁRIO;0106;0222;98;75;0;2;2;198;21
08060;PEDRO DO ROSÁRIO;0106;0226;66;43;0;2;2;128;15
08060;PEDRO DO ROSÁRIO;0106;0229;103;36;1;1;3;162;18
08060;PEDRO DO ROSÁRIO;0106;0231;101;56;0;3;5;178;13
08060;PEDRO DO ROSÁRIO;0106;0237;96;119;2;0;11;243;15
08060;PEDRO DO ROSÁRIO;0106;0238;125;101;2;1;6;252;17
08060;PEDRO DO ROSÁRIO;0106;0239;81;68;1;6;8;176;12
08060;PEDRO DO ROSÁRIO;0106;0241;46;41;0;2;2;97;6
08060;PEDRO DO ROSÁRIO;0106;0243;19;48;2;2;5;114;38
08060;PEDRO DO ROSÁRIO;0106;0247;54;50;1;0;4;121;12
08060;PEDRO DO ROSÁRIO;0106;0252;52;47;0;1;5;122;17
08257;MAGALHÃES DE ALMEIDA;0051;0012;82;33;1;7;13;155;19
08257;MAGALHÃES DE ALMEIDA;0051;0044;157;52;5;3;7;239;15
08257;MAGALHÃES DE ALMEIDA;0051;0047;159;83;0;5;12;285;26
08257;MAGALHÃES DE ALMEIDA;0051;0048;121;52;1;5;7;195;9
08257;MAGALHÃES DE ALMEIDA;0051;0051;119;43;2;5;16;196;11
08257;MAGALHÃES DE ALMEIDA;0051;0053;121;51;2;6;15;206;11
08257;MAGALHÃES DE ALMEIDA;0051;0057;105;67;0;6;13;211;20
08257;MAGALHÃES DE ALMEIDA;0051;0061;122;51;2;8;6;199;10
08257;MAGALHÃES DE ALMEIDA;0051;0062;79;47;2;2;11;152;11
08257;MAGALHÃES DE ALMEIDA;0051;0073;98;53;0;7;8;176;10
08257;MAGALHÃES DE ALMEIDA;0051;0082;72;37;1;7;10;137;10
08257;MAGALHÃES DE ALMEIDA;0051;0085;95;46;1;1;5;187;39
08257;MAGALHÃES DE ALMEIDA;0051;0088;77;13;0;8;7;109;4
08257;MAGALHÃES DE ALMEIDA;0051;0090;118;49;0;4;9;200;20
08257;MAGALHÃES DE ALMEIDA;0051;0101;118;45;1;9;12;200;15
08257;MAGALHÃES DE ALMEIDA;0051;0102;106;87;0;4;8;223;18
08257;MAGALHÃES DE ALMEIDA;0051;0123;150;65;2;7;20;300;56
08257;MAGALHÃES DE ALMEIDA;0051;0132;121;65;2;5;8;211;10
08257;MAGALHÃES DE ALMEIDA;0051;0133;112;45;0;5;8;184;14
08257;MAGALHÃES DE ALMEIDA;0051;0135;84;53;1;5;6;156;7
08257;MAGALHÃES DE ALMEIDA;0051;0144;101;57;0;2;13;193;20
08257;MAGALHÃES DE ALMEIDA;0051;0145;95;57;3;3;13;187;16
08257;MAGALHÃES DE ALMEIDA;0051;0146;133;67;1;6;8;223;8
08257;MAGALHÃES DE ALMEIDA;0051;0147;72;57;1;1;10;148;7
08257;MAGALHÃES DE ALMEIDA;0051;0153;97;74;0;6;14;280;89
08257;MAGALHÃES DE ALMEIDA;0051;0158;149;74;2;9;11;266;21
08257;MAGALHÃES DE ALMEIDA;0051;0162;58;36;0;6;4;113;9
08257;MAGALHÃES DE ALMEIDA;0051;0172;125;61;2;9;11;220;12
08257;MAGALHÃES DE ALMEIDA;0051;0173;150;76;3;13;5;263;16
08257;MAGALHÃES DE ALMEIDA;0051;0174;118;69;1;10;7;213;8
08257;MAGALHÃES DE ALMEIDA;0051;0178;75;34;3;7;5;135;11
08257;MAGALHÃES DE ALMEIDA;0051;0180;101;53;1;4;7;173;7
08257;MAGALHÃES DE ALMEIDA;0051;0181;94;46;1;6;5;164;12
08257;MAGALHÃES DE ALMEIDA;0051;0182;102;45;0;4;9;173;13
08257;MAGALHÃES DE ALMEIDA;0051;0183;80;46;0;2;12;149;9
08257;MAGALHÃES DE ALMEIDA;0051;0184;110;44;2;5;4;169;4
08257;MAGALHÃES DE ALMEIDA;0051;0185;94;57;1;2;10;182;18
08257;MAGALHÃES DE ALMEIDA;0051;0187;123;53;4;7;12;211;12
08257;MAGALHÃES DE ALMEIDA;0051;0188;127;51;3;6;7;207;13
08257;MAGALHÃES DE ALMEIDA;0051;0189;145;51;5;5;6;219;7
08257;MAGALHÃES DE ALMEIDA;0051;0190;86;54;0;3;8;173;22
08257;MAGALHÃES DE ALMEIDA;0051;0191;82;37;0;6;8;149;16
08257;MAGALHÃES DE ALMEIDA;0051;0192;105;78;3;3;10;211;12
08257;MAGALHÃES DE ALMEIDA;0051;0193;104;72;4;4;14;217;19
08257;MAGALHÃES DE ALMEIDA;0051;0194;130;61;2;6;10;217;8
08257;MAGALHÃES DE ALMEIDA;0051;0195;90;62;0;4;9;183;18
08257;MAGALHÃES DE ALMEIDA;0051;0196;97;48;0;3;7;164;9
08257;MAGALHÃES DE ALMEIDA;0051;0197;121;58;2;4;10;213;18
08257;MAGALHÃES DE ALMEIDA;0051;0199;97;44;0;2;9;160;8
08257;MAGALHÃES DE ALMEIDA;0051;0200;102;40;0;3;4;155;6
08257;MAGALHÃES DE ALMEIDA;0051;0201;131;47;1;8;9;204;8
08435;NINA RODRIGUES;0050;0045;108;108;0;3;6;248;23
08435;NINA RODRIGUES;0050;0055;105;98;2;4;9;232;14
08435;NINA RODRIGUES;0050;0061;112;95;0;1;6;233;19
08435;NINA RODRIGUES;0050;0070;137;115;4;2;8;283;17
08435;NINA RODRIGUES;0050;0079;92;129;1;1;8;257;26
08435;NINA RODRIGUES;0050;0088;45;94;0;1;12;196;44
08435;NINA RODRIGUES;0050;0096;83;131;1;3;4;298;76
08435;NINA RODRIGUES;0050;0097;65;119;0;0;15;223;24
08435;NINA RODRIGUES;0050;0102;63;79;1;4;15;213;51
08435;NINA RODRIGUES;0050;0109;50;145;0;1;7;261;58
08435;NINA RODRIGUES;0050;0111;52;92;0;3;4;184;33
08435;NINA RODRIGUES;0050;0112;30;165;1;0;15;233;22
08435;NINA RODRIGUES;0050;0130;64;93;0;3;4;196;32
08435;NINA RODRIGUES;0050;0136;30;85;1;0;6;171;49
08435;NINA RODRIGUES;0050;0139;9;88;1;0;4;112;10
08435;NINA RODRIGUES;0050;0140;78;110;1;2;10;211;10
08435;NINA RODRIGUES;0050;0141;61;136;0;0;3;214;14
08435;NINA RODRIGUES;0050;0146;29;94;0;1;8;157;25
08435;NINA RODRIGUES;0050;0155;48;137;2;2;8;218;21
08435;NINA RODRIGUES;0050;0170;31;86;0;0;4;155;34
08435;NINA RODRIGUES;0050;0187;60;91;1;1;8;195;34
08435;NINA RODRIGUES;0050;0188;102;76;0;4;7;221;32
08435;NINA RODRIGUES;0050;0195;104;78;2;0;3;201;14
08435;NINA RODRIGUES;0050;0196;87;59;0;1;8;162;7
08435;NINA RODRIGUES;0050;0200;84;75;1;1;7;175;7
08435;NINA RODRIGUES;0050;0203;49;61;0;2;8;129;9
08435;NINA RODRIGUES;0050;0204;105;118;0;1;12;259;23
08435;NINA RODRIGUES;0050;0207;77;81;1;1;8;182;14
08435;NINA RODRIGUES;0050;0209;77;81;0;3;4;183;18
08435;NINA RODRIGUES;0050;0211;107;89;3;2;4;229;24
08435;NINA RODRIGUES;0050;0213;91;84;1;0;20;217;21
08435;NINA RODRIGUES;0050;0215;101;93;0;0;12;228;22
08435;NINA RODRIGUES;0050;0217;80;90;1;1;7;197;18
08435;NINA RODRIGUES;0050;0218;85;93;0;1;12;218;27
08435;NINA RODRIGUES;0050;0220;112;93;4;1;10;234;14
08435;NINA RODRIGUES;0050;0222;80;86;2;2;18;211;23
08435;NINA RODRIGUES;0050;0225;75;88;0;1;8;190;18
08435;NINA RODRIGUES;0050;0226;68;81;2;2;9;177;15
08435;NINA RODRIGUES;0050;0232;98;70;0;2;8;191;13
08435;NINA RODRIGUES;0050;0237;87;77;0;0;12;191;15
08508;SENADOR LA ROCQUE;0058;0042;69;61;4;6;7;168;21
08508;SENADOR LA ROCQUE;0058;0043;74;62;7;3;4;161;11
08508;SENADOR LA ROCQUE;0058;0044;79;63;3;1;9;168;13
08508;SENADOR LA ROCQUE;0058;0045;81;61;3;7;5;168;11
08508;SENADOR LA ROCQUE;0058;0046;77;74;3;5;7;177;11
08508;SENADOR LA ROCQUE;0058;0047;69;67;4;4;6;166;16
08508;SENADOR LA ROCQUE;0058;0048;86;61;6;1;6;173;13
08508;SENADOR LA ROCQUE;0058;0049;78;68;2;6;7;177;16
08508;SENADOR LA ROCQUE;0058;0050;73;70;3;5;8;178;19
08508;SENADOR LA ROCQUE;0058;0051;72;72;7;4;7;178;16
08508;SENADOR LA ROCQUE;0058;0072;40;103;6;5;4;172;14
08508;SENADOR LA ROCQUE;0058;0073;54;94;2;3;5;171;13
08508;SENADOR LA ROCQUE;0058;0074;45;96;1;3;12;170;13
08508;SENADOR LA ROCQUE;0058;0078;100;165;4;3;10;313;31
08508;SENADOR LA ROCQUE;0058;0088;69;63;4;4;7;163;16
08508;SENADOR LA ROCQUE;0058;0089;94;68;5;1;15;200;17
08508;SENADOR LA ROCQUE;0058;0090;110;76;2;4;11;219;16
08508;SENADOR LA ROCQUE;0058;0097;43;88;0;1;11;166;23
08508;SENADOR LA ROCQUE;0058;0098;112;99;4;1;9;267;42
08508;SENADOR LA ROCQUE;0058;0101;81;84;2;5;15;217;30
08508;SENADOR LA ROCQUE;0058;0102;89;72;5;2;11;209;30
08508;SENADOR LA ROCQUE;0058;0103;88;76;3;2;16;214;29
08508;SENADOR LA ROCQUE;0058;0104;100;98;7;7;5;240;23
08508;SENADOR LA ROCQUE;0058;0105;104;88;2;8;7;227;18
08508;SENADOR LA ROCQUE;0058;0106;95;107;9;4;8;238;15
08508;SENADOR LA ROCQUE;0058;0107;100;110;6;6;15;251;14
08508;SENADOR LA ROCQUE;0058;0109;84;110;3;2;18;236;19
08508;SENADOR LA ROCQUE;0058;0120;55;60;7;5;9;166;30
08508;SENADOR LA ROCQUE;0058;0130;118;97;8;5;14;268;26
08508;SENADOR LA ROCQUE;0058;0133;105;128;5;8;10;288;32
08508;SENADOR LA ROCQUE;0058;0134;100;107;3;2;13;243;18
08508;SENADOR LA ROCQUE;0058;0135;100;123;7;8;14;280;28
08508;SENADOR LA ROCQUE;0058;0139;71;92;3;7;6;196;17
08508;SENADOR LA ROCQUE;0058;0140;91;84;6;6;3;217;27
08508;SENADOR LA ROCQUE;0058;0142;42;89;3;5;5;150;6
08508;SENADOR LA ROCQUE;0058;0144;71;69;1;3;7;169;18
08508;SENADOR LA ROCQUE;0058;0146;80;76;3;6;10;192;17
08508;SENADOR LA ROCQUE;0058;0148;85;56;10;3;5;176;17
08508;SENADOR LA ROCQUE;0058;0152;75;82;3;4;11;191;16
08508;SENADOR LA ROCQUE;0058;0154;72;70;10;6;7;183;18
08508;SENADOR LA ROCQUE;0058;0165;77;83;2;4;10;192;16
08508;SENADOR LA ROCQUE;0058;0174;87;77;2;0;6;197;25
08508;SENADOR LA ROCQUE;0058;0178;13;39;1;1;1;76;21
08508;SENADOR LA ROCQUE;0058;0183;84;92;4;2;11;206;13
08508;SENADOR LA ROCQUE;0058;0185;96;112;1;10;10;256;27
08508;SENADOR LA ROCQUE;0058;0188;63;106;3;8;8;204;16
08508;SENADOR LA ROCQUE;0058;0197;103;108;4;3;5;238;15
08508;SENADOR LA ROCQUE;0058;0200;104;77;6;1;16;224;20
08508;SENADOR LA ROCQUE;0058;0204;95;82;3;3;7;202;12
08567;TRIZIDELA DO VALE;0009;0050;120;85;9;7;10;259;28
08567;TRIZIDELA DO VALE;0009;0051;111;91;6;10;16;264;30
08567;TRIZIDELA DO VALE;0009;0052;136;101;4;10;10;286;25
08567;TRIZIDELA DO VALE;0009;0053;146;87;7;7;13;287;27
08567;TRIZIDELA DO VALE;0009;0054;157;84;4;9;7;284;23
08567;TRIZIDELA DO VALE;0009;0055;134;96;5;7;9;271;20
08567;TRIZIDELA DO VALE;0009;0056;86;68;3;4;11;194;22
08567;TRIZIDELA DO VALE;0009;0057;84;73;3;7;7;190;16
08567;TRIZIDELA DO VALE;0009;0058;82;72;4;4;9;195;24
08567;TRIZIDELA DO VALE;0009;0059;100;88;4;6;15;246;33
08567;TRIZIDELA DO VALE;0009;0060;89;67;5;5;10;202;26
08567;TRIZIDELA DO VALE;0009;0061;103;80;0;9;12;240;36
08567;TRIZIDELA DO VALE;0009;0062;86;92;2;4;13;229;32
08567;TRIZIDELA DO VALE;0009;0063;93;88;4;4;13;228;26
08567;TRIZIDELA DO VALE;0009;0064;103;81;2;8;15;247;38
08567;TRIZIDELA DO VALE;0009;0065;136;107;3;8;12;295;29
08567;TRIZIDELA DO VALE;0009;0066;140;110;4;12;15;302;21
08567;TRIZIDELA DO VALE;0009;0067;51;116;0;3;13;202;19
08567;TRIZIDELA DO VALE;0009;0068;56;121;0;2;10;205;16
08567;TRIZIDELA DO VALE;0009;0069;119;126;2;12;20;308;29
08567;TRIZIDELA DO VALE;0009;0078;61;114;3;8;13;221;22
08567;TRIZIDELA DO VALE;0009;0089;94;77;7;6;5;205;16
08567;TRIZIDELA DO VALE;0009;0094;85;99;4;7;7;228;26
08567;TRIZIDELA DO VALE;0009;0098;155;85;6;7;10;286;23
08567;TRIZIDELA DO VALE;0009;0102;82;90;0;7;10;223;34
08567;TRIZIDELA DO VALE;0009;0105;85;83;1;15;4;214;26
08567;TRIZIDELA DO VALE;0009;0115;142;113;7;10;13;307;22
08567;TRIZIDELA DO VALE;0009;0117;89;82;1;8;9;211;22
08567;TRIZIDELA DO VALE;0009;0118;59;118;2;7;5;206;15
08567;TRIZIDELA DO VALE;0009;0119;138;89;4;6;13;271;21
08567;TRIZIDELA DO VALE;0009;0124;149;88;4;9;14;290;26
08567;TRIZIDELA DO VALE;0009;0126;139;95;5;6;15;287;27
08567;TRIZIDELA DO VALE;0009;0130;146;78;5;9;7;270;25
08567;TRIZIDELA DO VALE;0009;0131;113;87;4;5;6;239;24
08567;TRIZIDELA DO VALE;0009;0135;156;70;3;6;17;280;28
08567;TRIZIDELA DO VALE;0009;0136;100;100;1;8;9;248;30
08567;TRIZIDELA DO VALE;0009;0140;107;92;3;13;19;254;20
08567;TRIZIDELA DO VALE;0009;0141;120;81;0;5;14;241;21
08567;TRIZIDELA DO VALE;0009;0142;86;86;0;12;9;215;22
08567;TRIZIDELA DO VALE;0009;0143;54;91;5;2;6;174;16
08567;TRIZIDELA DO VALE;0009;0148;162;98;6;10;5;299;18
08567;TRIZIDELA DO VALE;0009;0155;113;89;3;8;6;240;21
08567;TRIZIDELA DO VALE;0009;0157;56;107;0;3;6;189;17
08567;TRIZIDELA DO VALE;0009;0161;165;85;2;4;15;296;25
08567;TRIZIDELA DO VALE;0009;0165;144;110;8;4;11;306;29
08567;TRIZIDELA DO VALE;0009;0166;97;110;4;7;18;265;29
08567;TRIZIDELA DO VALE;0009;0169;91;72;1;5;9;200;22
08567;TRIZIDELA DO VALE;0009;0171;157;85;5;10;14;286;15
08567;TRIZIDELA DO VALE;0009;0172;106;93;1;10;12;256;34
08567;TRIZIDELA DO VALE;0009;0177;113;75;1;4;14;231;24
08567;TRIZIDELA DO VALE;0009;0178;110;95;3;8;18;260;26
08567;TRIZIDELA DO VALE;0009;0184;109;94;4;8;12;256;29
08567;TRIZIDELA DO VALE;0009;0189;112;78;2;10;11;243;30
08567;TRIZIDELA DO VALE;0009;0195;136;74;3;7;9;251;22
08567;TRIZIDELA DO VALE;0009;0198;95;78;2;4;11;215;25
08567;TRIZIDELA DO VALE;0009;0199;171;88;8;7;7;298;17
08605;TURILÂNDIA;0083;0065;78;47;1;1;4;149;18
08605;TURILÂNDIA;0083;0066;125;15;0;0;11;170;19
08605;TURILÂNDIA;0083;0067;122;11;0;1;7;161;20
08605;TURILÂNDIA;0083;0068;106;19;0;3;9;149;12
08605;TURILÂNDIA;0083;0069;115;17;2;3;9;171;25
08605;TURILÂNDIA;0083;0070;104;36;2;3;9;178;24
08605;TURILÂNDIA;0083;0071;120;18;0;1;5;158;14
08605;TURILÂNDIA;0083;0072;68;15;0;2;3;98;10
08605;TURILÂNDIA;0083;0073;62;67;2;2;8;163;22
08605;TURILÂNDIA;0083;0074;103;22;0;8;6;158;19
08605;TURILÂNDIA;0083;0075;144;30;1;6;8;217;28
08605;TURILÂNDIA;0083;0076;118;25;0;6;8;182;25
08605;TURILÂNDIA;0083;0077;119;22;2;2;9;182;28
08605;TURILÂNDIA;0083;0078;161;23;1;3;4;208;16
08605;TURILÂNDIA;0083;0084;158;36;1;4;5;223;19
08605;TURILÂNDIA;0083;0085;96;39;1;4;12;169;17
08605;TURILÂNDIA;0083;0086;141;39;0;2;11;215;22
08605;TURILÂNDIA;0083;0087;136;35;1;1;13;213;27
08605;TURILÂNDIA;0083;0089;168;26;0;1;6;219;18
08605;TURILÂNDIA;0083;0090;134;30;2;4;10;203;23
08605;TURILÂNDIA;0083;0091;121;23;0;7;8;178;19
08605;TURILÂNDIA;0083;0092;155;23;3;4;10;210;15
08605;TURILÂNDIA;0083;0095;80;43;1;1;7;152;20
08605;TURILÂNDIA;0083;0096;103;32;0;1;4;151;11
08605;TURILÂNDIA;0083;0097;121;33;1;3;4;177;15
08605;TURILÂNDIA;0083;0098;152;18;2;5;5;191;9
08605;TURILÂNDIA;0083;0099;112;10;3;1;4;149;19
08605;TURILÂNDIA;0083;0102;146;97;0;0;8;263;12
08605;TURILÂNDIA;0083;0103;85;24;0;5;5;129;10
08605;TURILÂNDIA;0083;0104;118;17;0;2;8;158;13
08605;TURILÂNDIA;0083;0116;110;29;1;3;7;174;24
08605;TURILÂNDIA;0083;0123;89;51;2;1;5;155;7
08605;TURILÂNDIA;0083;0124;138;34;0;1;9;201;19
08605;TURILÂNDIA;0083;0125;111;21;1;2;5;154;14
08605;TURILÂNDIA;0083;0126;144;28;1;4;7;192;8
08605;TURILÂNDIA;0083;0127;76;46;1;1;7;148;17
08605;TURILÂNDIA;0083;0133;106;20;1;1;5;146;13
08605;TURILÂNDIA;0083;0134;157;16;1;6;11;210;19
08605;TURILÂNDIA;0083;0135;106;20;0;4;3;148;15
08605;TURILÂNDIA;0083;0137;205;26;4;7;7;266;17
08605;TURILÂNDIA;0083;0139;136;25;2;0;6;183;14
08605;TURILÂNDIA;0083;0141;137;27;0;0;7;176;5
08605;TURILÂNDIA;0083;0143;145;31;1;4;9;204;14
08605;TURILÂNDIA;0083;0147;102;21;0;1;9;148;15
08605;TURILÂNDIA;0083;0148;32;45;0;0;3;85;5
08605;TURILÂNDIA;0083;0149;129;24;0;2;10;180;15
08605;TURILÂNDIA;0083;0151;200;36;0;3;6;258;13
08605;TURILÂNDIA;0083;0154;154;18;1;2;6;189;8
08605;TURILÂNDIA;0083;0156;65;65;0;0;7;164;27
08605;TURILÂNDIA;0083;0158;59;53;0;0;8;128;8
08605;TURILÂNDIA;0083;0159;40;39;0;9;4;107;15
08605;TURILÂNDIA;0083;0161;40;23;0;1;5;73;4
08605;TURILÂNDIA;0083;0162;195;28;4;3;4;250;16
08605;TURILÂNDIA;0083;0164;151;20;0;1;7;194;15
08605;TURILÂNDIA;0083;0165;139;36;0;0;7;194;12
08605;TURILÂNDIA;0083;0166;116;19;1;1;2;149;10
08605;TURILÂNDIA;0083;0176;143;22;2;5;14;204;18
08605;TURILÂNDIA;0083;0180;173;28;2;2;11;239;23
08605;TURILÂNDIA;0083;0181;36;14;0;1;3;59;5
08605;TURILÂNDIA;0083;0182;219;32;2;3;9;287;22
08605;TURILÂNDIA;0083;0183;53;6;0;3;0;72;10
08605;TURILÂNDIA;0083;0184;144;35;0;8;9;212;16
08605;TURILÂNDIA;0083;0185;125;23;0;2;15;182;17
08605;TURILÂNDIA;0083;0186;111;15;3;0;7;150;14
08605;TURILÂNDIA;0083;0187;225;28;4;1;7;278;13
08605;TURILÂNDIA;0083;0188;174;23;1;5;6;222;13
08630;PENALVA;0045;0001;83;71;2;1;3;171;11
08630;PENALVA;0045;0002;80;77;0;4;5;180;14
08630;PENALVA;0045;0003;53;86;1;2;7;160;11
08630;PENALVA;0045;0004;76;88;1;2;0;178;11
08630;PENALVA;0045;0005;70;98;1;2;4;197;22
08630;PENALVA;0045;0006;58;82;1;1;4;157;11
08630;PENALVA;0045;0007;59;58;1;2;7;145;18
08630;PENALVA;0045;0008;61;76;0;2;5;154;10
08630;PENALVA;0045;0009;73;74;1;1;9;180;22
08630;PENALVA;0045;0010;71;94;1;0;12;192;14
08630;PENALVA;0045;0011;58;79;0;2;8;162;15
08630;PENALVA;0045;0012;80;105;2;6;7;221;21
08630;PENALVA;0045;0013;91;96;0;2;7;220;24
08630;PENALVA;0045;0014;64;86;1;0;3;173;19
08630;PENALVA;0045;0015;68;80;1;0;3;170;18
08630;PENALVA;0045;0016;88;98;1;6;15;229;21
08630;PENALVA;0045;0017;82;87;0;2;8;200;21
08630;PENALVA;0045;0018;81;93;1;0;5;190;10
08630;PENALVA;0045;0022;42;94;1;3;9;170;21
08630;PENALVA;0045;0023;47;115;0;0;5;179;12
08630;PENALVA;0045;0025;53;135;0;3;5;239;43
08630;PENALVA;0045;0026;53;53;0;0;2;113;5
08630;PENALVA;0045;0027;59;114;0;0;4;197;20
08630;PENALVA;0045;0028;59;119;0;1;8;195;8
08630;PENALVA;0045;0029;54;105;1;4;10;187;13
08630;PENALVA;0045;0030;81;105;3;1;8;219;21
08630;PENALVA;0045;0031;69;114;1;2;8;206;12
08630;PENALVA;0045;0032;60;102;2;3;3;188;18
08630;PENALVA;0045;0033;72;107;0;3;7;206;17
08630;PENALVA;0045;0034;75;106;1;3;11;210;14
08630;PENALVA;0045;0036;33;108;0;0;7;170;22
08630;PENALVA;0045;0038;66;87;0;1;11;196;31
08630;PENALVA;0045;0041;63;80;2;2;14;200;39
08630;PENALVA;0045;0042;32;59;1;0;2;119;25
08630;PENALVA;0045;0044;71;70;0;4;7;171;19
08630;PENALVA;0045;0045;84;65;1;6;9;182;17
08630;PENALVA;0045;0051;78;90;1;3;5;197;20
08630;PENALVA;0045;0052;73;59;0;3;4;157;18
08630;PENALVA;0045;0053;32;125;0;0;11;190;22
08630;PENALVA;0045;0055;93;67;1;3;5;182;13
08630;PENALVA;0045;0056;70;115;0;3;9;223;26
08630;PENALVA;0045;0057;120;124;2;3;13;285;23
08630;PENALVA;0045;0059;85;75;1;4;5;184;14
08630;PENALVA;0045;0060;21;45;0;1;11;87;9
08630;PENALVA;0045;0061;30;90;1;2;3;187;61
08630;PENALVA;0045;0062;74;94;0;2;13;225;42
08630;PENALVA;0045;0063;16;67;0;1;5;138;49
08630;PENALVA;0045;0066;104;74;0;6;8;223;31
08630;PENALVA;0045;0067;73;132;0;2;9;242;26
08630;PENALVA;0045;0068;60;93;1;2;2;175;17
08630;PENALVA;0045;0070;22;38;0;0;4;73;9
08630;PENALVA;0045;0075;63;80;1;5;4;170;17
08630;PENALVA;0045;0076;76;107;0;3;7;211;18
08630;PENALVA;0045;0078;87;97;0;2;10;208;12
08630;PENALVA;0045;0079;112;88;1;3;4;225;17
08630;PENALVA;0045;0082;63;70;1;1;3;155;17
08630;PENALVA;0045;0083;61;87;0;1;3;171;19
08630;PENALVA;0045;0084;59;94;0;1;4;179;21
08630;PENALVA;0045;0085;60;101;0;0;5;184;18
08630;PENALVA;0045;0087;84;106;0;6;6;219;17
08630;PENALVA;0045;0088;40;70;1;2;7;139;19
08630;PENALVA;0045;0089;51;54;0;0;9;167;53
08630;PENALVA;0045;0090;81;79;1;1;7;201;32
08630;PENALVA;0045;0091;64;39;0;2;6;151;40
08630;PENALVA;0045;0092;55;122;0;2;11;216;26
08630;PENALVA;0045;0093;68;60;2;2;4;152;16
08630;PENALVA;0045;0094;67;70;0;5;9;193;42
08630;PENALVA;0045;0096;100;85;1;6;6;209;11
08630;PENALVA;0045;0099;57;118;0;2;3;193;13
08630;PENALVA;0045;0100;82;85;1;2;7;207;30
08630;PENALVA;0045;0101;25;123;0;0;8;194;38
08630;PENALVA;0045;0102;119;117;2;3;14;272;17
08630;PENALVA;0045;0103;40;154;0;1;7;239;37
08630;PENALVA;0045;0104;68;73;1;1;3;157;11
08630;PENALVA;0045;0105;62;132;0;3;7;217;13
08630;PENALVA;0045;0106;88;94;2;4;6;207;13
08630;PENALVA;0045;0107;60;77;1;0;4;155;13
08630;PENALVA;0045;0108;69;85;0;5;8;211;44
08630;PENALVA;0045;0109;95;91;0;1;10;220;23
08630;PENALVA;0045;0111;69;76;1;1;3;187;37
08630;PENALVA;0045;0112;52;105;0;1;9;182;15
08630;PENALVA;0045;0113;79;73;1;4;4;166;5
08630;PENALVA;0045;0114;82;90;1;5;8;210;24
08630;PENALVA;0045;0115;78;94;0;0;3;194;19
08630;PENALVA;0045;0116;79;106;0;1;11;220;23
08630;PENALVA;0045;0117;90;62;1;5;7;190;25
08630;PENALVA;0045;0118;78;60;0;4;2;150;6
08630;PENALVA;0045;0119;64;85;1;3;6;172;13
08630;PENALVA;0045;0120;87;86;1;3;8;197;12
08630;PENALVA;0045;0121;73;64;0;2;8;154;7
08630;PENALVA;0045;0122;134;101;7;4;5;266;15
08630;PENALVA;0045;0123;100;96;1;6;2;221;16
08630;PENALVA;0045;0124;56;64;0;2;9;160;29
08630;PENALVA;0045;0125;62;90;0;3;9;172;8
08630;PENALVA;0045;0126;82;86;1;1;10;202;22
08630;PENALVA;0045;0127;45;124;0;3;5;190;13
08630;PENALVA;0045;0129;101;93;0;4;5;212;9
08630;PENALVA;0045;0130;98;87;0;0;7;220;28
08630;PENALVA;0045;0131;18;54;0;2;4;98;20
08630;PENALVA;0045;0132;50;125;1;2;9;252;65
08630;PENALVA;0045;0133;67;96;0;1;4;195;27
08630;PENALVA;0045;0135;71;155;1;3;8;280;42
08737;PIRAPEMAS;0068;0001;118;82;0;5;12;232;15
08737;PIRAPEMAS;0068;0002;122;78;1;5;14;238;18
08737;PIRAPEMAS;0068;0003;135;68;0;3;13;239;20
08737;PIRAPEMAS;0068;0004;134;71;1;2;14;239;17
08737;PIRAPEMAS;0068;0009;107;76;0;3;13;213;14
08737;PIRAPEMAS;0068;0010;104;71;1;4;5;201;16
08737;PIRAPEMAS;0068;0011;115;69;0;2;7;204;11
08737;PIRAPEMAS;0068;0012;98;67;0;6;9;195;15
08737;PIRAPEMAS;0068;0015;135;75;0;3;10;241;18
08737;PIRAPEMAS;0068;0018;105;76;0;2;11;211;17
08737;PIRAPEMAS;0068;0020;106;58;1;4;11;191;11
08737;PIRAPEMAS;0068;0021;119;75;0;4;12;224;14
08737;PIRAPEMAS;0068;0022;150;76;1;1;14;255;13
08737;PIRAPEMAS;0068;0023;123;69;1;2;5;217;17
08737;PIRAPEMAS;0068;0024;115;67;1;6;7;207;11
08737;PIRAPEMAS;0068;0025;106;83;2;2;7;209;9
08737;PIRAPEMAS;0068;0026;123;87;1;7;10;248;20
08737;PIRAPEMAS;0068;0027;132;90;0;6;9;249;12
08737;PIRAPEMAS;0068;0043;134;78;0;7;16;252;17
08737;PIRAPEMAS;0068;0046;121;75;2;5;10;237;24
08737;PIRAPEMAS;0068;0048;120;86;1;4;9;236;16
08737;PIRAPEMAS;0068;0051;111;79;1;1;7;211;12
08737;PIRAPEMAS;0068;0057;137;76;1;5;11;243;13
08737;PIRAPEMAS;0068;0059;113;48;0;3;10;183;9
08737;PIRAPEMAS;0068;0069;100;75;0;1;12;204;16
08737;PIRAPEMAS;0068;0086;172;65;0;0;7;262;18
08737;PIRAPEMAS;0068;0087;124;61;2;2;6;207;12
08737;PIRAPEMAS;0068;0088;86;121;1;4;10;253;31
08737;PIRAPEMAS;0068;0089;116;60;0;3;4;195;12
08737;PIRAPEMAS;0068;0090;118;79;0;4;9;224;14
08737;PIRAPEMAS;0068;0102;121;53;0;2;4;191;11
08737;PIRAPEMAS;0068;0108;84;127;0;4;18;252;19
08737;PIRAPEMAS;0068;0118;126;46;0;1;6;187;8
08737;PIRAPEMAS;0068;0121;141;58;0;4;3;211;5
08737;PIRAPEMAS;0068;0126;127;82;0;2;13;242;18
08737;PIRAPEMAS;0068;0127;137;93;1;2;13;259;13
08737;PIRAPEMAS;0068;0128;92;56;1;6;11;175;9
08737;PIRAPEMAS;0068;0129;116;63;0;5;10;210;16
08737;PIRAPEMAS;0068;0134;95;62;1;1;11;189;19
08737;PIRAPEMAS;0068;0135;137;80;1;1;9;246;18
08737;PIRAPEMAS;0068;0137;120;74;3;0;8;223;18
08737;PIRAPEMAS;0068;0138;129;71;1;1;12;229;15
08737;PIRAPEMAS;0068;0140;124;64;1;6;11;218;12
09253;SÃO RAIMUNDO DAS MANGABEIRAS;0034;0001;73;78;2;4;14;193;22
09253;SÃO RAIMUNDO DAS MANGABEIRAS;0034;0002;77;88;2;4;5;191;15
09253;SÃO RAIMUNDO DAS MANGABEIRAS;0034;0003;64;83;2;3;11;192;29
09253;SÃO RAIMUNDO DAS MANGABEIRAS;0034;0004;84;82;2;2;4;195;21
09253;SÃO RAIMUNDO DAS MANGABEIRAS;0034;0005;78;87;8;3;7;200;17
09253;SÃO RAIMUNDO DAS MANGABEIRAS;0034;0006;110;85;1;6;21;255;32
09253;SÃO RAIMUNDO DAS MANGABEIRAS;0034;0007;111;97;4;6;10;256;28
09253;SÃO RAIMUNDO DAS MANGABEIRAS;0034;0008;113;114;1;3;16;266;19
09253;SÃO RAIMUNDO DAS MANGABEIRAS;0034;0009;122;111;1;5;5;270;26
09253;SÃO RAIMUNDO DAS MANGABEIRAS;0034;0010;97;117;1;6;12;261;28
09253;SÃO RAIMUNDO DAS MANGABEIRAS;0034;0011;77;132;0;7;20;260;24
09253;SÃO RAIMUNDO DAS MANGABEIRAS;0034;0012;89;110;0;3;22;249;25
09253;SÃO RAIMUNDO DAS MANGABEIRAS;0034;0013;101;120;0;6;16;263;20
09253;SÃO RAIMUNDO DAS MANGABEIRAS;0034;0014;96;81;2;6;12;223;26
09253;SÃO RAIMUNDO DAS MANGABEIRAS;0034;0015;79;101;0;5;9;215;21
09253;SÃO RAIMUNDO DAS MANGABEIRAS;0034;0016;91;97;1;4;13;225;19
09253;SÃO RAIMUNDO DAS MANGABEIRAS;0034;0017;101;103;3;4;13;249;25
09253;SÃO RAIMUNDO DAS MANGABEIRAS;0034;0018;115;94;1;5;8;243;20
09253;SÃO RAIMUNDO DAS MANGABEIRAS;0034;0019;73;90;5;9;26;236;33
09253;SÃO RAIMUNDO DAS MANGABEIRAS;0034;0020;82;119;7;2;12;254;32
09253;SÃO RAIMUNDO DAS MANGABEIRAS;0034;0021;37;77;1;2;4;128;7
09253;SÃO RAIMUNDO DAS MANGABEIRAS;0034;0022;124;85;3;9;6;258;31
09253;SÃO RAIMUNDO DAS MANGABEIRAS;0034;0023;116;101;2;8;21;268;20
09253;SÃO RAIMUNDO DAS MANGABEIRAS;0034;0025;115;106;2;8;9;254;14
09253;SÃO RAIMUNDO DAS MANGABEIRAS;0034;0027;130;97;1;8;12;273;25
09253;SÃO RAIMUNDO DAS MANGABEIRAS;0034;0028;106;114;4;9;3;268;32
09253;SÃO RAIMUNDO DAS MANGABEIRAS;0034;0029;104;120;2;8;8;274;32
09253;SÃO RAIMUNDO DAS MANGABEIRAS;0034;0031;128;89;0;9;6;264;32
09253;SÃO RAIMUNDO DAS MANGABEIRAS;0034;0033;105;98;2;13;11;258;29
09253;SÃO RAIMUNDO DAS MANGABEIRAS;0034;0034;102;96;1;5;11;250;35
09253;SÃO RAIMUNDO DAS MANGABEIRAS;0034;0035;104;120;1;4;18;269;22
09253;SÃO RAIMUNDO DAS MANGABEIRAS;0034;0036;115;99;4;5;16;266;27
09253;SÃO RAIMUNDO DAS MANGABEIRAS;0034;0038;109;95;2;4;15;255;30
09253;SÃO RAIMUNDO DAS MANGABEIRAS;0034;0041;57;136;1;9;17;263;43
09253;SÃO RAIMUNDO DAS MANGABEIRAS;0034;0042;100;122;4;9;12;273;26
09253;SÃO RAIMUNDO DAS MANGABEIRAS;0034;0043;105;118;3;9;10;272;27
09253;SÃO RAIMUNDO DAS MANGABEIRAS;0034;0045;100;101;2;5;14;245;23
09253;SÃO RAIMUNDO DAS MANGABEIRAS;0034;0046;89;124;2;3;16;266;32
09253;SÃO RAIMUNDO DAS MANGABEIRAS;0034;0048;84;85;5;3;9;203;17
09253;SÃO RAIMUNDO DAS MANGABEIRAS;0034;0049;86;95;2;7;13;224;21
09253;SÃO RAIMUNDO DAS MANGABEIRAS;0034;0050;94;128;3;7;19;273;22
09253;SÃO RAIMUNDO DAS MANGABEIRAS;0034;0052;110;89;5;8;12;251;27
09253;SÃO RAIMUNDO DAS MANGABEIRAS;0034;0053;86;154;1;3;8;279;27
09253;SÃO RAIMUNDO DAS MANGABEIRAS;0034;0054;109;95;3;7;13;243;16
09253;SÃO RAIMUNDO DAS MANGABEIRAS;0034;0055;91;84;2;4;5;204;18
09253;SÃO RAIMUNDO DAS MANGABEIRAS;0034;0057;125;109;5;7;13;290;31
09253;SÃO RAIMUNDO DAS MANGABEIRAS;0034;0058;92;126;5;3;13;271;32
09253;SÃO RAIMUNDO DAS MANGABEIRAS;0034;0059;111;123;5;6;18;288;25
09253;SÃO RAIMUNDO DAS MANGABEIRAS;0034;0060;87;157;5;5;13;288;21
09253;SÃO RAIMUNDO DAS MANGABEIRAS;0034;0062;117;118;2;5;11;269;16
09253;SÃO RAIMUNDO DAS MANGABEIRAS;0034;0064;113;112;3;10;14;278;26
09350;TIMBIRAS;0007;0304;69;61;4;7;7;162;14
09350;TIMBIRAS;0007;0305;69;45;0;2;8;140;16
09350;TIMBIRAS;0007;0306;56;63;0;2;13;152;18
09350;TIMBIRAS;0007;0307;69;65;3;4;6;169;22
09350;TIMBIRAS;0007;0308;72;57;0;3;11;161;18
09350;TIMBIRAS;0007;0309;135;115;0;4;12;284;18
09350;TIMBIRAS;0007;0310;107;114;1;2;12;264;28
09350;TIMBIRAS;0007;0311;132;126;1;2;10;293;22
09350;TIMBIRAS;0007;0312;125;110;1;6;11;279;26
09350;TIMBIRAS;0007;0313;130;101;1;8;10;276;26
09350;TIMBIRAS;0007;0314;127;100;1;7;18;282;29
09350;TIMBIRAS;0007;0315;59;79;1;4;13;175;19
09350;TIMBIRAS;0007;0316;100;99;1;3;17;241;21
09350;TIMBIRAS;0007;0317;99;98;0;2;14;237;24
09350;TIMBIRAS;0007;0318;107;90;3;2;14;235;19
09350;TIMBIRAS;0007;0319;126;80;3;4;11;254;30
09350;TIMBIRAS;0007;0320;92;93;2;6;12;230;25
09350;TIMBIRAS;0007;0321;95;95;1;3;11;226;21
09350;TIMBIRAS;0007;0322;97;94;0;4;15;239;29
09350;TIMBIRAS;0007;0323;104;124;2;0;12;271;29
09350;TIMBIRAS;0007;0324;109;132;1;2;10;280;26
09350;TIMBIRAS;0007;0325;118;125;1;2;14;289;29
09350;TIMBIRAS;0007;0326;124;109;0;4;13;271;21
09350;TIMBIRAS;0007;0327;109;117;1;2;6;263;28
09350;TIMBIRAS;0007;0328;99;119;4;3;14;256;17
09350;TIMBIRAS;0007;0329;117;111;1;0;8;265;28
09350;TIMBIRAS;0007;0330;112;104;3;2;10;274;43
09350;TIMBIRAS;0007;0331;115;88;0;4;16;245;22
09350;TIMBIRAS;0007;0332;99;84;4;7;18;246;34
09350;TIMBIRAS;0007;0333;107;115;0;4;12;261;23
09350;TIMBIRAS;0007;0334;126;104;0;4;10;269;25
09350;TIMBIRAS;0007;0335;105;122;1;2;6;262;26
09350;TIMBIRAS;0007;0336;119;106;2;1;11;267;28
09350;TIMBIRAS;0007;0337;108;90;1;3;12;244;30
09350;TIMBIRAS;0007;0338;123;116;4;2;3;271;23
09350;TIMBIRAS;0007;0339;124;86;1;4;14;256;27
09350;TIMBIRAS;0007;0340;113;104;0;4;12;263;30
09350;TIMBIRAS;0007;0341;116;80;1;6;21;260;36
09350;TIMBIRAS;0007;0342;118;100;1;2;13;269;35
09350;TIMBIRAS;0007;0343;116;89;1;6;7;251;32
09350;TIMBIRAS;0007;0344;83;107;0;4;17;249;38
09350;TIMBIRAS;0007;0345;88;106;0;5;9;252;44
09350;TIMBIRAS;0007;0346;91;77;2;5;9;208;24
09350;TIMBIRAS;0007;0347;120;103;3;4;11;276;35
09350;TIMBIRAS;0007;0348;126;101;0;8;19;279;25
09350;TIMBIRAS;0007;0349;122;95;5;8;16;276;30
09350;TIMBIRAS;0007;0350;78;99;1;4;15;230;33
09350;TIMBIRAS;0007;0351;88;94;1;2;9;212;18
09350;TIMBIRAS;0007;0352;83;93;2;4;17;228;29
09350;TIMBIRAS;0007;0353;91;84;3;4;14;219;23
09350;TIMBIRAS;0007;0354;78;103;2;1;13;222;25
09350;TIMBIRAS;0007;0355;91;90;2;6;13;223;21
09350;TIMBIRAS;0007;0356;87;92;3;1;10;217;24
09350;TIMBIRAS;0007;0357;100;112;0;3;17;257;25
09350;TIMBIRAS;0007;0358;78;149;0;0;13;262;22
09350;TIMBIRAS;0007;0359;100;98;1;5;12;241;25
09350;TIMBIRAS;0007;0361;40;92;1;8;16;215;58
09350;TIMBIRAS;0007;0362;29;58;2;1;5;110;15
09350;TIMBIRAS;0007;0363;121;153;2;1;19;320;24
09350;TIMBIRAS;0007;0364;106;115;0;3;11;260;25
09350;TIMBIRAS;0007;0426;79;75;1;11;13;195;16
09350;TIMBIRAS;0007;0429;31;109;0;3;8;191;40
09350;TIMBIRAS;0007;0431;16;98;0;2;22;167;29
09350;TIMBIRAS;0007;0432;90;111;0;0;12;244;31
09350;TIMBIRAS;0007;0444;31;52;1;0;6;98;8
09636;ESTREITO;0082;0001;124;54;5;3;12;226;28
09636;ESTREITO;0082;0002;82;41;10;5;7;169;24
09636;ESTREITO;0082;0003;130;50;8;4;20;251;39
09636;ESTREITO;0082;0004;123;76;5;2;17;256;33
09636;ESTREITO;0082;0005;125;56;6;4;11;226;24
09636;ESTREITO;0082;0006;132;53;9;1;12;230;23
09636;ESTREITO;0082;0007;126;58;11;9;11;247;32
09636;ESTREITO;0082;0008;137;50;3;5;8;227;24
09636;ESTREITO;0082;0009;129;59;10;2;13;238;25
09636;ESTREITO;0082;0010;164;49;12;6;14;273;28
09636;ESTREITO;0082;0011;95;45;5;5;4;169;15
09636;ESTREITO;0082;0012;156;57;3;6;14;269;33
09636;ESTREITO;0082;0013;93;36;5;3;9;162;16
09636;ESTREITO;0082;0014;129;58;8;2;7;237;33
09636;ESTREITO;0082;0015;127;77;7;7;8;256;30
09636;ESTREITO;0082;0016;133;60;1;5;12;248;37
09636;ESTREITO;0082;0017;121;73;6;5;13;247;29
09636;ESTREITO;0082;0018;124;58;8;3;14;236;29
09636;ESTREITO;0082;0019;135;59;4;5;18;252;31
09636;ESTREITO;0082;0020;130;65;8;5;12;247;27
09636;ESTREITO;0082;0021;92;36;4;8;9;171;22
09636;ESTREITO;0082;0022;82;41;5;3;12;159;16
09636;ESTREITO;0082;0023;94;37;7;4;9;176;25
09636;ESTREITO;0082;0024;151;60;5;7;13;263;27
09636;ESTREITO;0082;0025;123;54;6;6;10;219;20
09636;ESTREITO;0082;0026;141;51;4;4;15;235;20
09636;ESTREITO;0082;0027;117;46;5;5;9;213;31
09636;ESTREITO;0082;0028;154;59;10;4;17;276;32
09636;ESTREITO;0082;0029;169;54;4;4;17;280;32
09636;ESTREITO;0082;0039;152;88;5;1;9;295;40
09636;ESTREITO;0082;0041;157;62;8;1;18;279;33
09636;ESTREITO;0082;0042;174;53;4;2;17;286;36
09636;ESTREITO;0082;0043;158;61;10;3;17;273;24
09636;ESTREITO;0082;0044;177;70;7;4;19;312;35
09636;ESTREITO;0082;0045;177;74;7;8;19;317;32
09636;ESTREITO;0082;0046;186;73;4;3;14;324;44
09636;ESTREITO;0082;0047;167;72;6;4;17;311;45
09636;ESTREITO;0082;0049;175;45;4;4;15;273;30
09636;ESTREITO;0082;0050;165;50;3;8;15;262;21
09636;ESTREITO;0082;0051;145;68;15;6;15;280;31
09636;ESTREITO;0082;0052;157;58;4;3;14;268;32
09636;ESTREITO;0082;0053;126;77;6;2;13;256;32
09636;ESTREITO;0082;0054;119;75;14;11;15;259;25
09636;ESTREITO;0082;0055;144;57;7;3;17;255;27
09636;ESTREITO;0082;0056;132;62;7;11;12;259;35
09636;ESTREITO;0082;0059;145;60;3;7;10;243;18
09636;ESTREITO;0082;0060;127;79;5;8;11;260;30
09636;ESTREITO;0082;0061;124;77;4;6;15;256;30
09636;ESTREITO;0082;0063;144;58;3;5;8;256;38
09636;ESTREITO;0082;0064;124;38;5;6;8;222;41
09636;ESTREITO;0082;0065;139;69;5;6;8;255;28
09636;ESTREITO;0082;0066;205;63;4;7;13;310;18
09636;ESTREITO;0082;0067;127;73;7;9;12;262;34
09636;ESTREITO;0082;0068;167;76;8;3;12;295;29
09636;ESTREITO;0082;0069;147;55;3;5;14;254;30
09636;ESTREITO;0082;0070;172;44;12;3;11;268;26
09636;ESTREITO;0082;0073;156;64;7;8;11;274;28
09636;ESTREITO;0082;0074;134;94;3;3;16;286;36
09636;ESTREITO;0082;0075;182;56;6;6;12;280;18
09636;ESTREITO;0082;0076;184;74;3;4;12;298;21
09636;ESTREITO;0082;0077;132;59;10;9;13;240;17
09636;ESTREITO;0082;0078;106;58;6;4;15;217;28
09636;ESTREITO;0082;0079;194;49;10;6;9;278;10
09636;ESTREITO;0082;0081;113;59;10;8;13;229;26
09636;ESTREITO;0082;0082;121;53;6;3;12;219;24
09636;ESTREITO;0082;0083;185;63;6;10;10;293;19
09636;ESTREITO;0082;0086;135;55;7;4;12;237;24
09636;ESTREITO;0082;0087;137;58;8;7;7;245;28
09636;ESTREITO;0082;0088;135;46;2;6;8;223;26
09636;ESTREITO;0082;0089;185;96;2;4;8;331;36
09636;ESTREITO;0082;0090;119;62;8;3;8;234;34
09636;ESTREITO;0082;0091;123;81;7;9;7;238;11
09636;ESTREITO;0082;0093;132;58;4;6;4;232;28
09636;ESTREITO;0082;0094;175;38;5;7;13;259;21
09636;ESTREITO;0082;0095;74;28;1;2;5;170;60
09636;ESTREITO;0082;0096;42;50;0;2;7;134;33
09636;ESTREITO;0082;0101;23;13;1;1;0;39;1
09717;ZÉ DOCA;0096;0001;163;101;7;9;15;354;59
09717;ZÉ DOCA;0096;0002;82;39;5;3;6;170;35
09717;ZÉ DOCA;0096;0003;88;51;4;4;11;189;31
09717;ZÉ DOCA;0096;0005;122;94;5;6;8;278;43
09717;ZÉ DOCA;0096;0007;71;92;2;1;12;208;30
09717;ZÉ DOCA;0096;0008;69;81;2;4;10;201;35
09717;ZÉ DOCA;0096;0009;67;98;1;1;17;223;39
09717;ZÉ DOCA;0096;0012;145;61;6;10;11;282;49
09717;ZÉ DOCA;0096;0013;161;58;5;13;6;282;39
09717;ZÉ DOCA;0096;0014;72;30;1;10;7;137;17
09717;ZÉ DOCA;0096;0015;130;60;5;7;20;275;53
09717;ZÉ DOCA;0096;0017;157;53;3;7;10;265;35
09717;ZÉ DOCA;0096;0018;151;50;4;7;15;262;35
09717;ZÉ DOCA;0096;0019;148;50;4;6;10;259;41
09717;ZÉ DOCA;0096;0020;143;55;4;8;6;245;29
09717;ZÉ DOCA;0096;0021;147;60;4;8;6;255;30
09717;ZÉ DOCA;0096;0022;152;58;4;8;7;266;37
09717;ZÉ DOCA;0096;0023;155;50;5;6;14;261;31
09717;ZÉ DOCA;0096;0024;154;55;5;5;8;264;37
09717;ZÉ DOCA;0096;0025;111;74;1;11;5;249;47
09717;ZÉ DOCA;0096;0027;128;54;5;4;15;243;37
09717;ZÉ DOCA;0096;0030;121;60;2;11;11;251;46
09717;ZÉ DOCA;0096;0031;134;60;6;2;10;240;28
09717;ZÉ DOCA;0096;0034;140;51;6;9;10;256;40
09717;ZÉ DOCA;0096;0036;113;56;4;9;24;244;38
09717;ZÉ DOCA;0096;0037;151;53;6;7;9;260;34
09717;ZÉ DOCA;0096;0038;126;60;4;7;17;253;39
09717;ZÉ DOCA;0096;0041;82;50;2;2;4;173;33
09717;ZÉ DOCA;0096;0042;82;61;0;3;4;184;34
09717;ZÉ DOCA;0096;0043;82;53;1;2;12;175;25
09717;ZÉ DOCA;0096;0044;102;101;0;4;5;241;29
09717;ZÉ DOCA;0096;0045;82;104;0;1;9;236;40
09717;ZÉ DOCA;0096;0046;81;112;0;4;10;242;35
09717;ZÉ DOCA;0096;0050;141;108;5;2;13;304;35
09717;ZÉ DOCA;0096;0052;148;132;3;5;21;347;38
09717;ZÉ DOCA;0096;0054;142;91;6;5;19;292;29
09717;ZÉ DOCA;0096;0055;127;97;4;6;17;290;39
09717;ZÉ DOCA;0096;0063;145;122;1;4;21;325;32
09717;ZÉ DOCA;0096;0065;140;64;3;21;20;284;36
09717;ZÉ DOCA;0096;0066;120;76;6;10;15;274;47
09717;ZÉ DOCA;0096;0067;142;61;3;12;14;285;53
09717;ZÉ DOCA;0096;0068;165;65;3;6;16;304;49
09717;ZÉ DOCA;0096;0069;129;71;5;4;14;286;63
09717;ZÉ DOCA;0096;0070;152;60;6;9;14;292;51
09717;ZÉ DOCA;0096;0071;98;60;0;11;10;223;44
09717;ZÉ DOCA;0096;0072;114;46;3;13;10;215;29
09717;ZÉ DOCA;0096;0076;110;46;3;1;15;211;36
09717;ZÉ DOCA;0096;0077;129;41;5;7;9;230;39
09717;ZÉ DOCA;0096;0078;122;49;1;3;15;224;34
09717;ZÉ DOCA;0096;0079;119;46;2;11;9;224;37
09717;ZÉ DOCA;0096;0080;128;44;4;9;13;229;31
09717;ZÉ DOCA;0096;0081;124;44;4;6;13;234;43
09717;ZÉ DOCA;0096;0082;121;41;3;8;14;220;33
09717;ZÉ DOCA;0096;0083;109;49;0;3;10;217;46
09717;ZÉ DOCA;0096;0084;151;53;3;2;10;257;38
09717;ZÉ DOCA;0096;0085;146;42;1;6;13;251;43
09717;ZÉ DOCA;0096;0086;173;76;6;7;12;322;48
09717;ZÉ DOCA;0096;0088;81;35;1;8;9;165;31
09717;ZÉ DOCA;0096;0091;163;72;4;8;13;319;59
09717;ZÉ DOCA;0096;0092;170;77;4;3;11;311;46
09717;ZÉ DOCA;0096;0093;169;67;5;8;14;326;63
09717;ZÉ DOCA;0096;0095;84;42;2;2;12;162;20
09717;ZÉ DOCA;0096;0096;120;52;1;6;8;206;19
09717;ZÉ DOCA;0096;0098;89;58;1;4;7;190;31
09717;ZÉ DOCA;0096;0099;88;67;1;2;9;192;25
09717;ZÉ DOCA;0096;0100;90;144;1;5;15;310;55
09717;ZÉ DOCA;0096;0103;59;120;0;4;13;237;41
09717;ZÉ DOCA;0096;0104;111;62;2;12;10;250;53
09717;ZÉ DOCA;0096;0105;109;44;1;10;19;240;57
09717;ZÉ DOCA;0096;0106;108;58;1;9;13;230;41
09717;ZÉ DOCA;0096;0107;114;67;1;10;20;245;33
09717;ZÉ DOCA;0096;0108;85;54;5;14;10;218;50
09717;ZÉ DOCA;0096;0109;93;59;2;8;13;214;39
09717;ZÉ DOCA;0096;0110;115;111;2;3;12;287;44
09717;ZÉ DOCA;0096;0111;117;110;1;4;12;286;42
09717;ZÉ DOCA;0096;0112;141;49;9;20;12;289;58
09717;ZÉ DOCA;0096;0113;141;74;8;8;17;307;59
09717;ZÉ DOCA;0096;0114;118;53;10;9;12;249;47
09717;ZÉ DOCA;0096;0117;102;50;1;8;13;223;49
09717;ZÉ DOCA;0096;0118;110;48;2;4;7;211;40
09717;ZÉ DOCA;0096;0119;141;57;3;12;15;278;50
09717;ZÉ DOCA;0096;0120;67;109;0;2;8;244;58
09717;ZÉ DOCA;0096;0121;81;71;2;0;8;205;43
09717;ZÉ DOCA;0096;0122;106;35;0;5;10;192;36
09717;ZÉ DOCA;0096;0123;86;48;0;5;7;216;70
09717;ZÉ DOCA;0096;0192;125;55;4;5;9;229;31
09717;ZÉ DOCA;0096;0194;111;52;1;8;14;232;46
09717;ZÉ DOCA;0096;0195;43;186;0;0;4;253;20
09717;ZÉ DOCA;0096;0196;76;79;0;5;9;271;102
09717;ZÉ DOCA;0096;0197;67;46;1;2;3;158;39
09717;ZÉ DOCA;0096;0198;67;94;1;2;10;212;38
09717;ZÉ DOCA;0096;0199;157;65;4;10;11;305;58
09717;ZÉ DOCA;0096;0200;104;52;2;8;7;211;38
09717;ZÉ DOCA;0096;0202;15;29;0;1;4;86;37
09717;ZÉ DOCA;0096;0203;63;70;0;6;7;170;24
09717;ZÉ DOCA;0096;0205;120;46;1;8;9;222;38
09717;ZÉ DOCA;0096;0206;103;59;4;11;10;225;38
09717;ZÉ DOCA;0096;0207;101;63;0;12;10;220;34
09717;ZÉ DOCA;0096;0210;69;89;1;2;9;203;33
09717;ZÉ DOCA;0096;0214;156;55;3;14;9;289;52
09717;ZÉ DOCA;0096;0215;105;62;2;15;18;249;47
09717;ZÉ DOCA;0096;0217;137;55;3;7;14;278;62
09717;ZÉ DOCA;0096;0222;106;53;1;4;13;221;44
09717;ZÉ DOCA;0096;0223;107;31;2;8;8;228;72
09717;ZÉ DOCA;0096;0224;123;56;3;14;8;240;36
09717;ZÉ DOCA;0096;0233;149;64;3;8;8;281;49
09717;ZÉ DOCA;0096;0235;11;17;2;1;2;47;14
07048;ALTO ALEGRE DO PINDARÉ;0070;0050;89;98;0;2;14;217;14
07048;ALTO ALEGRE DO PINDARÉ;0070;0051;98;72;1;6;5;191;9
07048;ALTO ALEGRE DO PINDARÉ;0070;0052;101;66;4;2;6;189;10
07048;ALTO ALEGRE DO PINDARÉ;0070;0063;145;52;2;5;10;230;16
07048;ALTO ALEGRE DO PINDARÉ;0070;0064;138;38;2;3;18;220;21
07048;ALTO ALEGRE DO PINDARÉ;0070;0065;128;47;2;3;15;211;16
07048;ALTO ALEGRE DO PINDARÉ;0070;0066;139;38;10;2;6;214;19
07048;ALTO ALEGRE DO PINDARÉ;0070;0067;154;51;3;3;20;253;22
07048;ALTO ALEGRE DO PINDARÉ;0070;0068;171;46;4;3;10;254;20
07048;ALTO ALEGRE DO PINDARÉ;0070;0069;162;57;1;6;9;251;16
07048;ALTO ALEGRE DO PINDARÉ;0070;0070;173;51;1;2;11;260;22
07048;ALTO ALEGRE DO PINDARÉ;0070;0071;156;33;3;2;7;214;13
07048;ALTO ALEGRE DO PINDARÉ;0070;0072;164;56;3;1;10;243;9
07048;ALTO ALEGRE DO PINDARÉ;0070;0073;166;45;3;1;4;241;22
07048;ALTO ALEGRE DO PINDARÉ;0070;0074;89;37;2;1;8;145;8
07048;ALTO ALEGRE DO PINDARÉ;0070;0075;89;43;6;3;5;156;10
07048;ALTO ALEGRE DO PINDARÉ;0070;0083;69;64;0;2;18;170;17
07048;ALTO ALEGRE DO PINDARÉ;0070;0084;84;76;2;9;2;185;12
07048;ALTO ALEGRE DO PINDARÉ;0070;0085;100;63;3;2;8;196;20
07048;ALTO ALEGRE DO PINDARÉ;0070;0086;89;80;2;1;11;202;19
07048;ALTO ALEGRE DO PINDARÉ;0070;0087;88;76;2;3;8;194;17
07048;ALTO ALEGRE DO PINDARÉ;0070;0088;83;47;3;4;11;162;14
07048;ALTO ALEGRE DO PINDARÉ;0070;0089;77;47;3;5;11;154;11
07048;ALTO ALEGRE DO PINDARÉ;0070;0090;77;46;1;9;7;148;8
07048;ALTO ALEGRE DO PINDARÉ;0070;0091;68;61;1;2;12;152;8
07048;ALTO ALEGRE DO PINDARÉ;0070;0092;70;52;2;0;10;146;12
07048;ALTO ALEGRE DO PINDARÉ;0070;0093;114;49;2;1;10;191;15
07048;ALTO ALEGRE DO PINDARÉ;0070;0094;104;50;2;3;9;187;19
07048;ALTO ALEGRE DO PINDARÉ;0070;0095;111;51;1;1;9;191;18
07048;ALTO ALEGRE DO PINDARÉ;0070;0137;105;34;3;4;7;166;13
07048;ALTO ALEGRE DO PINDARÉ;0070;0138;92;51;1;5;11;171;11
07048;ALTO ALEGRE DO PINDARÉ;0070;0155;100;58;0;2;7;177;10
07048;ALTO ALEGRE DO PINDARÉ;0070;0157;130;109;1;1;13;268;14
07048;ALTO ALEGRE DO PINDARÉ;0070;0158;143;45;2;2;13;224;19
07048;ALTO ALEGRE DO PINDARÉ;0070;0160;106;37;1;7;11;182;20
07048;ALTO ALEGRE DO PINDARÉ;0070;0166;70;65;1;2;6;153;9
07048;ALTO ALEGRE DO PINDARÉ;0070;0168;132;41;2;4;11;209;19
07048;ALTO ALEGRE DO PINDARÉ;0070;0171;158;45;2;5;12;238;16
07048;ALTO ALEGRE DO PINDARÉ;0070;0184;147;61;1;1;12;238;16
07048;ALTO ALEGRE DO PINDARÉ;0070;0192;144;46;1;2;8;225;24
07048;ALTO ALEGRE DO PINDARÉ;0070;0194;81;83;0;0;9;185;12
07048;ALTO ALEGRE DO PINDARÉ;0070;0196;158;47;3;2;12;245;23
07048;ALTO ALEGRE DO PINDARÉ;0070;0200;62;12;0;4;14;124;32
07048;ALTO ALEGRE DO PINDARÉ;0070;0201;56;20;0;2;11;103;14
07048;ALTO ALEGRE DO PINDARÉ;0070;0234;79;46;0;2;12;153;14
07048;ALTO ALEGRE DO PINDARÉ;0070;0248;145;42;2;1;18;226;18
07048;ALTO ALEGRE DO PINDARÉ;0070;0253;100;53;0;4;11;185;17
07048;ALTO ALEGRE DO PINDARÉ;0070;0272;30;16;0;2;3;58;7
07048;ALTO ALEGRE DO PINDARÉ;0070;0273;129;99;1;6;4;249;10
07048;ALTO ALEGRE DO PINDARÉ;0070;0274;67;44;0;2;7;128;8
07048;ALTO ALEGRE DO PINDARÉ;0070;0275;154;42;0;6;16;240;22
07048;ALTO ALEGRE DO PINDARÉ;0070;0277;103;66;1;3;4;185;8
07048;ALTO ALEGRE DO PINDARÉ;0070;0280;93;83;0;1;12;206;17
07048;ALTO ALEGRE DO PINDARÉ;0070;0284;117;59;0;0;7;198;15
07048;ALTO ALEGRE DO PINDARÉ;0070;0289;41;29;0;1;4;78;3
07048;ALTO ALEGRE DO PINDARÉ;0070;0294;39;28;1;1;3;75;3
07048;ALTO ALEGRE DO PINDARÉ;0070;0300;92;67;1;4;8;190;18
07048;ALTO ALEGRE DO PINDARÉ;0070;0312;38;35;1;1;4;83;4
07048;ALTO ALEGRE DO PINDARÉ;0070;0314;65;6;0;0;6;80;3
07048;ALTO ALEGRE DO PINDARÉ;0070;0325;81;50;0;2;14;155;8
07048;ALTO ALEGRE DO PINDARÉ;0070;0349;139;46;2;1;14;217;15
07048;ALTO ALEGRE DO PINDARÉ;0070;0369;63;25;0;0;2;97;7
07048;ALTO ALEGRE DO PINDARÉ;0070;0379;164;37;1;2;9;237;24
07048;ALTO ALEGRE DO PINDARÉ;0070;0395;174;51;2;1;8;252;16
07048;ALTO ALEGRE DO PINDARÉ;0070;0401;22;38;0;0;10;76;6
07048;ALTO ALEGRE DO PINDARÉ;0070;0407;83;66;0;4;9;174;12
07048;ALTO ALEGRE DO PINDARÉ;0070;0410;177;43;6;3;8;255;18
07048;ALTO ALEGRE DO PINDARÉ;0070;0419;177;27;0;2;5;224;13
07048;ALTO ALEGRE DO PINDARÉ;0070;0420;94;58;3;3;3;165;4
07048;ALTO ALEGRE DO PINDARÉ;0070;0426;172;45;0;1;7;232;7
07048;ALTO ALEGRE DO PINDARÉ;0070;0428;147;38;3;4;7;211;12
07048;ALTO ALEGRE DO PINDARÉ;0070;0438;154;43;3;6;17;235;12
07048;ALTO ALEGRE DO PINDARÉ;0070;0439;109;46;3;3;11;184;12
07048;ALTO ALEGRE DO PINDARÉ;0070;0440;109;83;0;7;15;234;20
07048;ALTO ALEGRE DO PINDARÉ;0070;0442;135;40;2;6;9;211;19
07048;ALTO ALEGRE DO PINDARÉ;0070;0443;148;49;5;3;11;230;14
07048;ALTO ALEGRE DO PINDARÉ;0070;0444;135;50;9;6;8;219;11
07048;ALTO ALEGRE DO PINDARÉ;0070;0445;125;83;1;3;11;242;19
07048;ALTO ALEGRE DO PINDARÉ;0070;0446;115;73;0;6;14;223;15
07048;ALTO ALEGRE DO PINDARÉ;0070;0447;78;53;1;2;3;139;2
07048;ALTO ALEGRE DO PINDARÉ;0070;0450;142;46;4;6;5;218;15
07048;ALTO ALEGRE DO PINDARÉ;0070;0452;140;58;3;7;11;232;13
07064;APICUM-AÇU;0107;0039;91;80;1;0;11;195;12
07064;APICUM-AÇU;0107;0040;90;90;0;0;5;196;11
07064;APICUM-AÇU;0107;0041;91;68;0;2;8;179;10
07064;APICUM-AÇU;0107;0042;117;107;1;5;12;261;19
07064;APICUM-AÇU;0107;0044;121;78;1;2;3;219;14
07064;APICUM-AÇU;0107;0045;113;72;0;1;4;203;13
07064;APICUM-AÇU;0107;0046;147;52;1;4;5;220;11
07064;APICUM-AÇU;0107;0047;146;41;2;6;9;210;6
07064;APICUM-AÇU;0107;0048;137;54;1;3;4;214;15
07064;APICUM-AÇU;0107;0049;126;56;2;5;8;218;21
07064;APICUM-AÇU;0107;0050;132;59;0;5;7;216;13
07064;APICUM-AÇU;0107;0051;133;54;0;6;9;214;12
07064;APICUM-AÇU;0107;0052;150;44;1;5;6;220;14
07064;APICUM-AÇU;0107;0053;144;87;2;3;5;249;8
07064;APICUM-AÇU;0107;0054;141;108;0;2;9;281;21
07064;APICUM-AÇU;0107;0055;82;121;0;4;4;223;12
07064;APICUM-AÇU;0107;0056;90;141;1;1;15;265;17
07064;APICUM-AÇU;0107;0058;174;67;1;9;7;267;9
07064;APICUM-AÇU;0107;0059;172;54;3;7;6;249;7
07064;APICUM-AÇU;0107;0061;164;45;0;2;3;228;14
07064;APICUM-AÇU;0107;0062;123;55;2;3;4;196;9
07064;APICUM-AÇU;0107;0063;147;59;0;6;4;225;9
07064;APICUM-AÇU;0107;0064;156;54;0;6;6;234;12
07064;APICUM-AÇU;0107;0099;150;50;2;7;7;227;11
07064;APICUM-AÇU;0107;0100;75;46;0;2;6;140;11
07064;APICUM-AÇU;0107;0102;163;67;1;5;7;255;12
07064;APICUM-AÇU;0107;0113;112;44;1;6;2;181;16
07064;APICUM-AÇU;0107;0116;118;52;0;5;8;209;26
07064;APICUM-AÇU;0107;0119;55;38;3;4;3;114;11
07064;APICUM-AÇU;0107;0133;111;155;1;7;0;287;13
07064;APICUM-AÇU;0107;0135;138;50;1;7;4;214;14
07064;APICUM-AÇU;0107;0136;137;71;0;5;4;226;9
07064;APICUM-AÇU;0107;0139;98;80;0;0;11;201;12
07064;APICUM-AÇU;0107;0142;172;42;0;5;10;241;12
07064;APICUM-AÇU;0107;0143;158;47;0;4;2;216;5
07064;APICUM-AÇU;0107;0144;154;36;0;3;12;215;10
07064;APICUM-AÇU;0107;0145;141;101;1;6;11;272;12
07064;APICUM-AÇU;0107;0146;86;78;0;1;4;180;11
07064;APICUM-AÇU;0107;0147;135;57;0;8;4;218;14
07064;APICUM-AÇU;0107;0153;155;52;3;2;12;245;21
07064;APICUM-AÇU;0107;0154;86;18;0;0;1;106;1
07064;APICUM-AÇU;0107;0157;164;72;0;9;7;266;14
07064;APICUM-AÇU;0107;0158;160;70;0;5;9;253;9
07064;APICUM-AÇU;0107;0159;160;70;0;3;14;260;13
07064;APICUM-AÇU;0107;0161;150;59;2;2;9;240;18
07064;APICUM-AÇU;0107;0162;161;63;2;1;9;250;14
07064;APICUM-AÇU;0107;0163;87;102;0;0;7;210;14
07064;APICUM-AÇU;0107;0164;151;64;2;3;4;231;7
07064;APICUM-AÇU;0107;0166;139;62;0;3;6;227;17
07161;BELÁGUA;0073;0021;85;127;1;1;16;251;21
07161;BELÁGUA;0073;0022;70;140;2;3;12;249;22
07161;BELÁGUA;0073;0023;69;152;1;4;8;257;23
07161;BELÁGUA;0073;0031;57;162;0;1;2;250;28
07161;BELÁGUA;0073;0046;37;132;0;2;10;208;27
07161;BELÁGUA;0073;0048;57;140;0;1;16;236;22
07161;BELÁGUA;0073;0057;88;164;0;2;10;279;15
07161;BELÁGUA;0073;0058;64;169;1;1;6;266;25
07161;BELÁGUA;0073;0062;81;134;1;3;14;247;14
07161;BELÁGUA;0073;0064;73;126;1;0;17;236;19
07161;BELÁGUA;0073;0071;47;174;0;0;5;253;27
07161;BELÁGUA;0073;0072;109;177;1;3;15;320;15
07161;BELÁGUA;0073;0073;85;139;1;4;13;265;23
07161;BELÁGUA;0073;0074;43;119;0;0;0;165;3
07161;BELÁGUA;0073;0093;63;157;0;1;6;247;20
07161;BELÁGUA;0073;0094;55;137;0;4;6;220;18
07161;BELÁGUA;0073;0099;94;175;1;2;9;301;20
07161;BELÁGUA;0073;0105;54;131;1;3;4;212;19
07161;BELÁGUA;0073;0121;82;114;3;2;3;224;20
07161;BELÁGUA;0073;0141;109;165;0;1;7;294;12
07161;BELÁGUA;0073;0156;99;162;2;1;7;282;11
07161;BELÁGUA;0073;0160;103;115;0;1;7;240;14
07161;BELÁGUA;0073;0162;65;145;0;2;4;230;14
07161;BELÁGUA;0073;0182;57;194;0;1;8;272;12
07161;BELÁGUA;0073;0183;66;135;0;1;12;230;16
07161;BELÁGUA;0073;0188;64;124;0;1;2;200;9
07161;BELÁGUA;0073;0189;48;98;0;1;1;154;6
07170;ARAIOSES;0012;0001;72;71;2;10;6;175;14
07170;ARAIOSES;0012;0002;66;72;6;9;5;183;25
07170;ARAIOSES;0012;0003;62;72;4;12;16;199;33
07170;ARAIOSES;0012;0004;70;87;2;15;11;206;21
07170;ARAIOSES;0012;0005;74;78;4;16;9;206;25
07170;ARAIOSES;0012;0006;55;71;7;9;18;176;16
07170;ARAIOSES;0012;0007;57;96;10;13;11;217;30
07170;ARAIOSES;0012;0008;60;82;3;17;19;214;33
07170;ARAIOSES;0012;0009;57;84;5;17;14;203;26
07170;ARAIOSES;0012;0010;48;96;4;10;14;208;36
07170;ARAIOSES;0012;0011;67;68;1;14;24;207;33
07170;ARAIOSES;0012;0012;61;66;0;16;14;193;36
07170;ARAIOSES;0012;0013;67;82;2;13;17;201;20
07170;ARAIOSES;0012;0014;32;89;2;10;11;173;29
07170;ARAIOSES;0012;0015;38;97;4;8;12;183;24
07170;ARAIOSES;0012;0016;33;99;2;11;6;183;32
07170;ARAIOSES;0012;0017;30;94;1;10;17;172;20
07170;ARAIOSES;0012;0018;39;112;4;23;21;229;30
07170;ARAIOSES;0012;0019;40;89;3;12;14;185;27
07170;ARAIOSES;0012;0020;60;122;2;11;12;229;22
07170;ARAIOSES;0012;0032;30;101;0;13;12;166;10
07170;ARAIOSES;0012;0033;24;88;4;8;20;165;21
07170;ARAIOSES;0012;0034;43;134;2;9;8;213;17
07170;ARAIOSES;0012;0035;32;137;0;13;21;222;19
07170;ARAIOSES;0012;0036;42;126;11;26;22;253;26
07170;ARAIOSES;0012;0037;25;130;11;44;20;254;24
07170;ARAIOSES;0012;0038;83;135;2;20;15;282;27
07170;ARAIOSES;0012;0040;88;124;3;15;27;284;27
07170;ARAIOSES;0012;0042;33;58;1;11;15;147;29
07170;ARAIOSES;0012;0043;37;65;2;4;8;148;32
07170;ARAIOSES;0012;0048;71;55;1;6;20;171;18
07170;ARAIOSES;0012;0050;88;76;1;12;25;227;25
07170;ARAIOSES;0012;0054;24;95;2;25;22;189;21
07170;ARAIOSES;0012;0055;33;53;0;12;12;130;20
07170;ARAIOSES;0012;0056;42;110;1;19;26;244;46
07170;ARAIOSES;0012;0057;26;130;7;6;24;208;15
07170;ARAIOSES;0012;0058;37;117;2;12;25;213;20
07170;ARAIOSES;0012;0059;26;94;3;12;18;175;22
07170;ARAIOSES;0012;0060;24;91;3;9;8;159;24
07170;ARAIOSES;0012;0062;63;81;2;18;14;202;24
07170;ARAIOSES;0012;0063;55;81;6;18;10;193;23
07170;ARAIOSES;0012;0064;61;105;6;14;11;223;26
07170;ARAIOSES;0012;0065;38;138;16;41;8;272;31
07170;ARAIOSES;0012;0067;71;80;3;18;17;232;43
07170;ARAIOSES;0012;0070;53;116;3;11;21;226;22
07170;ARAIOSES;0012;0072;26;80;0;14;6;160;34
07170;ARAIOSES;0012;0073;55;112;1;12;14;224;30
07170;ARAIOSES;0012;0074;55;93;2;10;13;211;38
07170;ARAIOSES;0012;0075;50;70;2;13;6;189;48
07170;ARAIOSES;0012;0076;72;102;0;5;20;223;24
07170;ARAIOSES;0012;0077;66;88;2;18;22;223;27
07170;ARAIOSES;0012;0078;59;100;5;18;20;227;25
07170;ARAIOSES;0012;0080;29;70;1;12;14;145;19
07170;ARAIOSES;0012;0081;69;95;0;12;6;206;24
07170;ARAIOSES;0012;0082;43;119;3;9;18;228;36
07170;ARAIOSES;0012;0084;31;96;3;12;13;186;31
07170;ARAIOSES;0012;0085;44;103;3;10;16;192;16
07170;ARAIOSES;0012;0086;85;97;1;4;14;227;26
07170;ARAIOSES;0012;0090;101;69;3;20;27;262;42
07170;ARAIOSES;0012;0091;16;133;1;11;10;192;21
07170;ARAIOSES;0012;0092;26;157;4;23;12;249;27
07170;ARAIOSES;0012;0094;38;122;3;6;19;221;33
07170;ARAIOSES;0012;0095;83;87;1;17;26;237;23
07170;ARAIOSES;0012;0097;77;122;3;9;10;241;20
07170;ARAIOSES;0012;0098;80;90;6;12;19;231;24
07170;ARAIOSES;0012;0101;94;45;2;4;10;183;28
07170;ARAIOSES;0012;0103;64;98;5;9;12;215;27
07170;ARAIOSES;0012;0107;49;97;1;19;9;189;14
07170;ARAIOSES;0012;0108;36;112;0;15;6;191;22
07170;ARAIOSES;0012;0109;26;74;2;10;13;141;16
07170;ARAIOSES;0012;0111;117;93;4;7;19;267;27
07170;ARAIOSES;0012;0112;91;84;1;4;11;204;13
07170;ARAIOSES;0012;0113;45;143;6;20;12;252;26
07170;ARAIOSES;0012;0114;46;134;3;16;24;257;34
07170;ARAIOSES;0012;0117;65;84;3;34;23;236;27
07170;ARAIOSES;0012;0119;74;146;5;7;19;285;34
07170;ARAIOSES;0012;0122;21;122;0;8;9;183;23
07170;ARAIOSES;0012;0123;45;182;1;1;8;254;17
07170;ARAIOSES;0012;0126;29;92;0;9;21;169;18
07170;ARAIOSES;0012;0128;31;110;0;16;12;190;21
07170;ARAIOSES;0012;0129;40;44;3;9;10;118;12
07170;ARAIOSES;0012;0131;52;70;4;18;8;179;27
07170;ARAIOSES;0012;0132;58;101;4;11;11;208;23
07170;ARAIOSES;0012;0133;66;85;5;25;13;218;24
07170;ARAIOSES;0012;0134;4;125;0;14;6;171;22
07170;ARAIOSES;0012;0135;73;90;4;12;6;214;29
07170;ARAIOSES;0012;0137;76;96;0;10;11;205;12
07170;ARAIOSES;0012;0138;63;105;1;14;20;222;19
07170;ARAIOSES;0012;0140;44;100;3;6;11;186;22
07170;ARAIOSES;0012;0141;53;61;0;11;8;168;35
07170;ARAIOSES;0012;0142;85;98;3;9;17;240;28
07170;ARAIOSES;0012;0143;74;86;3;9;7;206;27
07170;ARAIOSES;0012;0147;65;99;1;20;18;222;19
07170;ARAIOSES;0012;0148;39;139;1;6;11;210;14
07170;ARAIOSES;0012;0151;29;100;0;10;11;189;39
07170;ARAIOSES;0012;0152;84;91;2;6;15;230;32
07170;ARAIOSES;0012;0153;56;86;1;16;8;197;30
07170;ARAIOSES;0012;0154;60;126;1;11;15;241;28
07170;ARAIOSES;0012;0155;25;95;4;14;12;181;31
07170;ARAIOSES;0012;0159;64;74;2;20;9;195;26
07170;ARAIOSES;0012;0163;77;104;0;7;7;210;15
07170;ARAIOSES;0012;0165;69;104;2;3;13;218;27
07170;ARAIOSES;0012;0166;85;66;2;14;11;191;13
07170;ARAIOSES;0012;0170;78;64;0;5;14;169;8
07170;ARAIOSES;0012;0171;47;90;0;9;14;205;45
07170;ARAIOSES;0012;0172;30;105;0;2;4;153;12
07170;ARAIOSES;0012;0178;23;69;3;12;6;145;32
07170;ARAIOSES;0012;0182;59;106;1;8;28;223;21
07170;ARAIOSES;0012;0183;59;65;4;14;9;170;19
07170;ARAIOSES;0012;0185;50;81;0;22;8;194;33
07170;ARAIOSES;0012;0186;58;87;1;18;22;204;18
07170;ARAIOSES;0012;0187;62;100;3;16;17;216;18
07170;ARAIOSES;0012;0188;53;136;5;23;16;257;24
07170;ARAIOSES;0012;0189;27;120;13;31;8;227;28
07170;ARAIOSES;0012;0190;38;113;0;16;12;192;13
07170;ARAIOSES;0012;0191;106;54;2;7;11;199;19
07170;ARAIOSES;0012;0192;68;68;5;13;7;183;22
07170;ARAIOSES;0012;0193;41;75;2;18;8;174;30
07170;ARAIOSES;0012;0194;64;92;8;7;17;210;22
07170;ARAIOSES;0012;0195;33;121;3;16;10;202;19
07170;ARAIOSES;0012;0196;72;84;3;10;12;197;16
07170;ARAIOSES;0012;0200;24;96;2;8;13;160;17
07170;ARAIOSES;0012;0204;65;82;3;9;15;189;15
07170;ARAIOSES;0012;0207;66;102;5;8;19;221;21
07170;ARAIOSES;0012;0208;24;111;0;16;9;192;32
07170;ARAIOSES;0012;0209;73;118;1;9;9;223;13
07170;ARAIOSES;0012;0210;14;55;0;3;3;83;8
07170;ARAIOSES;0012;0213;21;26;2;5;2;63;7
07170;ARAIOSES;0012;0214;13;36;0;2;4;62;7
07307;BREJO DE AREIA;0049;0071;95;106;0;3;10;224;10
07307;BREJO DE AREIA;0049;0073;41;50;0;1;10;113;11
07307;BREJO DE AREIA;0049;0077;89;106;0;1;15;218;7
07307;BREJO DE AREIA;0049;0078;100;85;1;0;21;214;7
07307;BREJO DE AREIA;0049;0099;74;68;1;3;9;162;7
07307;BREJO DE AREIA;0049;0100;15;57;1;0;4;82;5
07307;BREJO DE AREIA;0049;0132;99;95;1;2;8;223;18
07307;BREJO DE AREIA;0049;0133;98;98;0;3;14;224;11
07307;BREJO DE AREIA;0049;0135;65;111;0;4;3;189;6
07307;BREJO DE AREIA;0049;0136;46;107;3;1;8;179;14
07307;BREJO DE AREIA;0049;0137;67;102;3;2;11;199;14
07307;BREJO DE AREIA;0049;0147;94;95;0;3;11;213;10
07307;BREJO DE AREIA;0049;0148;64;85;0;2;6;166;9
07307;BREJO DE AREIA;0049;0149;103;91;3;3;15;225;10
07307;BREJO DE AREIA;0049;0151;66;90;0;2;2;168;8
07307;BREJO DE AREIA;0049;0153;33;87;1;1;4;139;13
07307;BREJO DE AREIA;0049;0155;27;29;0;0;5;62;1
07307;BREJO DE AREIA;0049;0156;36;69;0;2;4;119;8
07307;BREJO DE AREIA;0049;0158;50;27;1;0;2;88;8
07307;BREJO DE AREIA;0049;0160;57;106;1;2;11;187;10
07307;BREJO DE AREIA;0049;0165;107;47;0;2;10;176;10
07307;BREJO DE AREIA;0049;0218;47;91;0;2;9;155;6
07307;BREJO DE AREIA;0049;0219;55;32;0;1;1;93;4
07307;BREJO DE AREIA;0049;0220;115;94;3;3;9;232;8
07307;BREJO DE AREIA;0049;0229;118;96;3;5;16;252;14
07307;BREJO DE AREIA;0049;0230;98;110;3;4;5;232;12
07307;BREJO DE AREIA;0049;0231;110;95;3;3;8;232;13
07307;BREJO DE AREIA;0049;0232;117;86;0;2;14;228;9
07307;BREJO DE AREIA;0049;0233;113;88;0;3;11;224;9
07307;BREJO DE AREIA;0049;0234;107;77;1;1;20;213;7
07307;BREJO DE AREIA;0049;0235;112;76;2;0;11;215;14
07307;BREJO DE AREIA;0049;0243;99;94;1;3;11;216;8
07307;BREJO DE AREIA;0049;0244;107;95;1;1;20;232;8
07307;BREJO DE AREIA;0049;0249;79;73;1;2;6;166;5
07323;BOA VISTA DO GURUPI;0100;0061;73;99;3;6;5;223;37
07323;BOA VISTA DO GURUPI;0100;0062;74;99;4;3;12;219;27
07323;BOA VISTA DO GURUPI;0100;0063;92;102;1;1;2;220;22
07323;BOA VISTA DO GURUPI;0100;0064;91;111;0;1;17;249;29
07323;BOA VISTA DO GURUPI;0100;0065;87;94;1;2;15;226;27
07323;BOA VISTA DO GURUPI;0100;0066;88;98;3;1;5;223;28
07323;BOA VISTA DO GURUPI;0100;0067;101;103;4;1;20;258;29
07323;BOA VISTA DO GURUPI;0100;0068;77;141;2;0;16;259;23
07323;BOA VISTA DO GURUPI;0100;0069;97;113;2;1;5;247;29
07323;BOA VISTA DO GURUPI;0100;0070;107;109;3;6;11;262;26
07323;BOA VISTA DO GURUPI;0100;0071;79;129;0;3;15;248;22
07323;BOA VISTA DO GURUPI;0100;0072;65;147;0;2;18;266;34
07323;BOA VISTA DO GURUPI;0100;0073;28;83;0;0;5;133;17
07323;BOA VISTA DO GURUPI;0100;0122;87;100;4;5;14;229;19
07323;BOA VISTA DO GURUPI;0100;0131;89;107;3;3;12;241;27
07323;BOA VISTA DO GURUPI;0100;0132;26;106;0;2;2;153;17
07323;BOA VISTA DO GURUPI;0100;0133;52;58;0;0;4;118;4
07323;BOA VISTA DO GURUPI;0100;0139;88;78;1;5;14;216;30
07323;BOA VISTA DO GURUPI;0100;0157;80;122;3;1;11;245;28
07323;BOA VISTA DO GURUPI;0100;0163;74;102;1;1;7;207;22
07323;BOA VISTA DO GURUPI;0100;0169;70;118;0;2;5;226;31
07323;BOA VISTA DO GURUPI;0100;0175;75;86;3;1;4;179;10
07323;BOA VISTA DO GURUPI;0100;0176;65;100;2;3;10;212;32
07323;BOA VISTA DO GURUPI;0100;0180;12;39;0;1;8;78;18
07323;BOA VISTA DO GURUPI;0100;0182;10;47;0;0;5;69;7
07331;BARREIRINHAS;0056;0001;96;96;1;2;8;214;11
07331;BARREIRINHAS;0056;0002;96;95;1;4;6;216;14
07331;BARREIRINHAS;0056;0003;86;102;1;5;7;211;10
07331;BARREIRINHAS;0056;0004;96;92;2;5;4;211;12
07331;BARREIRINHAS;0056;0005;96;91;1;3;7;211;13
07331;BARREIRINHAS;0056;0006;114;88;0;4;7;228;15
07331;BARREIRINHAS;0056;0007;86;93;2;4;4;209;20
07331;BARREIRINHAS;0056;0008;106;77;0;4;5;201;9
07331;BARREIRINHAS;0056;0009;86;92;4;4;2;199;11
07331;BARREIRINHAS;0056;0010;148;116;0;4;15;299;16
07331;BARREIRINHAS;0056;0011;133;114;2;5;7;281;20
07331;BARREIRINHAS;0056;0013;104;111;3;6;9;241;8
07331;BARREIRINHAS;0056;0015;112;92;2;3;5;227;13
07331;BARREIRINHAS;0056;0016;50;51;0;1;2;111;7
07331;BARREIRINHAS;0056;0022;76;126;0;0;15;229;12
07331;BARREIRINHAS;0056;0023;57;154;0;2;5;233;15
07331;BARREIRINHAS;0056;0024;135;113;1;3;8;269;9
07331;BARREIRINHAS;0056;0025;116;133;0;4;9;276;14
07331;BARREIRINHAS;0056;0026;47;150;0;3;6;215;9
07331;BARREIRINHAS;0056;0028;81;67;0;0;9;174;17
07331;BARREIRINHAS;0056;0029;81;63;0;3;6;177;24
07331;BARREIRINHAS;0056;0030;77;72;0;3;5;177;20
07331;BARREIRINHAS;0056;0032;69;166;0;2;1;250;12
07331;BARREIRINHAS;0056;0034;69;193;0;4;7;287;14
07331;BARREIRINHAS;0056;0035;100;121;2;2;7;239;7
07331;BARREIRINHAS;0056;0036;67;128;0;11;5;226;15
07331;BARREIRINHAS;0056;0037;58;139;0;0;4;214;13
07331;BARREIRINHAS;0056;0038;42;90;0;0;5;147;10
07331;BARREIRINHAS;0056;0039;110;169;0;1;8;312;24
07331;BARREIRINHAS;0056;0040;48;122;0;0;12;195;13
07331;BARREIRINHAS;0056;0042;78;96;2;5;5;192;6
07331;BARREIRINHAS;0056;0043;156;127;2;7;10;315;13
07331;BARREIRINHAS;0056;0044;100;99;0;4;3;216;10
07331;BARREIRINHAS;0056;0046;29;87;0;2;1;122;3
07331;BARREIRINHAS;0056;0047;58;143;0;18;11;245;15
07331;BARREIRINHAS;0056;0048;63;121;0;1;6;201;10
07331;BARREIRINHAS;0056;0049;82;101;2;6;5;201;5
07331;BARREIRINHAS;0056;0050;82;90;0;3;3;189;11
07331;BARREIRINHAS;0056;0051;73;83;0;0;6;185;23
07331;BARREIRINHAS;0056;0052;154;128;8;7;17;331;17
07331;BARREIRINHAS;0056;0053;133;150;0;7;8;317;19
07331;BARREIRINHAS;0056;0054;83;91;2;6;5;194;7
07331;BARREIRINHAS;0056;0055;76;130;1;9;7;240;17
07331;BARREIRINHAS;0056;0056;66;156;0;1;2;232;7
07331;BARREIRINHAS;0056;0058;67;162;1;2;8;274;34
07331;BARREIRINHAS;0056;0059;66;179;0;4;11;280;20
07331;BARREIRINHAS;0056;0060;48;140;1;10;23;248;26
07331;BARREIRINHAS;0056;0061;45;177;0;15;7;262;18
07331;BARREIRINHAS;0056;0062;26;48;0;3;3;84;4
07331;BARREIRINHAS;0056;0063;55;127;1;0;5;199;11
07331;BARREIRINHAS;0056;0064;58;126;2;3;6;204;9
07331;BARREIRINHAS;0056;0065;33;75;0;2;3;125;12
07331;BARREIRINHAS;0056;0066;90;129;0;0;5;244;20
07331;BARREIRINHAS;0056;0067;59;83;2;2;5;181;30
07331;BARREIRINHAS;0056;0068;52;120;0;1;5;181;3
07331;BARREIRINHAS;0056;0069;91;185;0;4;9;302;13
07331;BARREIRINHAS;0056;0070;68;204;0;0;6;287;9
07331;BARREIRINHAS;0056;0071;166;122;1;1;5;310;15
07331;BARREIRINHAS;0056;0072;99;133;0;4;9;264;19
07331;BARREIRINHAS;0056;0073;132;174;0;3;17;337;11
07331;BARREIRINHAS;0056;0074;101;110;1;6;4;231;9
07331;BARREIRINHAS;0056;0075;74;134;0;1;11;232;12
07331;BARREIRINHAS;0056;0076;61;173;3;5;5;272;25
07331;BARREIRINHAS;0056;0077;54;112;0;0;7;181;8
07331;BARREIRINHAS;0056;0078;107;92;2;6;8;226;11
07331;BARREIRINHAS;0056;0079;121;166;3;3;18;337;26
07331;BARREIRINHAS;0056;0080;49;124;0;0;12;197;12
07331;BARREIRINHAS;0056;0081;67;92;0;1;4;181;17
07331;BARREIRINHAS;0056;0082;87;168;1;2;22;305;25
07331;BARREIRINHAS;0056;0083;77;161;0;1;5;257;13
07331;BARREIRINHAS;0056;0084;75;64;0;0;9;157;9
07331;BARREIRINHAS;0056;0085;96;123;0;0;9;244;16
07331;BARREIRINHAS;0056;0086;139;150;6;7;10;325;13
07331;BARREIRINHAS;0056;0087;135;160;3;5;9;330;18
07331;BARREIRINHAS;0056;0088;118;75;3;5;6;220;13
07331;BARREIRINHAS;0056;0089;131;119;0;2;4;264;8
07331;BARREIRINHAS;0056;0090;75;171;1;7;6;281;21
07331;BARREIRINHAS;0056;0091;148;131;7;6;8;321;21
07331;BARREIRINHAS;0056;0092;102;153;0;2;5;272;10
07331;BARREIRINHAS;0056;0093;68;102;1;4;18;207;14
07331;BARREIRINHAS;0056;0094;43;160;1;5;12;234;13
07331;BARREIRINHAS;0056;0095;134;163;0;2;9;323;15
07331;BARREIRINHAS;0056;0096;105;203;2;2;3;324;9
07331;BARREIRINHAS;0056;0097;65;184;0;5;5;277;18
07331;BARREIRINHAS;0056;0098;49;72;0;1;4;131;5
07331;BARREIRINHAS;0056;0099;85;167;0;0;4;269;13
07331;BARREIRINHAS;0056;0100;27;66;0;0;4;100;3
07331;BARREIRINHAS;0056;0101;38;133;0;0;5;194;18
07331;BARREIRINHAS;0056;0102;47;11;0;2;4;69;5
07331;BARREIRINHAS;0056;0103;143;107;0;0;20;292;22
07331;BARREIRINHAS;0056;0104;27;69;0;0;2;105;7
07331;BARREIRINHAS;0056;0105;60;116;0;0;11;212;25
07331;BARREIRINHAS;0056;0106;10;37;0;1;2;51;1
07331;BARREIRINHAS;0056;0107;18;103;0;1;11;147;14
07331;BARREIRINHAS;0056;0108;69;98;0;1;2;194;24
07331;BARREIRINHAS;0056;0109;18;138;0;0;12;188;20
07331;BARREIRINHAS;0056;0110;80;109;0;1;9;205;6
07331;BARREIRINHAS;0056;0111;93;41;0;0;1;143;8
07331;BARREIRINHAS;0056;0112;23;89;0;0;2;120;6
07331;BARREIRINHAS;0056;0113;127;156;2;2;11;319;21
07331;BARREIRINHAS;0056;0136;84;112;1;0;10;221;14
07331;BARREIRINHAS;0056;0137;71;151;0;1;4;238;11
07331;BARREIRINHAS;0056;0138;156;138;0;6;16;333;17
07331;BARREIRINHAS;0056;0139;79;181;0;5;8;293;20
07331;BARREIRINHAS;0056;0140;156;137;3;8;6;325;15
07331;BARREIRINHAS;0056;0143;133;142;2;4;11;314;22
07331;BARREIRINHAS;0056;0144;33;138;0;2;4;189;12
07331;BARREIRINHAS;0056;0149;124;137;0;1;6;274;6
07331;BARREIRINHAS;0056;0150;21;104;0;0;5;140;10
07331;BARREIRINHAS;0056;0151;47;80;1;1;4;136;3
07331;BARREIRINHAS;0056;0152;36;96;0;2;4;141;3
07331;BARREIRINHAS;0056;0153;73;156;1;3;7;250;10
07331;BARREIRINHAS;0056;0155;85;117;1;7;16;249;23
07331;BARREIRINHAS;0056;0156;18;87;0;2;2;112;3
07331;BARREIRINHAS;0056;0157;73;189;0;2;6;289;19
07331;BARREIRINHAS;0056;0158;84;81;0;2;4;180;9
07331;BARREIRINHAS;0056;0159;22;68;0;1;6;109;12
07331;BARREIRINHAS;0056;0160;51;161;0;0;4;269;53
07331;BARREIRINHAS;0056;0162;188;98;0;4;7;303;6
07331;BARREIRINHAS;0056;0163;137;156;2;1;9;328;23
07331;BARREIRINHAS;0056;0164;138;153;1;8;10;327;17
07331;BARREIRINHAS;0056;0165;80;189;2;3;7;288;7
07331;BARREIRINHAS;0056;0166;80;114;4;2;17;240;23
07331;BARREIRINHAS;0056;0170;145;162;3;3;12;336;11
07331;BARREIRINHAS;0056;0172;24;68;0;0;2;98;4
07331;BARREIRINHAS;0056;0173;157;140;3;4;8;326;14
07331;BARREIRINHAS;0056;0174;40;112;1;2;10;177;12
07331;BARREIRINHAS;0056;0175;25;75;0;1;4;110;5
07331;BARREIRINHAS;0056;0176;59;159;1;2;11;256;24
07331;BARREIRINHAS;0056;0177;25;112;0;1;2;142;2
07331;BARREIRINHAS;0056;0178;19;113;1;2;5;148;8
07331;BARREIRINHAS;0056;0181;84;121;0;5;5;227;12
07331;BARREIRINHAS;0056;0182;130;153;2;8;7;313;13
07331;BARREIRINHAS;0056;0183;138;161;0;2;12;330;17
07331;BARREIRINHAS;0056;0184;72;57;0;2;8;166;27
07331;BARREIRINHAS;0056;0186;138;147;3;3;11;320;18
07331;BARREIRINHAS;0056;0189;17;128;0;1;3;154;5
07331;BARREIRINHAS;0056;0190;36;128;0;0;8;182;10
07331;BARREIRINHAS;0056;0191;28;44;0;0;0;74;2
07331;BARREIRINHAS;0056;0192;100;156;2;2;4;271;7
07331;BARREIRINHAS;0056;0193;19;93;0;0;8;141;21
07331;BARREIRINHAS;0056;0194;144;142;1;3;10;317;17
07331;BARREIRINHAS;0056;0195;158;95;0;2;4;265;6
07331;BARREIRINHAS;0056;0196;89;83;0;0;2;188;14
07331;BARREIRINHAS;0056;0197;103;106;0;0;6;234;19
07331;BARREIRINHAS;0056;0198;50;104;0;2;1;163;6
07331;BARREIRINHAS;0056;0199;13;41;1;1;2;67;9
07331;BARREIRINHAS;0056;0200;143;146;2;5;9;315;10
07331;BARREIRINHAS;0056;0201;111;147;1;4;14;298;21
07331;BARREIRINHAS;0056;0202;101;150;3;4;13;285;14
07331;BARREIRINHAS;0056;0203;131;140;1;4;3;286;7
07331;BARREIRINHAS;0056;0204;161;132;5;5;6;323;14
07331;BARREIRINHAS;0056;0205;30;81;1;1;4;126;9
07331;BARREIRINHAS;0056;0206;66;101;0;0;3;176;6
07331;BARREIRINHAS;0056;0209;126;147;0;3;11;309;22
07331;BARREIRINHAS;0056;0210;139;151;1;11;12;325;11
07331;BARREIRINHAS;0056;0211;123;147;1;5;15;312;21
07331;BARREIRINHAS;0056;0215;167;131;0;6;11;332;17
07331;BARREIRINHAS;0056;0216;50;146;2;6;2;215;9
07331;BARREIRINHAS;0056;0217;56;91;0;1;5;166;13
07331;BARREIRINHAS;0056;0218;137;160;4;5;10;324;8
07331;BARREIRINHAS;0056;0220;66;64;1;3;3;146;9
07331;BARREIRINHAS;0056;0221;15;82;0;0;3;111;11
07331;BARREIRINHAS;0056;0223;46;116;0;2;3;176;9
07331;BARREIRINHAS;0056;0224;121;160;2;4;15;321;19
07331;BARREIRINHAS;0056;0225;18;117;0;1;5;145;4
07331;BARREIRINHAS;0056;0226;135;128;2;1;6;282;10
07331;BARREIRINHAS;0056;0227;34;76;0;2;0;120;8
07331;BARREIRINHAS;0056;0228;139;137;4;10;13;315;12
07331;BARREIRINHAS;0056;0229;109;125;0;6;10;263;13
07331;BARREIRINHAS;0056;0230;115;134;1;4;15;287;18
07331;BARREIRINHAS;0056;0231;84;139;1;3;8;246;11
07331;BARREIRINHAS;0056;0232;142;154;3;5;8;321;9
07331;BARREIRINHAS;0056;0233;29;74;0;1;1;108;3
07331;BARREIRINHAS;0056;0234;115;138;1;10;8;291;19
07331;BARREIRINHAS;0056;0235;41;99;0;0;1;144;3
07331;BARREIRINHAS;0056;0236;28;94;0;2;1;133;8
07331;BARREIRINHAS;0056;0237;144;152;2;6;3;314;7
07331;BARREIRINHAS;0056;0238;87;171;3;4;2;279;12
07331;BARREIRINHAS;0056;0239;14;56;0;0;3;74;1
07331;BARREIRINHAS;0056;0240;134;142;2;8;9;305;10
07331;BARREIRINHAS;0056;0241;78;96;0;1;9;197;13
07331;BARREIRINHAS;0056;0242;41;64;0;1;1;110;3
07331;BARREIRINHAS;0056;0243;110;133;2;12;7;274;10
07331;BARREIRINHAS;0056;0244;44;58;0;1;1;110;6
07331;BARREIRINHAS;0056;0245;76;63;0;2;3;149;5
07331;BARREIRINHAS;0056;0246;133;135;5;6;7;300;14
07331;BARREIRINHAS;0056;0247;75;111;1;5;2;200;6
07331;BARREIRINHAS;0056;0249;7;42;0;0;3;55;3
07331;BARREIRINHAS;0056;0250;58;99;0;1;1;165;6
07331;BARREIRINHAS;0056;0251;112;154;0;4;5;282;7
07331;BARREIRINHAS;0056;0252;19;42;0;4;4;71;2
07331;BARREIRINHAS;0056;0253;13;48;1;1;0;64;1
07331;BARREIRINHAS;0056;0254;11;86;0;0;1;101;3
07331;BARREIRINHAS;0056;0255;53;15;0;0;3;73;2
07331;BARREIRINHAS;0056;0256;118;153;2;4;9;298;12
07331;BARREIRINHAS;0056;0257;14;38;0;0;0;54;2
07412;BURITI;0025;0001;65;111;3;5;15;229;30
07412;BURITI;0025;0002;77;120;4;8;17;258;32
07412;BURITI;0025;0003;81;88;1;3;3;204;28
07412;BURITI;0025;0004;69;102;0;5;10;224;38
07412;BURITI;0025;0005;82;112;0;11;11;253;37
07412;BURITI;0025;0006;67;97;3;8;19;227;33
07412;BURITI;0025;0007;88;115;2;16;17;265;27
07412;BURITI;0025;0008;45;61;2;13;14;155;20
07412;BURITI;0025;0009;63;92;0;5;16;197;21
07412;BURITI;0025;0010;74;85;1;7;11;193;15
07412;BURITI;0025;0011;55;94;0;6;10;181;16
07412;BURITI;0025;0012;64;78;1;11;9;186;23
07412;BURITI;0025;0013;70;85;0;7;9;190;19
07412;BURITI;0025;0014;66;85;1;8;12;189;17
07412;BURITI;0025;0015;81;97;1;10;10;222;23
07412;BURITI;0025;0016;74;113;1;3;9;227;27
07412;BURITI;0025;0017;93;100;5;7;21;238;12
07412;BURITI;0025;0018;86;109;3;7;7;239;27
07412;BURITI;0025;0019;104;98;1;3;14;242;22
07412;BURITI;0025;0020;94;122;1;5;14;264;28
07412;BURITI;0025;0021;48;128;1;1;14;218;26
07412;BURITI;0025;0022;79;131;2;3;10;242;17
07412;BURITI;0025;0023;80;135;1;2;12;256;26
07412;BURITI;0025;0024;34;143;0;9;8;225;31
07412;BURITI;0025;0025;59;161;0;13;14;289;42
07412;BURITI;0025;0026;32;133;2;11;19;222;25
07412;BURITI;0025;0027;19;165;2;11;12;237;28
07412;BURITI;0025;0028;48;122;0;16;24;246;36
07412;BURITI;0025;0030;15;76;1;2;7;111;10
07412;BURITI;0025;0031;54;199;0;6;6;304;39
07412;BURITI;0025;0032;95;106;4;11;19;262;27
07412;BURITI;0025;0033;68;85;0;9;9;192;21
07412;BURITI;0025;0034;94;105;0;7;15;253;32
07412;BURITI;0025;0035;57;190;0;6;6;302;43
07412;BURITI;0025;0036;57;94;1;4;11;190;23
07412;BURITI;0025;0037;11;96;2;2;12;145;22
07412;BURITI;0025;0038;43;103;0;5;6;168;11
07412;BURITI;0025;0039;35;208;0;9;27;309;30
07412;BURITI;0025;0040;95;104;1;6;8;240;26
07412;BURITI;0025;0041;84;122;3;10;12;262;31
07412;BURITI;0025;0042;110;117;1;11;8;282;35
07412;BURITI;0025;0043;72;178;1;11;21;314;31
07412;BURITI;0025;0044;36;152;0;6;17;246;35
07412;BURITI;0025;0045;75;125;2;12;8;245;23
07412;BURITI;0025;0046;71;113;0;13;3;216;16
07412;BURITI;0025;0047;55;110;0;7;9;196;15
07412;BURITI;0025;0048;105;162;2;7;18;325;31
07412;BURITI;0025;0049;58;130;1;4;1;210;16
07412;BURITI;0025;0050;42;123;2;5;9;202;21
07412;BURITI;0025;0051;23;156;0;8;13;216;16
07412;BURITI;0025;0052;74;97;0;6;8;198;13
07412;BURITI;0025;0053;41;190;0;3;17;265;14
07412;BURITI;0025;0054;84;112;4;3;17;247;27
07412;BURITI;0025;0055;69;130;2;9;11;248;27
07412;BURITI;0025;0056;130;130;1;10;8;306;27
07412;BURITI;0025;0057;123;122;1;8;13;293;26
07412;BURITI;0025;0058;41;134;0;4;11;203;13
07412;BURITI;0025;0059;29;204;0;5;7;297;52
07412;BURITI;0025;0060;97;118;2;9;5;253;22
07412;BURITI;0025;0061;52;156;1;8;14;262;31
07412;BURITI;0025;0062;48;179;0;3;15;296;51
07412;BURITI;0025;0063;43;110;1;5;6;182;17
07412;BURITI;0025;0064;53;114;0;6;9;199;17
07412;BURITI;0025;0065;33;97;3;6;1;162;22
07412;BURITI;0025;0066;76;96;1;10;4;199;12
07412;BURITI;0025;0068;67;135;0;0;7;240;31
07412;BURITI;0025;0069;28;67;0;1;6;109;7
07412;BURITI;0025;0070;38;170;2;4;11;269;44
07412;BURITI;0025;0072;61;74;1;6;6;160;12
07412;BURITI;0025;0073;24;153;0;10;11;227;29
07412;BURITI;0025;0074;123;163;0;6;9;324;23
07412;BURITI;0025;0075;37;140;3;4;7;221;30
07412;BURITI;0025;0076;34;137;0;10;11;216;24
07412;BURITI;0025;0077;70;121;1;3;8;218;15
07412;BURITI;0025;0078;75;68;0;14;9;189;23
07412;BURITI;0025;0079;16;137;0;6;5;178;14
07412;BURITI;0025;0080;46;129;0;7;10;220;28
07412;BURITI;0025;0081;11;55;0;2;2;76;6
07412;BURITI;0025;0084;19;65;1;3;6;97;3
07536;CAROLINA;0026;0001;114;55;9;7;8;226;33
07536;CAROLINA;0026;0003;114;59;11;3;11;225;27
07536;CAROLINA;0026;0005;80;47;5;7;7;164;18
07536;CAROLINA;0026;0006;84;56;3;9;12;178;14
07536;CAROLINA;0026;0007;92;30;9;8;14;165;12
07536;CAROLINA;0026;0008;88;41;4;8;12;165;12
07536;CAROLINA;0026;0009;89;36;10;6;8;163;14
07536;CAROLINA;0026;0010;119;58;10;4;9;223;23
07536;CAROLINA;0026;0012;114;58;10;6;12;232;32
07536;CAROLINA;0026;0013;124;64;4;5;13;231;21
07536;CAROLINA;0026;0014;115;57;7;10;5;214;20
07536;CAROLINA;0026;0015;114;71;9;8;11;231;18
07536;CAROLINA;0026;0016;84;39;2;3;11;159;20
07536;CAROLINA;0026;0017;87;45;6;6;4;161;13
07536;CAROLINA;0026;0018;121;43;15;9;7;217;22
07536;CAROLINA;0026;0020;140;61;7;3;17;247;19
07536;CAROLINA;0026;0021;84;38;3;2;3;138;8
07536;CAROLINA;0026;0023;122;68;7;8;13;233;15
07536;CAROLINA;0026;0025;133;78;10;8;11;263;23
07536;CAROLINA;0026;0026;126;66;6;10;22;251;21
07536;CAROLINA;0026;0027;129;61;7;7;21;250;25
07536;CAROLINA;0026;0028;149;66;6;8;18;273;26
07536;CAROLINA;0026;0029;166;59;9;14;14;282;20
07536;CAROLINA;0026;0030;138;66;2;8;24;260;22
07536;CAROLINA;0026;0031;138;47;7;5;15;232;20
07536;CAROLINA;0026;0032;126;46;8;10;15;231;26
07536;CAROLINA;0026;0033;141;40;8;5;15;248;39
07536;CAROLINA;0026;0034;139;60;9;8;10;258;32
07536;CAROLINA;0026;0035;107;58;6;3;16;206;16
07536;CAROLINA;0026;0037;37;51;0;9;16;131;18
07536;CAROLINA;0026;0038;13;16;0;0;2;60;29
07536;CAROLINA;0026;0039;19;46;1;0;8;89;15
07536;CAROLINA;0026;0040;114;59;0;1;11;219;34
07536;CAROLINA;0026;0041;106;54;2;2;14;215;37
07536;CAROLINA;0026;0042;98;47;3;2;19;194;25
07536;CAROLINA;0026;0043;37;39;0;0;9;106;21
07536;CAROLINA;0026;0044;118;42;4;5;16;210;25
07536;CAROLINA;0026;0046;80;49;2;0;10;173;32
07536;CAROLINA;0026;0047;97;34;0;1;10;167;25
07536;CAROLINA;0026;0049;109;49;0;2;17;189;12
07536;CAROLINA;0026;0050;81;43;1;3;10;157;19
07536;CAROLINA;0026;0051;107;47;9;4;12;203;24
07536;CAROLINA;0026;0052;108;49;4;2;16;201;22
07536;CAROLINA;0026;0053;102;52;7;5;13;196;17
07536;CAROLINA;0026;0055;37;13;3;4;4;67;6
07536;CAROLINA;0026;0059;130;61;6;8;16;243;22
07536;CAROLINA;0026;0060;122;51;5;4;4;217;31
07536;CAROLINA;0026;0062;73;23;0;2;5;127;24
07536;CAROLINA;0026;0063;52;28;0;3;8;104;13
07536;CAROLINA;0026;0064;43;23;0;1;10;95;18
07536;CAROLINA;0026;0066;182;65;4;10;22;303;20
07536;CAROLINA;0026;0067;90;38;9;6;12;169;14
07536;CAROLINA;0026;0068;117;51;3;2;6;188;9
07536;CAROLINA;0026;0069;109;51;5;3;7;210;35
07536;CAROLINA;0026;0070;87;35;4;2;4;148;16
07536;CAROLINA;0026;0071;113;62;1;7;12;218;23
07536;CAROLINA;0026;0073;135;62;6;15;16;261;27
07536;CAROLINA;0026;0074;146;41;7;5;16;243;28
07536;CAROLINA;0026;0075;140;62;3;4;12;247;26
07536;CAROLINA;0026;0076;59;27;1;2;13;156;54
07536;CAROLINA;0026;0077;122;51;6;6;15;218;18
07536;CAROLINA;0026;0078;144;66;3;4;9;257;31
07536;CAROLINA;0026;0081;47;25;0;1;9;101;19
07536;CAROLINA;0026;0083;151;54;12;7;16;259;19
07536;CAROLINA;0026;0084;96;71;4;4;18;208;15
07536;CAROLINA;0026;0086;87;32;5;5;6;146;11
07536;CAROLINA;0026;0087;150;55;4;14;18;258;17
07536;CAROLINA;0026;0088;132;77;4;6;7;249;23
07536;CAROLINA;0026;0089;137;40;9;6;5;216;19
07536;CAROLINA;0026;0090;133;55;8;15;10;240;19
07536;CAROLINA;0026;0091;122;66;1;3;6;213;15
07536;CAROLINA;0026;0092;139;47;4;9;9;242;34
07676;COLINAS;0029;0001;120;135;0;1;18;288;14
07676;COLINAS;0029;0002;121;133;1;1;17;288;15
07676;COLINAS;0029;0003;95;150;1;1;9;265;9
07676;COLINAS;0029;0004;104;154;3;0;8;279;10
07676;COLINAS;0029;0005;103;165;0;2;9;288;9
07676;COLINAS;0029;0006;105;154;2;1;9;278;7
07676;COLINAS;0029;0007;107;129;1;2;15;266;12
07676;COLINAS;0029;0008;124;130;2;1;19;290;14
07676;COLINAS;0029;0009;49;60;0;1;7;123;6
07676;COLINAS;0029;0010;46;57;0;1;8;117;5
07676;COLINAS;0029;0011;41;59;1;3;7;119;8
07676;COLINAS;0029;0012;48;70;0;2;3;126;3
07676;COLINAS;0029;0013;75;115;0;0;10;212;12
07676;COLINAS;0029;0014;72;132;0;1;5;218;8
07676;COLINAS;0029;0015;83;110;0;1;19;222;9
07676;COLINAS;0029;0016;29;67;0;1;7;108;4
07676;COLINAS;0029;0017;36;59;1;2;9;119;12
07676;COLINAS;0029;0018;100;157;0;1;13;286;15
07676;COLINAS;0029;0019;85;162;0;1;14;275;13
07676;COLINAS;0029;0020;97;162;1;0;11;288;17
07676;COLINAS;0029;0021;127;141;1;3;10;290;8
07676;COLINAS;0029;0022;101;142;0;2;18;276;13
07676;COLINAS;0029;0023;121;142;2;1;14;294;14
07676;COLINAS;0029;0024;92;143;3;4;16;267;9
07676;COLINAS;0029;0025;103;146;0;7;8;277;13
07676;COLINAS;0029;0026;100;140;0;4;11;281;26
07676;COLINAS;0029;0027;92;137;3;2;13;260;13
07676;COLINAS;0029;0028;109;141;0;0;7;274;17
07676;COLINAS;0029;0029;100;146;3;2;13;283;19
07676;COLINAS;0029;0030;89;161;0;4;10;279;15
07676;COLINAS;0029;0035;108;155;0;2;11;290;14
07676;COLINAS;0029;0036;108;155;0;1;10;287;13
07676;COLINAS;0029;0037;98;177;1;1;12;298;9
07676;COLINAS;0029;0038;84;119;0;0;7;217;7
07676;COLINAS;0029;0039;81;125;0;1;8;220;5
07676;COLINAS;0029;0040;81;114;1;1;11;222;14
07676;COLINAS;0029;0041;69;113;0;4;11;212;15
07676;COLINAS;0029;0042;79;103;0;0;8;201;11
07676;COLINAS;0029;0043;61;101;1;3;12;194;16
07676;COLINAS;0029;0044;73;119;0;2;8;214;12
07676;COLINAS;0029;0045;87;166;1;2;10;279;13
07676;COLINAS;0029;0046;104;162;0;2;12;295;15
07676;COLINAS;0029;0047;109;169;0;3;17;313;15
07676;COLINAS;0029;0048;131;157;0;3;8;309;10
07676;COLINAS;0029;0049;99;159;2;2;11;282;9
07676;COLINAS;0029;0050;104;161;1;4;16;297;11
07676;COLINAS;0029;0051;96;178;0;4;8;298;12
07676;COLINAS;0029;0052;101;190;0;3;20;324;10
07676;COLINAS;0029;0053;99;186;1;3;14;323;20
07676;COLINAS;0029;0054;127;132;0;4;13;292;16
07676;COLINAS;0029;0055;94;157;0;6;20;297;20
07676;COLINAS;0029;0056;88;137;0;6;19;265;15
07676;COLINAS;0029;0058;123;126;2;3;7;276;15
07676;COLINAS;0029;0059;117;153;0;1;10;289;8
07676;COLINAS;0029;0060;101;138;0;1;13;267;14
07676;COLINAS;0029;0061;79;139;1;0;16;257;22
07676;COLINAS;0029;0064;42;119;0;0;5;188;22
07676;COLINAS;0029;0065;47;76;0;4;5;140;8
07676;COLINAS;0029;0067;50;175;0;1;5;242;11
07676;COLINAS;0029;0071;103;152;2;3;10;285;15
07676;COLINAS;0029;0072;114;152;0;0;15;291;10
07676;COLINAS;0029;0073;120;143;0;3;13;300;21
07676;COLINAS;0029;0076;110;134;1;3;15;278;15
07676;COLINAS;0029;0077;88;104;0;1;15;225;17
07676;COLINAS;0029;0078;86;164;0;1;14;287;22
07676;COLINAS;0029;0080;52;165;0;3;12;244;12
07676;COLINAS;0029;0081;96;137;1;2;18;273;19
07676;COLINAS;0029;0084;99;92;0;1;5;212;15
07676;COLINAS;0029;0087;90;152;0;1;13;271;15
07676;COLINAS;0029;0088;115;174;0;4;5;312;14
07676;COLINAS;0029;0089;125;124;0;6;9;284;20
07676;COLINAS;0029;0090;61;120;0;0;8;206;17
07676;COLINAS;0029;0091;112;160;2;2;9;289;4
07676;COLINAS;0029;0093;84;143;0;1;7;248;13
07676;COLINAS;0029;0094;110;138;1;1;4;263;9
07676;COLINAS;0029;0095;122;182;0;2;11;325;8
07676;COLINAS;0029;0096;92;160;0;3;10;277;12
07676;COLINAS;0029;0097;110;154;0;2;10;283;7
07676;COLINAS;0029;0099;103;128;0;2;13;254;8
07676;COLINAS;0029;0100;96;139;0;1;13;260;11
07676;COLINAS;0029;0101;100;158;0;4;6;272;4
07676;COLINAS;0029;0102;53;142;1;0;10;217;11
07676;COLINAS;0029;0105;100;131;2;4;16;273;20
07676;COLINAS;0029;0107;71;148;0;1;13;249;16
07676;COLINAS;0029;0109;103;152;1;3;12;276;5
07676;COLINAS;0029;0110;129;145;0;1;8;297;14
07676;COLINAS;0029;0115;24;81;0;0;3;110;2
07676;COLINAS;0029;0116;42;68;0;0;3;122;9
07676;COLINAS;0029;0119;49;73;0;1;6;132;3
07676;COLINAS;0029;0120;21;24;0;0;1;47;1
07781;JUNCO DO MARANHÃO;0100;0001;56;83;0;1;4;176;32
07781;JUNCO DO MARANHÃO;0100;0002;56;72;3;3;6;174;34
07781;JUNCO DO MARANHÃO;0100;0003;61;94;0;3;8;193;27
07781;JUNCO DO MARANHÃO;0100;0004;55;90;1;4;4;188;34
07781;JUNCO DO MARANHÃO;0100;0006;87;43;0;2;12;178;34
07781;JUNCO DO MARANHÃO;0100;0007;79;56;1;8;9;191;38
07781;JUNCO DO MARANHÃO;0100;0008;83;68;0;6;14;195;24
07781;JUNCO DO MARANHÃO;0100;0009;81;76;1;4;4;196;30
07781;JUNCO DO MARANHÃO;0100;0010;100;40;0;5;6;173;22
07781;JUNCO DO MARANHÃO;0100;0011;113;35;0;6;8;182;20
07781;JUNCO DO MARANHÃO;0100;0012;119;120;1;5;7;282;30
07781;JUNCO DO MARANHÃO;0100;0013;115;84;0;4;11;245;31
07781;JUNCO DO MARANHÃO;0100;0014;90;83;2;5;8;222;34
07781;JUNCO DO MARANHÃO;0100;0016;101;66;1;4;12;207;23
07781;JUNCO DO MARANHÃO;0100;0017;110;67;0;6;7;220;30
07781;JUNCO DO MARANHÃO;0100;0137;27;36;0;0;1;74;10
07781;JUNCO DO MARANHÃO;0100;0140;83;47;0;5;4;153;14
07781;JUNCO DO MARANHÃO;0100;0147;93;50;1;5;12;187;26
07781;JUNCO DO MARANHÃO;0100;0177;114;49;0;6;3;188;16
07781;JUNCO DO MARANHÃO;0100;0178;36;57;1;3;4;115;14
07781;JUNCO DO MARANHÃO;0100;0179;66;53;0;1;3;151;28
07900;MARAJÁ DO SENA;0102;0071;63;54;3;2;16;143;5
07900;MARAJÁ DO SENA;0102;0073;120;75;0;2;3;205;5
07900;MARAJÁ DO SENA;0102;0077;85;48;2;0;7;155;13
07900;MARAJÁ DO SENA;0102;0078;145;51;0;0;20;230;14
07900;MARAJÁ DO SENA;0102;0079;104;65;2;0;7;193;15
07900;MARAJÁ DO SENA;0102;0081;135;57;0;1;4;202;5
07900;MARAJÁ DO SENA;0102;0084;122;43;1;2;9;183;6
07900;MARAJÁ DO SENA;0102;0085;126;75;1;0;17;232;13
07900;MARAJÁ DO SENA;0102;0087;61;63;4;0;12;149;9
07900;MARAJÁ DO SENA;0102;0092;90;52;0;1;11;166;12
07900;MARAJÁ DO SENA;0102;0093;94;63;0;1;5;171;8
07900;MARAJÁ DO SENA;0102;0094;108;99;1;3;13;233;9
07900;MARAJÁ DO SENA;0102;0095;117;85;2;0;16;229;9
07900;MARAJÁ DO SENA;0102;0096;131;72;1;1;6;228;17
07900;MARAJÁ DO SENA;0102;0097;118;77;1;0;8;220;16
07900;MARAJÁ DO SENA;0102;0098;123;82;0;3;7;224;9
07900;MARAJÁ DO SENA;0102;0099;109;90;0;1;11;224;13
07900;MARAJÁ DO SENA;0102;0100;98;86;1;1;11;208;11
07900;MARAJÁ DO SENA;0102;0101;126;67;0;7;15;229;14
07900;MARAJÁ DO SENA;0102;0102;125;70;4;2;13;227;13
07900;MARAJÁ DO SENA;0102;0103;135;104;0;7;6;270;18
07900;MARAJÁ DO SENA;0102;0104;41;29;3;0;6;84;5
07900;MARAJÁ DO SENA;0102;0105;99;75;0;1;6;196;15
07900;MARAJÁ DO SENA;0102;0114;162;112;3;2;15;310;16
07900;MARAJÁ DO SENA;0102;0118;80;74;2;1;13;182;12
07900;MARAJÁ DO SENA;0102;0121;75;25;0;0;7;112;5
07960;MILAGRES DO MARANHÃO;0024;0004;55;159;1;3;15;246;13
07960;MILAGRES DO MARANHÃO;0024;0054;59;119;1;8;8;204;9
07960;MILAGRES DO MARANHÃO;0024;0061;63;132;0;2;10;239;32
07960;MILAGRES DO MARANHÃO;0024;0072;95;136;0;3;5;261;22
07960;MILAGRES DO MARANHÃO;0024;0073;62;73;0;1;1;145;8
07960;MILAGRES DO MARANHÃO;0024;0085;80;129;0;5;15;246;17
07960;MILAGRES DO MARANHÃO;0024;0087;63;139;1;5;9;236;19
07960;MILAGRES DO MARANHÃO;0024;0091;76;106;1;3;6;210;18
07960;MILAGRES DO MARANHÃO;0024;0092;56;148;2;6;9;239;18
07960;MILAGRES DO MARANHÃO;0024;0097;63;129;1;5;2;215;15
07960;MILAGRES DO MARANHÃO;0024;0099;93;132;2;1;4;256;24
07960;MILAGRES DO MARANHÃO;0024;0105;50;109;0;1;8;184;16
07960;MILAGRES DO MARANHÃO;0024;0107;110;121;2;5;12;273;23
07960;MILAGRES DO MARANHÃO;0024;0110;66;115;2;7;2;206;14
07960;MILAGRES DO MARANHÃO;0024;0116;115;108;1;3;16;258;15
07960;MILAGRES DO MARANHÃO;0024;0141;76;117;0;4;9;224;18
07960;MILAGRES DO MARANHÃO;0024;0156;87;147;0;1;8;272;29
07960;MILAGRES DO MARANHÃO;0024;0163;103;143;1;3;3;270;17
07960;MILAGRES DO MARANHÃO;0024;0167;54;119;1;2;5;206;25
07960;MILAGRES DO MARANHÃO;0024;0186;72;130;0;8;6;237;21
07960;MILAGRES DO MARANHÃO;0024;0189;75;136;1;1;5;239;21
07960;MILAGRES DO MARANHÃO;0024;0199;74;107;0;2;2;192;7
07960;MILAGRES DO MARANHÃO;0024;0208;73;137;1;8;5;244;20
07960;MILAGRES DO MARANHÃO;0024;0262;27;64;1;1;7;109;9
07978;HUMBERTO DE CAMPOS;0032;0001;115;45;2;3;10;194;19
07978;HUMBERTO DE CAMPOS;0032;0002;114;30;3;6;11;184;20
07978;HUMBERTO DE CAMPOS;0032;0003;135;39;2;7;8;209;18
07978;HUMBERTO DE CAMPOS;0032;0004;137;46;0;3;3;206;17
07978;HUMBERTO DE CAMPOS;0032;0005;135;52;0;6;9;222;20
07978;HUMBERTO DE CAMPOS;0032;0006;140;45;0;5;9;221;22
07978;HUMBERTO DE CAMPOS;0032;0007;148;31;2;7;8;215;19
07978;HUMBERTO DE CAMPOS;0032;0008;119;53;1;2;6;201;20
07978;HUMBERTO DE CAMPOS;0032;0009;124;52;4;4;12;217;21
07978;HUMBERTO DE CAMPOS;0032;0010;103;54;1;1;4;186;23
07978;HUMBERTO DE CAMPOS;0032;0011;122;46;1;1;4;187;13
07978;HUMBERTO DE CAMPOS;0032;0012;146;41;1;2;9;217;18
07978;HUMBERTO DE CAMPOS;0032;0013;141;38;2;3;5;205;16
07978;HUMBERTO DE CAMPOS;0032;0014;167;29;0;2;8;218;12
07978;HUMBERTO DE CAMPOS;0032;0015;95;50;0;1;7;165;12
07978;HUMBERTO DE CAMPOS;0032;0016;96;52;0;3;7;167;9
07978;HUMBERTO DE CAMPOS;0032;0017;134;47;0;1;3;201;16
07978;HUMBERTO DE CAMPOS;0032;0018;137;49;0;3;8;211;14
07978;HUMBERTO DE CAMPOS;0032;0019;86;39;1;0;9;157;22
07978;HUMBERTO DE CAMPOS;0032;0020;109;52;0;1;16;202;24
07978;HUMBERTO DE CAMPOS;0032;0021;94;47;0;3;10;192;38
07978;HUMBERTO DE CAMPOS;0032;0024;200;10;0;5;4;238;19
07978;HUMBERTO DE CAMPOS;0032;0025;51;63;0;14;1;165;36
07978;HUMBERTO DE CAMPOS;0032;0026;62;53;0;13;7;165;30
07978;HUMBERTO DE CAMPOS;0032;0027;164;22;1;1;7;212;17
07978;HUMBERTO DE CAMPOS;0032;0028;105;24;0;2;6;161;24
07978;HUMBERTO DE CAMPOS;0032;0029;143;45;3;2;5;216;18
07978;HUMBERTO DE CAMPOS;0032;0030;173;27;0;1;8;219;10
07978;HUMBERTO DE CAMPOS;0032;0031;154;63;0;4;15;266;30
07978;HUMBERTO DE CAMPOS;0032;0032;82;55;1;4;8;227;77
07978;HUMBERTO DE CAMPOS;0032;0033;132;76;0;13;19;269;29
07978;HUMBERTO DE CAMPOS;0032;0034;154;39;0;0;7;212;12
07978;HUMBERTO DE CAMPOS;0032;0035;95;36;0;0;4;156;21
07978;HUMBERTO DE CAMPOS;0032;0036;128;127;0;0;4;275;16
07978;HUMBERTO DE CAMPOS;0032;0037;139;25;0;2;6;178;6
07978;HUMBERTO DE CAMPOS;0032;0039;120;49;2;1;12;201;17
07978;HUMBERTO DE CAMPOS;0032;0042;98;61;0;1;6;181;15
07978;HUMBERTO DE CAMPOS;0032;0043;139;39;0;2;4;189;5
07978;HUMBERTO DE CAMPOS;0032;0050;9;23;0;3;4;43;4
07978;HUMBERTO DE CAMPOS;0032;0051;102;39;2;4;7;161;7
07978;HUMBERTO DE CAMPOS;0032;0052;112;45;1;1;6;176;11
07978;HUMBERTO DE CAMPOS;0032;0053;143;48;0;6;9;216;10
07978;HUMBERTO DE CAMPOS;0032;0055;14;31;0;1;2;50;2
07978;HUMBERTO DE CAMPOS;0032;0056;92;74;0;0;10;187;11
07978;HUMBERTO DE CAMPOS;0032;0057;102;26;0;1;6;150;15
07978;HUMBERTO DE CAMPOS;0032;0058;149;75;1;5;17;273;26
07978;HUMBERTO DE CAMPOS;0032;0059;99;34;0;4;9;186;40
07978;HUMBERTO DE CAMPOS;0032;0060;118;64;0;1;5;209;21
07978;HUMBERTO DE CAMPOS;0032;0061;131;83;0;2;10;250;24
07978;HUMBERTO DE CAMPOS;0032;0062;126;42;1;2;8;199;20
07978;HUMBERTO DE CAMPOS;0032;0063;127;45;2;3;11;205;17
07978;HUMBERTO DE CAMPOS;0032;0066;89;59;0;0;7;166;11
07978;HUMBERTO DE CAMPOS;0032;0067;106;15;0;0;6;132;5
07978;HUMBERTO DE CAMPOS;0032;0071;122;76;1;13;14;258;32
07978;HUMBERTO DE CAMPOS;0032;0073;60;45;0;1;16;144;22
07978;HUMBERTO DE CAMPOS;0032;0074;157;33;1;0;5;210;14
07978;HUMBERTO DE CAMPOS;0032;0076;116;54;0;3;14;207;20
07978;HUMBERTO DE CAMPOS;0032;0080;165;38;0;3;4;222;12
07978;HUMBERTO DE CAMPOS;0032;0081;117;51;2;1;8;199;20
07978;HUMBERTO DE CAMPOS;0032;0082;173;84;0;5;11;308;35
07978;HUMBERTO DE CAMPOS;0032;0083;155;28;0;2;9;208;14
07978;HUMBERTO DE CAMPOS;0032;0084;16;10;1;0;0;46;19
07978;HUMBERTO DE CAMPOS;0032;0085;159;85;0;1;23;293;25
07978;HUMBERTO DE CAMPOS;0032;0086;153;66;1;0;15;252;17
07978;HUMBERTO DE CAMPOS;0032;0088;190;55;5;5;12;294;27
07978;HUMBERTO DE CAMPOS;0032;0092;69;47;0;0;9;148;23
07978;HUMBERTO DE CAMPOS;0032;0093;180;22;1;2;9;235;21
07978;HUMBERTO DE CAMPOS;0032;0097;129;56;1;2;4;208;16
07978;HUMBERTO DE CAMPOS;0032;0135;133;31;0;4;6;189;15
07978;HUMBERTO DE CAMPOS;0032;0142;65;55;1;2;6;175;46
07978;HUMBERTO DE CAMPOS;0032;0143;170;93;1;3;5;296;24
07978;HUMBERTO DE CAMPOS;0032;0146;151;63;2;4;13;242;9
07978;HUMBERTO DE CAMPOS;0032;0147;59;33;0;1;3;104;8
07978;HUMBERTO DE CAMPOS;0032;0149;98;17;0;0;0;118;3
07978;HUMBERTO DE CAMPOS;0032;0152;120;58;1;2;5;208;22
07978;HUMBERTO DE CAMPOS;0032;0154;159;43;1;2;7;228;16
07978;HUMBERTO DE CAMPOS;0032;0155;159;87;3;3;17;296;27
07978;HUMBERTO DE CAMPOS;0032;0156;123;50;0;1;11;205;20
07978;HUMBERTO DE CAMPOS;0032;0165;146;50;3;6;20;247;22
07978;HUMBERTO DE CAMPOS;0032;0169;133;48;1;4;8;216;22
07978;HUMBERTO DE CAMPOS;0032;0171;129;74;0;4;14;242;21
07978;HUMBERTO DE CAMPOS;0032;0172;151;75;0;1;16;280;37
07978;HUMBERTO DE CAMPOS;0032;0173;114;52;2;2;13;204;21
07978;HUMBERTO DE CAMPOS;0032;0174;156;66;0;2;9;253;20
07978;HUMBERTO DE CAMPOS;0032;0175;120;56;1;1;13;209;18
07978;HUMBERTO DE CAMPOS;0032;0176;120;24;4;2;6;178;22
07978;HUMBERTO DE CAMPOS;0032;0177;101;32;1;1;6;160;19
07978;HUMBERTO DE CAMPOS;0032;0178;151;54;0;7;8;242;22
07978;HUMBERTO DE CAMPOS;0032;0180;131;42;3;1;5;198;16
07978;HUMBERTO DE CAMPOS;0032;0181;145;70;2;2;10;260;31
07978;HUMBERTO DE CAMPOS;0032;0182;165;75;2;3;7;278;26
08150;LAGO DO JUNCO;0074;0037;88;142;1;4;13;263;15
08150;LAGO DO JUNCO;0074;0040;55;153;1;6;14;257;28
08150;LAGO DO JUNCO;0074;0082;52;125;4;5;8;208;14
08150;LAGO DO JUNCO;0074;0088;71;146;6;3;8;254;20
08150;LAGO DO JUNCO;0074;0105;70;120;3;5;7;219;14
08150;LAGO DO JUNCO;0074;0106;25;119;0;1;0;149;4
08150;LAGO DO JUNCO;0074;0107;33;133;0;4;7;199;22
08150;LAGO DO JUNCO;0074;0136;64;172;3;4;6;307;58
08150;LAGO DO JUNCO;0074;0139;25;64;1;6;5;108;7
08150;LAGO DO JUNCO;0074;0145;66;122;1;6;4;210;11
08150;LAGO DO JUNCO;0074;0177;53;124;2;3;5;197;10
08150;LAGO DO JUNCO;0074;0178;73;116;3;4;2;202;4
08150;LAGO DO JUNCO;0074;0179;29;117;0;2;8;164;8
08150;LAGO DO JUNCO;0074;0182;28;99;0;5;9;157;16
08150;LAGO DO JUNCO;0074;0183;19;81;0;1;4;111;6
08150;LAGO DO JUNCO;0074;0184;54;54;2;5;3;123;5
08150;LAGO DO JUNCO;0074;0207;26;112;1;4;3;151;5
08150;LAGO DO JUNCO;0074;0208;106;178;5;9;10;319;11
08150;LAGO DO JUNCO;0074;0218;75;142;3;5;10;250;15
08150;LAGO DO JUNCO;0074;0224;34;135;2;2;5;188;10
08150;LAGO DO JUNCO;0074;0268;43;78;1;4;1;152;25
08150;LAGO DO JUNCO;0074;0295;7;45;0;0;1;82;29
08150;LAGO DO JUNCO;0074;0296;59;106;3;4;8;194;14
08150;LAGO DO JUNCO;0074;0297;73;138;1;6;12;241;11
08150;LAGO DO JUNCO;0074;0304;78;140;6;3;10;251;14
08150;LAGO DO JUNCO;0074;0305;83;137;2;5;10;256;19
08150;LAGO DO JUNCO;0074;0306;51;102;3;3;7;176;10
08150;LAGO DO JUNCO;0074;0308;58;108;5;4;8;195;12
08150;LAGO DO JUNCO;0074;0327;58;192;0;2;5;287;30
08150;LAGO DO JUNCO;0074;0328;39;183;1;3;2;256;28
08150;LAGO DO JUNCO;0074;0330;27;121;0;1;7;178;22
08150;LAGO DO JUNCO;0074;0331;28;125;0;2;8;188;25
08150;LAGO DO JUNCO;0074;0334;55;104;1;3;9;180;8
08150;LAGO DO JUNCO;0074;0335;66;160;0;3;3;245;13
08150;LAGO DO JUNCO;0074;0339;54;109;4;1;9;184;7
08168;RAPOSA;0093;0155;199;88;3;2;8;318;18
08168;RAPOSA;0093;0156;192;98;4;4;11;326;17
08168;RAPOSA;0093;0157;194;97;1;11;12;323;8
08168;RAPOSA;0093;0158;220;75;3;5;9;328;16
08168;RAPOSA;0093;0160;74;51;1;4;9;152;13
08168;RAPOSA;0093;0161;72;62;0;2;8;149;5
08168;RAPOSA;0093;0162;89;57;1;5;2;173;19
08168;RAPOSA;0093;0163;69;59;1;2;9;158;18
08168;RAPOSA;0093;0164;78;57;1;0;5;157;16
08168;RAPOSA;0093;0165;167;67;3;10;7;269;15
08168;RAPOSA;0093;0166;159;70;7;3;7;261;15
08168;RAPOSA;0093;0167;176;61;4;6;7;264;10
08168;RAPOSA;0093;0168;120;73;2;6;15;251;35
08168;RAPOSA;0093;0170;123;52;4;4;6;208;19
08168;RAPOSA;0093;0171;122;77;4;2;8;224;11
08168;RAPOSA;0093;0172;106;72;3;6;11;219;21
08168;RAPOSA;0093;0173;124;74;1;8;9;228;12
08168;RAPOSA;0093;0174;109;83;3;4;6;214;9
08168;RAPOSA;0093;0175;152;73;5;7;8;258;13
08168;RAPOSA;0093;0176;177;60;6;12;4;275;16
08168;RAPOSA;0093;0177;173;64;2;4;12;267;12
08168;RAPOSA;0093;0178;129;72;1;9;9;251;31
08168;RAPOSA;0093;0179;138;87;4;6;4;256;17
08168;RAPOSA;0093;0180;158;93;1;4;4;291;31
08168;RAPOSA;0093;0181;177;72;2;8;6;290;25
08168;RAPOSA;0093;0182;148;78;0;8;6;273;33
08168;RAPOSA;0093;0183;165;70;2;9;12;280;22
08168;RAPOSA;0093;0184;160;68;2;6;6;277;35
08168;RAPOSA;0093;0185;157;82;5;7;11;283;21
08168;RAPOSA;0093;0186;157;67;6;6;12;270;22
08168;RAPOSA;0093;0187;157;79;2;6;11;271;16
08168;RAPOSA;0093;0188;161;79;6;3;12;283;22
08168;RAPOSA;0093;0189;162;87;3;6;11;285;16
08168;RAPOSA;0093;0190;169;69;2;7;14;281;20
08168;RAPOSA;0093;0191;184;69;5;6;9;291;18
08168;RAPOSA;0093;0192;166;57;0;4;13;262;22
08168;RAPOSA;0093;0193;154;61;1;2;7;257;32
08168;RAPOSA;0093;0194;138;72;2;6;6;249;25
08168;RAPOSA;0093;0195;149;58;2;5;10;240;16
08168;RAPOSA;0093;0196;148;56;4;8;8;244;20
08168;RAPOSA;0093;0197;176;57;1;6;4;267;23
08168;RAPOSA;0093;0198;159;63;3;4;10;264;25
08168;RAPOSA;0093;0201;167;78;5;6;13;288;19
08168;RAPOSA;0093;0204;158;81;4;8;9;283;23
08168;RAPOSA;0093;0209;177;74;0;7;4;282;20
08168;RAPOSA;0093;0211;122;73;4;3;4;215;9
08168;RAPOSA;0093;0222;142;83;3;7;7;262;20
08168;RAPOSA;0093;0224;158;47;4;16;12;251;14
08168;RAPOSA;0093;0226;85;59;1;6;5;168;12
08168;RAPOSA;0093;0231;65;37;1;7;5;131;16
08168;RAPOSA;0093;0233;126;97;2;4;7;260;24
08168;RAPOSA;0093;0235;172;72;2;6;7;276;17
08168;RAPOSA;0093;0238;114;75;7;5;9;223;13
08168;RAPOSA;0093;0243;151;69;2;6;13;267;26
08168;RAPOSA;0093;0252;168;82;2;6;5;282;19
08168;RAPOSA;0093;0253;125;56;1;3;9;214;20
08168;RAPOSA;0093;0257;138;69;1;10;5;238;15
08168;RAPOSA;0093;0258;161;61;5;7;6;257;17
08168;RAPOSA;0093;0262;149;88;1;13;13;288;24
08168;RAPOSA;0093;0269;88;57;1;3;7;170;14
08168;RAPOSA;0093;0270;152;78;3;9;12;278;24
08168;RAPOSA;0093;0271;127;64;1;6;3;211;10
08168;RAPOSA;0093;0272;121;64;1;10;5;211;10
08168;RAPOSA;0093;0274;94;43;1;2;4;153;9
08168;RAPOSA;0093;0282;77;35;2;3;4;130;9
08168;RAPOSA;0093;0285;172;48;2;3;9;250;16
08168;RAPOSA;0093;0300;156;54;2;11;15;258;20
08168;RAPOSA;0093;0301;166;55;5;7;10;260;17
08168;RAPOSA;0093;0309;67;40;0;1;4;127;15
08168;RAPOSA;0093;0313;157;77;2;9;10;270;15
08168;RAPOSA;0093;0327;187;57;0;10;8;276;14
08168;RAPOSA;0093;0345;176;63;2;2;6;264;15
08168;RAPOSA;0093;0349;176;77;2;5;7;278;11
08168;RAPOSA;0093;0350;213;86;2;6;4;324;13
08168;RAPOSA;0093;0371;161;78;3;11;8;275;14
08168;RAPOSA;0093;0372;162;88;3;7;5;276;11
08168;RAPOSA;0093;0374;172;43;5;7;9;257;21
08168;RAPOSA;0093;0381;176;40;8;4;12;266;26
08168;RAPOSA;0093;0383;176;63;3;5;8;269;14
08168;RAPOSA;0093;0386;176;68;5;12;10;280;9
08168;RAPOSA;0093;0388;139;56;3;10;3;223;12
08168;RAPOSA;0093;0391;53;37;1;4;5;111;11
08168;RAPOSA;0093;0393;124;30;2;3;8;177;10
08311;MATÕES;0081;0001;54;89;1;0;10;168;14
08311;MATÕES;0081;0004;49;105;2;1;12;182;13
08311;MATÕES;0081;0005;51;100;3;4;7;172;7
08311;MATÕES;0081;0006;70;126;2;6;8;218;6
08311;MATÕES;0081;0007;65;126;3;5;18;233;16
08311;MATÕES;0081;0008;48;142;4;5;5;222;18
08311;MATÕES;0081;0009;59;130;4;3;15;234;23
08311;MATÕES;0081;0010;69;119;3;5;7;220;17
08311;MATÕES;0081;0011;73;132;1;4;7;228;11
08311;MATÕES;0081;0012;61;120;8;6;9;221;17
08311;MATÕES;0081;0013;60;127;1;2;8;208;10
08311;MATÕES;0081;0014;79;119;0;4;7;214;5
08311;MATÕES;0081;0015;41;108;0;1;12;176;14
08311;MATÕES;0081;0016;60;133;0;9;10;232;20
08311;MATÕES;0081;0017;59;109;3;2;8;192;11
08311;MATÕES;0081;0018;50;102;2;3;10;175;8
08311;MATÕES;0081;0019;77;139;1;9;7;253;20
08311;MATÕES;0081;0020;74;133;4;5;11;251;24
08311;MATÕES;0081;0021;73;158;5;5;10;264;13
08311;MATÕES;0081;0022;23;118;1;2;4;162;14
08311;MATÕES;0081;0023;25;118;1;3;7;165;11
08311;MATÕES;0081;0024;46;123;0;1;5;191;16
08311;MATÕES;0081;0025;28;116;1;3;13;176;15
08311;MATÕES;0081;0026;14;109;2;5;9;159;20
08311;MATÕES;0081;0028;51;109;2;4;11;191;14
08311;MATÕES;0081;0029;33;148;1;6;14;212;10
08311;MATÕES;0081;0030;32;161;0;3;17;230;17
08311;MATÕES;0081;0031;39;178;0;2;2;236;15
08311;MATÕES;0081;0032;38;123;0;3;9;195;22
08311;MATÕES;0081;0033;45;120;2;3;10;193;13
08311;MATÕES;0081;0034;62;139;0;6;9;229;13
08311;MATÕES;0081;0035;55;147;2;3;15;239;17
08311;MATÕES;0081;0037;51;78;1;4;10;155;11
08311;MATÕES;0081;0038;39;147;1;6;9;211;9
08311;MATÕES;0081;0039;34;143;1;3;11;208;16
08311;MATÕES;0081;0040;66;141;2;5;11;242;17
08311;MATÕES;0081;0041;56;120;2;8;6;200;8
08311;MATÕES;0081;0042;57;132;2;7;9;220;13
08311;MATÕES;0081;0043;67;122;4;9;9;224;13
08311;MATÕES;0081;0044;61;114;3;11;11;216;16
08311;MATÕES;0081;0045;47;150;3;4;9;228;15
08311;MATÕES;0081;0046;50;143;2;3;12;230;20
08311;MATÕES;0081;0047;59;131;4;4;14;234;22
08311;MATÕES;0081;0049;49;150;0;4;10;228;15
08311;MATÕES;0081;0051;56;121;1;2;17;213;16
08311;MATÕES;0081;0052;61;142;2;5;13;238;15
08311;MATÕES;0081;0053;67;152;3;5;12;259;20
08311;MATÕES;0081;0054;37;110;0;3;4;168;14
08311;MATÕES;0081;0055;48;160;1;14;13;250;14
08311;MATÕES;0081;0056;66;130;1;1;11;225;16
08311;MATÕES;0081;0057;87;123;5;10;10;249;14
08311;MATÕES;0081;0058;51;112;3;3;6;184;9
08311;MATÕES;0081;0059;77;136;3;1;11;249;21
08311;MATÕES;0081;0061;86;140;4;5;10;256;11
08311;MATÕES;0081;0062;68;153;4;6;10;259;18
08311;MATÕES;0081;0065;43;146;0;1;10;215;15
08311;MATÕES;0081;0066;55;156;0;4;16;243;12
08311;MATÕES;0081;0067;30;121;1;2;4;170;12
08311;MATÕES;0081;0068;54;94;3;5;4;175;15
08311;MATÕES;0081;0070;47;175;0;3;9;254;20
08311;MATÕES;0081;0071;45;210;0;0;4;267;8
08311;MATÕES;0081;0072;23;180;0;1;7;229;18
08311;MATÕES;0081;0073;17;129;0;2;9;171;14
08311;MATÕES;0081;0074;48;113;0;2;10;181;8
08311;MATÕES;0081;0075;35;79;0;1;6;136;15
08311;MATÕES;0081;0076;48;125;2;3;8;199;13
08311;MATÕES;0081;0077;69;108;5;3;19;222;18
08311;MATÕES;0081;0078;28;102;0;6;13;165;16
08311;MATÕES;0081;0079;45;107;0;4;15;186;15
08311;MATÕES;0081;0080;56;176;3;6;4;261;16
08311;MATÕES;0081;0081;19;114;0;2;10;163;18
08311;MATÕES;0081;0082;44;108;2;3;2;177;18
08311;MATÕES;0081;0083;35;181;2;6;18;257;15
08311;MATÕES;0081;0084;31;160;1;3;9;218;14
08311;MATÕES;0081;0085;33;136;4;2;10;206;21
08311;MATÕES;0081;0086;62;161;2;6;19;260;10
08311;MATÕES;0081;0087;27;113;0;3;3;152;6
08311;MATÕES;0081;0088;62;103;2;6;3;193;17
08311;MATÕES;0081;0089;30;95;1;4;11;155;14
08311;MATÕES;0081;0090;45;107;2;2;4;181;21
08311;MATÕES;0081;0091;67;112;6;2;8;196;1
08311;MATÕES;0081;0092;50;119;0;1;6;187;11
08311;MATÕES;0081;0093;20;135;0;3;3;168;7
08311;MATÕES;0081;0094;54;161;0;4;5;231;7
08311;MATÕES;0081;0099;83;136;2;3;3;242;15
08311;MATÕES;0081;0100;13;175;0;1;12;228;27
08311;MATÕES;0081;0101;55;123;0;2;12;210;18
08311;MATÕES;0081;0102;49;78;0;1;2;141;11
08311;MATÕES;0081;0103;33;84;0;4;8;139;10
08311;MATÕES;0081;0104;59;188;0;2;7;269;13
08311;MATÕES;0081;0105;32;128;0;5;5;182;12
08311;MATÕES;0081;0106;63;150;1;3;21;258;20
08311;MATÕES;0081;0107;73;143;1;1;10;242;14
08311;MATÕES;0081;0108;38;133;0;4;6;204;23
08311;MATÕES;0081;0109;54;141;4;7;4;223;13
08311;MATÕES;0081;0110;84;144;1;5;5;247;8
08311;MATÕES;0081;0112;35;96;1;6;6;155;11
08311;MATÕES;0081;0113;30;73;1;3;2;113;4
08311;MATÕES;0081;0114;34;147;2;2;7;212;20
08311;MATÕES;0081;0115;2;104;0;4;5;125;10
08311;MATÕES;0081;0116;15;92;2;1;1;121;10
08362;SÃO JOSÉ DOS BASÍLIOS;0054;0040;77;150;1;5;5;253;15
08362;SÃO JOSÉ DOS BASÍLIOS;0054;0041;60;133;2;2;5;216;14
08362;SÃO JOSÉ DOS BASÍLIOS;0054;0042;59;147;1;4;17;241;13
08362;SÃO JOSÉ DOS BASÍLIOS;0054;0044;58;171;4;4;8;262;17
08362;SÃO JOSÉ DOS BASÍLIOS;0054;0045;46;106;0;3;6;168;7
08362;SÃO JOSÉ DOS BASÍLIOS;0054;0046;51;120;0;1;4;178;2
08362;SÃO JOSÉ DOS BASÍLIOS;0054;0047;51;111;1;1;3;179;12
08362;SÃO JOSÉ DOS BASÍLIOS;0054;0059;30;137;0;1;5;181;8
08362;SÃO JOSÉ DOS BASÍLIOS;0054;0060;25;108;0;1;5;151;12
08362;SÃO JOSÉ DOS BASÍLIOS;0054;0066;59;115;0;1;7;187;5
08362;SÃO JOSÉ DOS BASÍLIOS;0054;0073;59;119;3;4;8;206;13
08362;SÃO JOSÉ DOS BASÍLIOS;0054;0110;48;108;1;2;6;174;9
08362;SÃO JOSÉ DOS BASÍLIOS;0054;0116;58;112;2;2;6;186;6
08362;SÃO JOSÉ DOS BASÍLIOS;0054;0117;52;110;0;2;6;185;15
08362;SÃO JOSÉ DOS BASÍLIOS;0054;0179;37;190;0;1;3;236;5
08362;SÃO JOSÉ DOS BASÍLIOS;0054;0180;76;60;0;2;3;149;8
08362;SÃO JOSÉ DOS BASÍLIOS;0054;0192;70;174;0;3;16;272;9
08362;SÃO JOSÉ DOS BASÍLIOS;0054;0216;83;153;2;0;4;249;7
08362;SÃO JOSÉ DOS BASÍLIOS;0054;0219;46;170;0;4;4;230;6
08362;SÃO JOSÉ DOS BASÍLIOS;0054;0221;51;101;2;1;3;171;13
08362;SÃO JOSÉ DOS BASÍLIOS;0054;0224;87;166;1;0;9;269;6
08362;SÃO JOSÉ DOS BASÍLIOS;0054;0237;88;84;2;0;4;184;6
08362;SÃO JOSÉ DOS BASÍLIOS;0054;0246;39;75;0;0;5;125;6
08362;SÃO JOSÉ DOS BASÍLIOS;0054;0262;72;103;0;0;2;186;9
08362;SÃO JOSÉ DOS BASÍLIOS;0054;0264;25;146;0;2;5;183;5
08362;SÃO JOSÉ DOS BASÍLIOS;0054;0272;48;98;0;1;6;166;13
08419;MORROS;0110;0180;113;57;3;4;10;206;19
08419;MORROS;0110;0181;128;62;2;2;13;230;23
08419;MORROS;0110;0182;134;72;1;1;8;237;21
08419;MORROS;0110;0183;129;63;4;1;9;224;18
08419;MORROS;0110;0184;124;57;3;3;9;216;20
08419;MORROS;0110;0185;121;63;1;2;6;216;23
08419;MORROS;0110;0186;122;57;1;1;14;214;19
08419;MORROS;0110;0187;128;61;0;0;10;218;19
08419;MORROS;0110;0188;145;64;2;2;14;259;32
08419;MORROS;0110;0189;146;66;2;3;13;256;26
08419;MORROS;0110;0190;142;69;2;7;13;259;26
08419;MORROS;0110;0191;179;59;1;3;7;264;15
08419;MORROS;0110;0192;112;58;1;3;11;203;18
08419;MORROS;0110;0193;112;62;1;2;6;205;22
08419;MORROS;0110;0194;119;55;1;7;9;209;18
08419;MORROS;0110;0197;95;69;0;2;6;183;11
08419;MORROS;0110;0198;100;69;3;6;5;199;16
08419;MORROS;0110;0199;106;71;3;6;13;211;12
08419;MORROS;0110;0200;97;77;0;0;10;199;15
08419;MORROS;0110;0202;106;80;0;1;6;205;12
08419;MORROS;0110;0204;101;82;0;1;8;207;15
08419;MORROS;0110;0206;107;121;1;1;9;261;22
08419;MORROS;0110;0207;19;112;0;0;3;145;11
08419;MORROS;0110;0208;27;99;0;0;5;140;9
08419;MORROS;0110;0209;76;87;0;0;5;180;12
08419;MORROS;0110;0210;42;216;0;1;12;292;21
08419;MORROS;0110;0212;96;119;0;0;10;262;37
08419;MORROS;0110;0213;95;126;0;1;8;258;28
08419;MORROS;0110;0214;103;95;1;0;4;213;10
08419;MORROS;0110;0215;81;144;0;1;3;248;19
08419;MORROS;0110;0216;46;173;0;0;4;242;19
08419;MORROS;0110;0218;58;78;0;0;2;150;12
08419;MORROS;0110;0219;70;94;1;1;5;202;31
08419;MORROS;0110;0220;25;90;0;1;2;127;9
08419;MORROS;0110;0221;40;121;0;0;3;179;15
08419;MORROS;0110;0222;153;103;1;4;9;285;15
08419;MORROS;0110;0223;37;121;0;0;2;172;12
08419;MORROS;0110;0224;16;114;0;0;7;146;9
08419;MORROS;0110;0225;83;141;0;0;5;252;23
08419;MORROS;0110;0226;77;123;0;1;1;227;25
08419;MORROS;0110;0227;138;135;0;1;4;299;21
08419;MORROS;0110;0228;28;72;0;1;2;111;8
08419;MORROS;0110;0229;168;73;0;2;5;264;16
08419;MORROS;0110;0230;204;84;0;3;13;332;28
08419;MORROS;0110;0232;188;76;1;4;11;298;18
08419;MORROS;0110;0234;152;93;6;3;14;290;22
08419;MORROS;0110;0235;126;56;1;3;6;211;19
08419;MORROS;0110;0236;122;54;2;1;6;210;25
08419;MORROS;0110;0237;103;50;0;5;7;184;19
08419;MORROS;0110;0238;106;53;2;4;8;191;18
08419;MORROS;0110;0239;116;44;0;2;7;181;12
08419;MORROS;0110;0240;114;49;2;0;5;179;9
08419;MORROS;0110;0276;153;59;5;2;3;254;32
08419;MORROS;0110;0277;143;78;2;6;15;264;20
08419;MORROS;0110;0278;116;56;0;0;7;190;11
08419;MORROS;0110;0279;119;52;1;1;4;187;10
08419;MORROS;0110;0282;56;21;1;0;2;123;43
08419;MORROS;0110;0289;75;115;0;0;8;212;14
08419;MORROS;0110;0291;159;36;1;5;6;222;15
08419;MORROS;0110;0295;58;64;0;1;1;146;22
08419;MORROS;0110;0296;85;45;0;2;5;145;8
08419;MORROS;0110;0297;127;79;0;3;9;240;22
08419;MORROS;0110;0298;115;76;6;4;6;225;18
08419;MORROS;0110;0300;79;46;0;4;2;154;23
08419;MORROS;0110;0303;10;82;0;0;1;98;5
08419;MORROS;0110;0307;115;38;0;5;5;166;3
08427;SÃO RAIMUNDO DO DOCA BEZERRA;0061;0022;53;63;2;7;16;171;30
08427;SÃO RAIMUNDO DO DOCA BEZERRA;0061;0024;55;93;0;3;10;185;24
08427;SÃO RAIMUNDO DO DOCA BEZERRA;0061;0042;61;61;4;12;6;167;23
08427;SÃO RAIMUNDO DO DOCA BEZERRA;0061;0043;61;59;2;5;7;168;34
08427;SÃO RAIMUNDO DO DOCA BEZERRA;0061;0052;53;80;1;6;4;158;14
08427;SÃO RAIMUNDO DO DOCA BEZERRA;0061;0057;88;94;2;5;6;216;21
08427;SÃO RAIMUNDO DO DOCA BEZERRA;0061;0082;40;27;0;0;5;78;6
08427;SÃO RAIMUNDO DO DOCA BEZERRA;0061;0083;79;110;4;5;12;236;26
08427;SÃO RAIMUNDO DO DOCA BEZERRA;0061;0086;91;107;0;5;6;228;19
08427;SÃO RAIMUNDO DO DOCA BEZERRA;0061;0087;107;72;1;2;7;212;23
08427;SÃO RAIMUNDO DO DOCA BEZERRA;0061;0127;78;103;2;6;12;231;30
08427;SÃO RAIMUNDO DO DOCA BEZERRA;0061;0128;43;44;0;1;15;120;17
08427;SÃO RAIMUNDO DO DOCA BEZERRA;0061;0131;30;28;0;10;2;80;10
08427;SÃO RAIMUNDO DO DOCA BEZERRA;0061;0166;71;90;0;9;12;203;21
08427;SÃO RAIMUNDO DO DOCA BEZERRA;0061;0185;49;75;2;5;7;164;26
08427;SÃO RAIMUNDO DO DOCA BEZERRA;0061;0186;51;81;1;10;12;177;22
08427;SÃO RAIMUNDO DO DOCA BEZERRA;0061;0188;76;95;5;7;8;219;28
08427;SÃO RAIMUNDO DO DOCA BEZERRA;0061;0189;80;102;2;5;9;217;19
08427;SÃO RAIMUNDO DO DOCA BEZERRA;0061;0190;82;103;2;4;8;227;28
08427;SÃO RAIMUNDO DO DOCA BEZERRA;0061;0191;85;96;2;6;9;233;35
08427;SÃO RAIMUNDO DO DOCA BEZERRA;0061;0196;52;76;4;6;4;168;26
08427;SÃO RAIMUNDO DO DOCA BEZERRA;0061;0198;58;70;2;11;9;166;16
08460;SATUBINHA;0087;0057;85;65;2;5;7;176;12
08460;SATUBINHA;0087;0058;81;59;2;5;13;175;15
08460;SATUBINHA;0087;0059;87;64;1;3;10;172;7
08460;SATUBINHA;0087;0060;101;55;1;5;12;186;12
08460;SATUBINHA;0087;0061;104;60;4;1;8;190;13
08460;SATUBINHA;0087;0062;114;79;2;2;13;226;16
08460;SATUBINHA;0087;0068;116;74;1;5;5;211;10
08460;SATUBINHA;0087;0076;107;65;0;4;11;199;12
08460;SATUBINHA;0087;0077;123;61;1;2;12;214;15
08460;SATUBINHA;0087;0133;69;113;0;14;16;235;23
08460;SATUBINHA;0087;0142;99;82;1;1;8;200;9
08460;SATUBINHA;0087;0145;105;84;3;7;4;219;16
08460;SATUBINHA;0087;0147;44;54;2;4;5;122;13
08460;SATUBINHA;0087;0154;137;71;4;2;20;253;19
08460;SATUBINHA;0087;0156;74;34;0;1;5;121;7
08460;SATUBINHA;0087;0164;70;83;0;2;8;180;17
08460;SATUBINHA;0087;0165;71;79;2;6;8;177;11
08460;SATUBINHA;0087;0166;119;86;4;1;7;235;18
08460;SATUBINHA;0087;0173;40;79;0;7;15;155;14
08460;SATUBINHA;0087;0174;87;94;0;6;16;218;15
08460;SATUBINHA;0087;0175;108;142;0;3;17;290;20
08460;SATUBINHA;0087;0176;39;73;0;3;10;134;9
08460;SATUBINHA;0087;0187;81;91;3;2;15;203;11
08460;SATUBINHA;0087;0193;37;86;0;3;2;143;15
08460;SATUBINHA;0087;0221;133;96;0;3;15;262;15
08460;SATUBINHA;0087;0228;72;73;2;5;15;183;16
08460;SATUBINHA;0087;0229;116;107;1;2;20;271;25
08460;SATUBINHA;0087;0230;48;81;1;3;5;150;12
08460;SATUBINHA;0087;0231;87;74;0;0;6;186;19
08460;SATUBINHA;0087;0232;53;82;0;3;6;154;10
08460;SATUBINHA;0087;0233;132;90;0;2;14;258;20
08931;SAMBAÍBA;0034;0024;88;108;3;5;13;233;16
08931;SAMBAÍBA;0034;0026;74;85;6;1;7;184;11
08931;SAMBAÍBA;0034;0030;84;124;2;3;8;237;16
08931;SAMBAÍBA;0034;0032;76;128;3;1;14;241;19
08931;SAMBAÍBA;0034;0040;64;81;2;0;13;176;16
08931;SAMBAÍBA;0034;0047;91;120;3;3;16;258;25
08931;SAMBAÍBA;0034;0051;85;76;4;0;12;189;12
08931;SAMBAÍBA;0034;0056;110;178;0;2;13;318;15
08931;SAMBAÍBA;0034;0061;109;113;2;3;11;247;9
08931;SAMBAÍBA;0034;0063;74;67;5;2;5;169;16
08931;SAMBAÍBA;0034;0065;87;109;0;1;11;227;19
08931;SAMBAÍBA;0034;0066;86;124;2;4;5;237;16
08931;SAMBAÍBA;0034;0067;75;117;1;3;19;227;12
08931;SAMBAÍBA;0034;0068;83;128;0;3;9;240;17
08931;SAMBAÍBA;0034;0069;92;121;2;4;5;236;12
08931;SAMBAÍBA;0034;0071;101;138;2;1;12;274;20
08931;SAMBAÍBA;0034;0072;55;103;1;4;6;182;13
08931;SAMBAÍBA;0034;0073;46;90;2;1;4;152;9
08931;SAMBAÍBA;0034;0074;49;63;1;3;10;142;16
08931;SAMBAÍBA;0034;0075;98;114;0;1;10;233;10
09075;SÃO BENTO;0038;0001;98;95;0;5;6;219;15
09075;SÃO BENTO;0038;0002;94;97;0;8;8;221;14
09075;SÃO BENTO;0038;0003;97;101;0;3;7;223;15
09075;SÃO BENTO;0038;0004;87;103;1;6;3;213;13
09075;SÃO BENTO;0038;0005;68;70;0;3;8;164;15
09075;SÃO BENTO;0038;0006;75;63;0;4;4;155;9
09075;SÃO BENTO;0038;0007;83;69;1;3;4;168;8
09075;SÃO BENTO;0038;0008;96;107;1;7;7;226;8
09075;SÃO BENTO;0038;0009;112;96;3;3;10;236;12
09075;SÃO BENTO;0038;0010;133;100;2;7;1;253;10
09075;SÃO BENTO;0038;0011;119;106;2;5;6;252;14
09075;SÃO BENTO;0038;0012;111;128;1;4;3;266;19
09075;SÃO BENTO;0038;0013;67;84;1;3;5;167;7
09075;SÃO BENTO;0038;0014;90;81;4;2;9;194;8
09075;SÃO BENTO;0038;0016;80;93;1;3;7;198;14
09075;SÃO BENTO;0038;0017;92;92;3;1;3;208;17
09075;SÃO BENTO;0038;0018;90;90;1;7;7;212;17
09075;SÃO BENTO;0038;0019;114;131;0;6;14;278;13
09075;SÃO BENTO;0038;0020;120;117;1;4;11;263;10
09075;SÃO BENTO;0038;0021;116;113;2;11;8;269;19
09075;SÃO BENTO;0038;0022;93;120;2;6;9;243;13
09075;SÃO BENTO;0038;0023;129;116;3;14;7;284;15
09075;SÃO BENTO;0038;0024;117;106;3;5;11;262;20
09075;SÃO BENTO;0038;0025;103;129;2;7;4;269;24
09075;SÃO BENTO;0038;0026;93;121;0;8;12;258;24
09075;SÃO BENTO;0038;0027;95;90;1;12;7;219;14
09075;SÃO BENTO;0038;0028;41;66;0;2;3;128;16
09075;SÃO BENTO;0038;0029;89;88;1;5;6;204;15
09075;SÃO BENTO;0038;0030;96;95;0;9;12;222;10
09075;SÃO BENTO;0038;0031;34;97;0;4;6;153;12
09075;SÃO BENTO;0038;0032;31;107;0;3;7;167;19
09075;SÃO BENTO;0038;0033;83;112;0;4;14;225;12
09075;SÃO BENTO;0038;0034;85;107;0;6;9;228;21
09075;SÃO BENTO;0038;0035;35;138;0;2;11;206;20
09075;SÃO BENTO;0038;0036;40;135;0;5;6;197;11
09075;SÃO BENTO;0038;0037;48;81;1;2;4;151;15
09075;SÃO BENTO;0038;0038;64;90;0;2;9;191;26
09075;SÃO BENTO;0038;0039;54;89;0;10;7;175;15
09075;SÃO BENTO;0038;0040;61;111;0;3;9;193;9
09075;SÃO BENTO;0038;0041;80;99;0;5;6;208;18
09075;SÃO BENTO;0038;0042;110;116;3;4;13;267;21
09075;SÃO BENTO;0038;0043;75;119;0;0;13;235;28
09075;SÃO BENTO;0038;0044;112;106;2;6;2;241;13
09075;SÃO BENTO;0038;0045;96;97;0;1;4;203;5
09075;SÃO BENTO;0038;0046;94;89;0;9;6;212;14
09075;SÃO BENTO;0038;0047;125;113;1;6;7;261;9
09075;SÃO BENTO;0038;0048;54;97;1;3;4;170;11
09075;SÃO BENTO;0038;0050;131;105;3;5;13;270;13
09075;SÃO BENTO;0038;0051;87;64;0;2;6;171;12
09075;SÃO BENTO;0038;0054;93;89;0;4;6;196;4
09075;SÃO BENTO;0038;0055;129;128;1;5;5;281;13
09075;SÃO BENTO;0038;0057;80;72;2;3;5;168;6
09075;SÃO BENTO;0038;0058;102;102;2;8;17;238;7
09075;SÃO BENTO;0038;0059;78;100;1;2;17;218;20
09075;SÃO BENTO;0038;0062;100;80;4;6;5;199;4
09075;SÃO BENTO;0038;0069;84;92;2;6;5;201;12
09075;SÃO BENTO;0038;0070;117;77;4;9;6;224;11
09075;SÃO BENTO;0038;0071;93;107;0;6;4;221;11
09075;SÃO BENTO;0038;0072;106;100;1;9;16;252;20
09075;SÃO BENTO;0038;0074;121;122;1;6;3;269;16
09075;SÃO BENTO;0038;0085;96;87;3;7;5;209;11
09075;SÃO BENTO;0038;0087;75;92;0;4;6;186;9
09075;SÃO BENTO;0038;0088;124;125;2;7;3;279;18
09075;SÃO BENTO;0038;0089;61;80;1;8;3;163;10
09075;SÃO BENTO;0038;0091;102;88;1;5;11;214;7
09075;SÃO BENTO;0038;0093;53;108;0;4;8;189;16
09075;SÃO BENTO;0038;0098;120;107;0;6;12;252;7
09075;SÃO BENTO;0038;0100;75;94;1;2;7;206;27
09075;SÃO BENTO;0038;0102;89;114;0;6;10;230;11
09075;SÃO BENTO;0038;0104;29;86;0;2;7;134;10
09075;SÃO BENTO;0038;0105;65;62;0;12;6;160;15
09075;SÃO BENTO;0038;0108;97;126;1;4;17;259;14
09075;SÃO BENTO;0038;0110;110;126;1;4;8;258;9
09075;SÃO BENTO;0038;0111;55;101;0;5;4;181;16
09075;SÃO BENTO;0038;0113;58;102;1;6;4;190;19
09075;SÃO BENTO;0038;0116;47;104;0;2;3;174;18
09075;SÃO BENTO;0038;0117;72;70;0;5;1;158;10
09075;SÃO BENTO;0038;0118;83;112;0;7;5;227;20
09075;SÃO BENTO;0038;0119;116;88;0;5;2;220;9
09075;SÃO BENTO;0038;0126;66;77;1;0;3;155;8
09075;SÃO BENTO;0038;0127;93;78;1;4;4;191;11
09075;SÃO BENTO;0038;0128;102;96;4;5;10;228;11
09075;SÃO BENTO;0038;0130;114;118;1;5;10;257;9
09075;SÃO BENTO;0038;0131;65;88;0;2;10;178;13
09075;SÃO BENTO;0038;0132;61;83;0;2;3;153;4
09075;SÃO BENTO;0038;0140;108;117;2;5;9;257;16
09075;SÃO BENTO;0038;0141;91;104;0;8;13;231;15
09075;SÃO BENTO;0038;0142;75;96;0;4;8;194;11
09075;SÃO BENTO;0038;0146;54;60;1;11;9;145;10
09075;SÃO BENTO;0038;0147;52;78;0;5;4;152;13
09075;SÃO BENTO;0038;0148;45;109;0;1;4;176;17
09075;SÃO BENTO;0038;0152;101;95;0;5;5;220;14
09075;SÃO BENTO;0038;0155;103;101;0;6;14;241;17
09075;SÃO BENTO;0038;0158;45;100;0;7;14;183;17
09075;SÃO BENTO;0038;0160;57;119;0;3;4;200;17
09075;SÃO BENTO;0038;0161;19;136;0;1;8;182;18
09075;SÃO BENTO;0038;0167;25;67;0;0;0;98;6
09075;SÃO BENTO;0038;0168;31;114;1;0;2;155;7
09075;SÃO BENTO;0038;0201;29;58;0;2;5;106;12
09075;SÃO BENTO;0038;0202;60;131;0;1;2;210;16
09075;SÃO BENTO;0038;0203;70;112;0;4;11;215;18
09075;SÃO BENTO;0038;0204;106;93;1;7;5;228;16
09075;SÃO BENTO;0038;0205;85;79;0;5;8;188;11
09075;SÃO BENTO;0038;0208;69;73;2;2;6;162;10
09172;SÃO JOÃO BATISTA;0063;0003;73;124;0;4;5;221;15
09172;SÃO JOÃO BATISTA;0063;0004;91;107;1;1;9;224;15
09172;SÃO JOÃO BATISTA;0063;0005;89;99;2;1;5;215;19
09172;SÃO JOÃO BATISTA;0063;0006;69;126;1;1;4;216;15
09172;SÃO JOÃO BATISTA;0063;0007;81;121;3;3;2;231;21
09172;SÃO JOÃO BATISTA;0063;0008;62;62;0;0;2;150;24
09172;SÃO JOÃO BATISTA;0063;0009;65;71;0;1;5;154;12
09172;SÃO JOÃO BATISTA;0063;0010;50;73;2;2;3;153;23
09172;SÃO JOÃO BATISTA;0063;0011;64;95;0;1;3;172;9
09172;SÃO JOÃO BATISTA;0063;0012;60;91;1;2;4;165;7
09172;SÃO JOÃO BATISTA;0063;0013;74;93;1;3;1;178;6
09172;SÃO JOÃO BATISTA;0063;0016;46;162;1;2;5;236;20
09172;SÃO JOÃO BATISTA;0063;0017;57;92;0;0;5;169;15
09172;SÃO JOÃO BATISTA;0063;0018;60;93;1;1;3;171;13
09172;SÃO JOÃO BATISTA;0063;0019;106;108;1;4;7;243;17
09172;SÃO JOÃO BATISTA;0063;0020;63;69;0;0;7;161;22
09172;SÃO JOÃO BATISTA;0063;0021;74;72;0;2;7;172;17
09172;SÃO JOÃO BATISTA;0063;0022;80;56;2;3;9;182;32
09172;SÃO JOÃO BATISTA;0063;0024;67;57;0;0;8;167;35
09172;SÃO JOÃO BATISTA;0063;0025;63;71;0;3;6;179;36
09172;SÃO JOÃO BATISTA;0063;0028;86;126;0;3;6;244;23
09172;SÃO JOÃO BATISTA;0063;0029;68;94;0;3;1;176;10
09172;SÃO JOÃO BATISTA;0063;0030;68;87;1;1;4;168;7
09172;SÃO JOÃO BATISTA;0063;0031;65;96;1;2;4;182;14
09172;SÃO JOÃO BATISTA;0063;0032;55;102;0;3;6;179;13
09172;SÃO JOÃO BATISTA;0063;0033;30;112;0;2;4;167;19
09172;SÃO JOÃO BATISTA;0063;0034;91;139;0;3;8;254;13
09172;SÃO JOÃO BATISTA;0063;0035;71;89;1;2;6;188;19
09172;SÃO JOÃO BATISTA;0063;0036;107;105;1;4;3;232;12
09172;SÃO JOÃO BATISTA;0063;0037;82;76;1;2;5;176;10
09172;SÃO JOÃO BATISTA;0063;0040;45;135;0;1;7;206;18
09172;SÃO JOÃO BATISTA;0063;0041;82;84;0;4;3;182;9
09172;SÃO JOÃO BATISTA;0063;0042;127;114;0;4;9;264;10
09172;SÃO JOÃO BATISTA;0063;0045;101;103;0;0;11;239;24
09172;SÃO JOÃO BATISTA;0063;0047;81;101;1;2;6;210;19
09172;SÃO JOÃO BATISTA;0063;0048;14;141;0;4;5;176;12
09172;SÃO JOÃO BATISTA;0063;0050;77;130;0;2;2;224;13
09172;SÃO JOÃO BATISTA;0063;0051;62;54;0;1;8;143;18
09172;SÃO JOÃO BATISTA;0063;0052;43;91;1;1;10;160;14
09172;SÃO JOÃO BATISTA;0063;0053;49;98;0;3;6;174;18
09172;SÃO JOÃO BATISTA;0063;0058;87;106;0;5;7;222;17
09172;SÃO JOÃO BATISTA;0063;0059;41;76;0;4;4;142;17
09172;SÃO JOÃO BATISTA;0063;0060;101;128;3;3;11;256;10
09172;SÃO JOÃO BATISTA;0063;0068;57;99;3;4;6;182;13
09172;SÃO JOÃO BATISTA;0063;0069;61;72;0;2;3;168;30
09172;SÃO JOÃO BATISTA;0063;0070;55;97;0;1;3;161;5
09172;SÃO JOÃO BATISTA;0063;0075;91;102;1;3;5;216;14
09172;SÃO JOÃO BATISTA;0063;0081;117;127;0;4;5;288;35
09172;SÃO JOÃO BATISTA;0063;0084;69;122;0;3;7;223;22
09172;SÃO JOÃO BATISTA;0063;0089;69;68;0;3;3;164;21
09172;SÃO JOÃO BATISTA;0063;0096;53;122;0;3;4;200;18
09172;SÃO JOÃO BATISTA;0063;0099;56;193;0;4;5;286;28
09172;SÃO JOÃO BATISTA;0063;0101;56;120;0;1;3;195;15
09172;SÃO JOÃO BATISTA;0063;0103;32;72;0;3;4;119;8
09172;SÃO JOÃO BATISTA;0063;0105;46;79;0;5;7;157;20
09172;SÃO JOÃO BATISTA;0063;0107;67;70;1;4;2;164;20
09172;SÃO JOÃO BATISTA;0063;0108;65;180;0;3;11;283;24
09172;SÃO JOÃO BATISTA;0063;0109;70;94;0;3;4;188;17
09172;SÃO JOÃO BATISTA;0063;0110;35;106;1;3;2;158;11
09172;SÃO JOÃO BATISTA;0063;0111;44;95;0;5;2;164;18
09172;SÃO JOÃO BATISTA;0063;0112;59;62;0;2;1;144;20
09172;SÃO JOÃO BATISTA;0063;0114;68;51;0;3;6;148;20
09172;SÃO JOÃO BATISTA;0063;0115;96;94;1;4;7;226;24
09172;SÃO JOÃO BATISTA;0063;0116;83;60;0;1;4;163;15
09172;SÃO JOÃO BATISTA;0063;0117;73;101;1;6;6;200;13
09172;SÃO JOÃO BATISTA;0063;0118;60;108;0;1;4;204;31
09172;SÃO JOÃO BATISTA;0063;0119;87;79;0;1;2;185;16
09172;SÃO JOÃO BATISTA;0063;0120;31;117;0;1;4;163;10
09172;SÃO JOÃO BATISTA;0063;0121;63;64;0;7;4;154;16
09172;SÃO JOÃO BATISTA;0063;0123;72;88;0;4;3;180;13
09172;SÃO JOÃO BATISTA;0063;0124;140;89;0;2;12;258;15
09172;SÃO JOÃO BATISTA;0063;0125;107;133;0;4;5;279;30
09172;SÃO JOÃO BATISTA;0063;0127;52;73;1;2;1;141;12
09172;SÃO JOÃO BATISTA;0063;0128;26;107;0;3;7;163;20
09172;SÃO JOÃO BATISTA;0063;0129;57;79;0;2;3;155;14
09172;SÃO JOÃO BATISTA;0063;0130;113;66;0;2;8;208;19
09172;SÃO JOÃO BATISTA;0063;0131;71;75;0;1;0;158;11
09172;SÃO JOÃO BATISTA;0063;0133;80;87;1;3;3;183;9
09172;SÃO JOÃO BATISTA;0063;0134;17;53;0;0;2;74;2
09172;SÃO JOÃO BATISTA;0063;0135;25;28;1;2;1;62;5
09237;SÃO MATEUS DO MARANHÃO;0084;0001;130;95;1;4;12;260;18
09237;SÃO MATEUS DO MARANHÃO;0084;0002;134;95;0;6;9;256;12
09237;SÃO MATEUS DO MARANHÃO;0084;0003;124;111;1;8;7;268;17
09237;SÃO MATEUS DO MARANHÃO;0084;0004;104;61;0;0;8;185;12
09237;SÃO MATEUS DO MARANHÃO;0084;0005;68;85;3;3;10;182;13
09237;SÃO MATEUS DO MARANHÃO;0084;0006;89;66;2;5;8;182;12
09237;SÃO MATEUS DO MARANHÃO;0084;0007;97;74;0;3;7;191;10
09237;SÃO MATEUS DO MARANHÃO;0084;0008;50;53;0;0;5;112;4
09237;SÃO MATEUS DO MARANHÃO;0084;0009;74;69;0;4;4;166;15
09237;SÃO MATEUS DO MARANHÃO;0084;0010;134;92;1;7;8;261;19
09237;SÃO MATEUS DO MARANHÃO;0084;0013;101;79;1;0;14;206;11
09237;SÃO MATEUS DO MARANHÃO;0084;0014;98;73;0;1;6;197;19
09237;SÃO MATEUS DO MARANHÃO;0084;0016;103;72;3;4;16;221;23
09237;SÃO MATEUS DO MARANHÃO;0084;0017;97;103;2;6;14;229;7
09237;SÃO MATEUS DO MARANHÃO;0084;0018;74;77;2;2;11;177;11
09237;SÃO MATEUS DO MARANHÃO;0084;0019;90;78;1;5;5;194;15
09237;SÃO MATEUS DO MARANHÃO;0084;0020;87;70;1;4;14;185;9
09237;SÃO MATEUS DO MARANHÃO;0084;0021;87;72;1;4;7;178;7
09237;SÃO MATEUS DO MARANHÃO;0084;0022;86;71;1;5;7;176;6
09237;SÃO MATEUS DO MARANHÃO;0084;0023;87;79;1;1;8;184;8
09237;SÃO MATEUS DO MARANHÃO;0084;0024;89;82;2;7;7;201;14
09237;SÃO MATEUS DO MARANHÃO;0084;0025;131;107;4;4;10;270;14
09237;SÃO MATEUS DO MARANHÃO;0084;0026;140;105;2;2;3;264;12
09237;SÃO MATEUS DO MARANHÃO;0084;0027;116;97;1;10;6;243;13
09237;SÃO MATEUS DO MARANHÃO;0084;0028;98;84;2;1;16;222;21
09237;SÃO MATEUS DO MARANHÃO;0084;0029;100;83;2;4;17;221;15
09237;SÃO MATEUS DO MARANHÃO;0084;0030;88;88;2;5;14;214;17
09237;SÃO MATEUS DO MARANHÃO;0084;0031;112;85;0;3;5;225;20
09237;SÃO MATEUS DO MARANHÃO;0084;0032;96;103;2;4;8;217;4
09237;SÃO MATEUS DO MARANHÃO;0084;0033;104;82;3;6;11;220;14
09237;SÃO MATEUS DO MARANHÃO;0084;0034;88;111;0;5;15;234;15
09237;SÃO MATEUS DO MARANHÃO;0084;0035;63;37;1;4;4;114;5
09237;SÃO MATEUS DO MARANHÃO;0084;0036;100;94;1;5;8;222;14
09237;SÃO MATEUS DO MARANHÃO;0084;0037;93;66;1;3;8;186;15
09237;SÃO MATEUS DO MARANHÃO;0084;0038;94;68;0;6;7;182;7
09237;SÃO MATEUS DO MARANHÃO;0084;0040;76;62;1;3;4;158;12
09237;SÃO MATEUS DO MARANHÃO;0084;0041;81;54;2;2;13;164;12
09237;SÃO MATEUS DO MARANHÃO;0084;0042;99;118;2;0;13;252;20
09237;SÃO MATEUS DO MARANHÃO;0084;0043;107;71;1;2;6;206;19
09237;SÃO MATEUS DO MARANHÃO;0084;0044;147;88;3;7;11;268;12
09237;SÃO MATEUS DO MARANHÃO;0084;0045;135;102;3;4;8;264;12
09237;SÃO MATEUS DO MARANHÃO;0084;0046;136;100;1;8;5;265;15
09237;SÃO MATEUS DO MARANHÃO;0084;0048;107;73;2;3;8;206;13
09237;SÃO MATEUS DO MARANHÃO;0084;0051;104;82;1;7;11;219;14
09237;SÃO MATEUS DO MARANHÃO;0084;0055;118;95;2;5;8;244;16
09237;SÃO MATEUS DO MARANHÃO;0084;0056;95;96;1;3;12;225;18
09237;SÃO MATEUS DO MARANHÃO;0084;0059;101;101;0;2;16;237;17
09237;SÃO MATEUS DO MARANHÃO;0084;0063;132;105;1;2;14;276;22
09237;SÃO MATEUS DO MARANHÃO;0084;0072;130;104;3;1;14;273;21
09237;SÃO MATEUS DO MARANHÃO;0084;0073;98;90;0;5;11;228;24
09237;SÃO MATEUS DO MARANHÃO;0084;0080;54;75;0;1;6;143;7
09237;SÃO MATEUS DO MARANHÃO;0084;0081;119;102;2;1;16;255;15
09237;SÃO MATEUS DO MARANHÃO;0084;0082;64;102;0;2;11;194;15
09237;SÃO MATEUS DO MARANHÃO;0084;0084;115;88;2;4;8;232;15
09237;SÃO MATEUS DO MARANHÃO;0084;0086;100;91;1;2;8;218;16
09237;SÃO MATEUS DO MARANHÃO;0084;0089;113;124;1;1;10;262;13
09237;SÃO MATEUS DO MARANHÃO;0084;0091;99;91;2;2;12;218;12
09237;SÃO MATEUS DO MARANHÃO;0084;0119;114;89;1;7;12;246;23
09237;SÃO MATEUS DO MARANHÃO;0084;0124;143;102;0;3;7;275;20
09237;SÃO MATEUS DO MARANHÃO;0084;0125;149;73;1;7;6;267;31
09237;SÃO MATEUS DO MARANHÃO;0084;0126;136;95;0;9;8;262;14
09237;SÃO MATEUS DO MARANHÃO;0084;0127;62;98;2;0;6;185;17
09237;SÃO MATEUS DO MARANHÃO;0084;0128;125;83;1;11;24;275;31
09237;SÃO MATEUS DO MARANHÃO;0084;0131;129;105;1;5;10;264;14
09237;SÃO MATEUS DO MARANHÃO;0084;0132;135;88;4;6;14;274;27
09237;SÃO MATEUS DO MARANHÃO;0084;0135;90;56;1;1;8;169;13
09237;SÃO MATEUS DO MARANHÃO;0084;0136;141;96;4;2;6;270;21
09237;SÃO MATEUS DO MARANHÃO;0084;0137;104;86;0;3;11;219;15
09237;SÃO MATEUS DO MARANHÃO;0084;0138;47;68;0;0;11;137;11
09237;SÃO MATEUS DO MARANHÃO;0084;0143;75;101;0;3;14;210;17
09237;SÃO MATEUS DO MARANHÃO;0084;0145;41;89;0;5;9;158;14
09237;SÃO MATEUS DO MARANHÃO;0084;0156;75;86;0;2;10;193;20
09237;SÃO MATEUS DO MARANHÃO;0084;0157;61;145;3;5;12;233;7
09237;SÃO MATEUS DO MARANHÃO;0084;0160;128;99;1;1;15;278;34
09237;SÃO MATEUS DO MARANHÃO;0084;0161;140;96;2;1;12;267;16
09237;SÃO MATEUS DO MARANHÃO;0084;0162;46;97;0;5;5;168;15
09237;SÃO MATEUS DO MARANHÃO;0084;0163;115;84;4;1;17;239;18
09237;SÃO MATEUS DO MARANHÃO;0084;0164;75;80;0;2;5;174;12
09237;SÃO MATEUS DO MARANHÃO;0084;0170;112;98;1;5;24;271;31
09237;SÃO MATEUS DO MARANHÃO;0084;0171;113;112;2;6;7;250;10
09237;SÃO MATEUS DO MARANHÃO;0084;0173;127;92;2;4;13;275;37
09237;SÃO MATEUS DO MARANHÃO;0084;0174;141;109;2;5;12;285;16
09237;SÃO MATEUS DO MARANHÃO;0084;0177;59;67;1;0;4;137;6
09237;SÃO MATEUS DO MARANHÃO;0084;0179;151;92;2;7;10;283;21
09237;SÃO MATEUS DO MARANHÃO;0084;0181;76;81;1;6;8;188;16
09237;SÃO MATEUS DO MARANHÃO;0084;0182;109;56;0;4;3;181;9
09237;SÃO MATEUS DO MARANHÃO;0084;0183;124;94;1;3;9;254;23
09237;SÃO MATEUS DO MARANHÃO;0084;0185;127;91;2;3;15;256;18
09237;SÃO MATEUS DO MARANHÃO;0084;0186;61;55;0;1;1;127;9
09237;SÃO MATEUS DO MARANHÃO;0084;0190;136;119;2;1;8;278;12
09237;SÃO MATEUS DO MARANHÃO;0084;0191;143;75;2;3;14;253;16
09237;SÃO MATEUS DO MARANHÃO;0084;0194;68;87;1;5;7;186;18
09237;SÃO MATEUS DO MARANHÃO;0084;0195;99;119;1;3;4;235;9
09237;SÃO MATEUS DO MARANHÃO;0084;0197;112;118;4;3;16;272;19
09237;SÃO MATEUS DO MARANHÃO;0084;0199;141;74;2;3;12;264;32
09237;SÃO MATEUS DO MARANHÃO;0084;0204;37;75;0;3;10;139;14
09237;SÃO MATEUS DO MARANHÃO;0084;0207;72;84;1;3;10;194;24
09237;SÃO MATEUS DO MARANHÃO;0084;0209;48;60;0;2;3;125;12
09237;SÃO MATEUS DO MARANHÃO;0084;0213;86;76;0;1;6;186;17
09237;SÃO MATEUS DO MARANHÃO;0084;0214;118;100;0;4;11;257;24
09237;SÃO MATEUS DO MARANHÃO;0084;0215;121;86;2;1;18;257;29
09237;SÃO MATEUS DO MARANHÃO;0084;0216;56;67;0;1;5;136;7
09237;SÃO MATEUS DO MARANHÃO;0084;0217;74;72;0;1;3;163;13
09237;SÃO MATEUS DO MARANHÃO;0084;0218;72;95;0;2;3;184;12
09237;SÃO MATEUS DO MARANHÃO;0084;0223;54;34;0;0;4;99;7
09512;VITÓRIA DO MEARIM;0041;0001;124;31;3;3;10;199;28
09512;VITÓRIA DO MEARIM;0041;0002;115;30;4;4;3;179;23
09512;VITÓRIA DO MEARIM;0041;0003;115;48;2;3;8;197;21
09512;VITÓRIA DO MEARIM;0041;0004;137;61;6;6;5;249;34
09512;VITÓRIA DO MEARIM;0041;0005;156;41;4;8;11;246;26
09512;VITÓRIA DO MEARIM;0041;0006;144;51;4;5;3;243;36
09512;VITÓRIA DO MEARIM;0041;0007;157;56;3;8;9;252;19
09512;VITÓRIA DO MEARIM;0041;0008;97;40;3;2;6;175;27
09512;VITÓRIA DO MEARIM;0041;0009;162;54;2;9;16;283;40
09512;VITÓRIA DO MEARIM;0041;0010;172;54;4;10;12;293;41
09512;VITÓRIA DO MEARIM;0041;0011;195;48;1;9;14;297;30
09512;VITÓRIA DO MEARIM;0041;0012;117;30;0;7;10;187;23
09512;VITÓRIA DO MEARIM;0041;0013;141;35;3;3;5;208;21
09512;VITÓRIA DO MEARIM;0041;0014;122;39;3;5;5;200;26
09512;VITÓRIA DO MEARIM;0041;0015;127;53;2;2;8;208;16
09512;VITÓRIA DO MEARIM;0041;0016;117;41;3;5;10;206;30
09512;VITÓRIA DO MEARIM;0041;0017;136;38;1;4;7;203;17
09512;VITÓRIA DO MEARIM;0041;0018;125;45;6;3;10;206;17
09512;VITÓRIA DO MEARIM;0041;0019;126;39;2;3;2;197;25
09512;VITÓRIA DO MEARIM;0041;0020;94;28;1;7;4;154;20
09512;VITÓRIA DO MEARIM;0041;0021;117;30;5;5;7;177;13
09512;VITÓRIA DO MEARIM;0041;0022;192;50;1;18;12;303;30
09512;VITÓRIA DO MEARIM;0041;0023;112;72;0;6;12;229;27
09512;VITÓRIA DO MEARIM;0041;0025;110;41;4;2;12;212;43
09512;VITÓRIA DO MEARIM;0041;0026;111;39;4;4;9;199;32
09512;VITÓRIA DO MEARIM;0041;0027;110;34;2;7;3;193;37
09512;VITÓRIA DO MEARIM;0041;0028;112;42;2;2;5;197;34
09512;VITÓRIA DO MEARIM;0041;0029;95;38;7;5;9;184;30
09512;VITÓRIA DO MEARIM;0041;0030;117;36;1;3;5;190;28
09512;VITÓRIA DO MEARIM;0041;0062;75;56;0;0;8;162;23
09512;VITÓRIA DO MEARIM;0041;0064;43;117;0;13;6;206;27
09512;VITÓRIA DO MEARIM;0041;0065;39;120;0;4;15;208;30
09512;VITÓRIA DO MEARIM;0041;0066;113;77;1;6;6;240;37
09512;VITÓRIA DO MEARIM;0041;0068;68;64;0;7;6;163;18
09512;VITÓRIA DO MEARIM;0041;0069;95;48;1;7;5;170;14
09512;VITÓRIA DO MEARIM;0041;0073;62;60;0;9;13;168;24
09512;VITÓRIA DO MEARIM;0041;0075;116;96;0;2;9;258;35
09512;VITÓRIA DO MEARIM;0041;0078;116;37;8;3;5;204;35
09512;VITÓRIA DO MEARIM;0041;0080;188;56;3;4;12;290;27
09512;VITÓRIA DO MEARIM;0041;0081;88;58;0;7;21;206;32
09512;VITÓRIA DO MEARIM;0041;0082;176;59;4;7;15;294;33
09512;VITÓRIA DO MEARIM;0041;0083;126;42;0;5;8;210;29
09512;VITÓRIA DO MEARIM;0041;0084;155;31;1;4;3;211;17
09512;VITÓRIA DO MEARIM;0041;0085;114;47;6;1;8;213;37
09512;VITÓRIA DO MEARIM;0041;0089;75;69;2;3;4;176;23
09512;VITÓRIA DO MEARIM;0041;0090;143;57;5;7;4;249;33
09512;VITÓRIA DO MEARIM;0041;0093;124;42;4;6;2;195;17
09512;VITÓRIA DO MEARIM;0041;0094;153;64;1;7;10;265;30
09512;VITÓRIA DO MEARIM;0041;0095;120;45;1;3;9;206;28
09512;VITÓRIA DO MEARIM;0041;0101;147;59;1;3;0;224;14
09512;VITÓRIA DO MEARIM;0041;0103;128;39;3;2;7;202;23
09512;VITÓRIA DO MEARIM;0041;0104;145;29;2;10;2;200;12
09512;VITÓRIA DO MEARIM;0041;0105;156;41;3;8;9;238;21
09512;VITÓRIA DO MEARIM;0041;0106;58;52;0;10;2;136;14
09512;VITÓRIA DO MEARIM;0041;0107;141;25;2;5;4;197;20
09512;VITÓRIA DO MEARIM;0041;0108;114;33;4;5;10;197;31
09512;VITÓRIA DO MEARIM;0041;0117;66;49;0;0;3;143;25
09512;VITÓRIA DO MEARIM;0041;0119;142;54;3;13;9;264;43
09512;VITÓRIA DO MEARIM;0041;0120;83;80;2;0;10;224;49
09512;VITÓRIA DO MEARIM;0041;0121;104;37;3;4;3;178;27
09512;VITÓRIA DO MEARIM;0041;0122;151;45;4;6;4;234;24
09512;VITÓRIA DO MEARIM;0041;0137;142;33;2;5;8;204;14
09512;VITÓRIA DO MEARIM;0041;0141;110;30;1;4;7;172;20
09512;VITÓRIA DO MEARIM;0041;0142;82;64;0;2;4;180;28
09512;VITÓRIA DO MEARIM;0041;0143;106;44;0;2;13;186;21
09512;VITÓRIA DO MEARIM;0041;0144;95;36;3;2;6;167;25
09512;VITÓRIA DO MEARIM;0041;0146;98;31;4;2;10;163;18
09512;VITÓRIA DO MEARIM;0041;0147;66;69;4;5;6;172;22
09512;VITÓRIA DO MEARIM;0041;0148;184;49;3;12;11;286;27
09512;VITÓRIA DO MEARIM;0041;0149;149;41;1;5;4;221;21
09512;VITÓRIA DO MEARIM;0041;0152;78;42;0;2;4;149;23
09512;VITÓRIA DO MEARIM;0041;0153;145;82;2;8;6;264;21
09512;VITÓRIA DO MEARIM;0041;0155;169;64;2;3;5;292;49
09512;VITÓRIA DO MEARIM;0041;0157;154;47;1;4;9;235;20
09512;VITÓRIA DO MEARIM;0041;0159;125;43;3;3;5;193;14
09512;VITÓRIA DO MEARIM;0041;0160;74;70;2;6;13;207;42
09512;VITÓRIA DO MEARIM;0041;0161;115;42;1;5;6;185;16
09512;VITÓRIA DO MEARIM;0041;0162;85;49;0;2;2;160;22
09512;VITÓRIA DO MEARIM;0041;0163;128;45;1;2;7;212;29
09512;VITÓRIA DO MEARIM;0041;0164;75;42;1;0;4;148;26
09512;VITÓRIA DO MEARIM;0041;0165;130;47;0;8;10;215;20
09512;VITÓRIA DO MEARIM;0041;0166;105;53;0;7;7;184;12
09512;VITÓRIA DO MEARIM;0041;0167;143;44;2;9;5;212;9
09512;VITÓRIA DO MEARIM;0041;0173;99;52;3;6;8;202;34
09512;VITÓRIA DO MEARIM;0041;0176;92;59;1;10;6;181;13
09512;VITÓRIA DO MEARIM;0041;0177;111;35;2;8;2;178;20
09512;VITÓRIA DO MEARIM;0041;0178;84;37;3;3;11;159;21
09512;VITÓRIA DO MEARIM;0041;0179;60;55;0;2;8;143;18
09512;VITÓRIA DO MEARIM;0041;0182;126;42;2;3;7;200;20
09512;VITÓRIA DO MEARIM;0041;0183;127;29;1;5;8;189;19
09512;VITÓRIA DO MEARIM;0041;0184;87;21;1;0;7;133;17
09512;VITÓRIA DO MEARIM;0041;0185;98;29;0;5;7;155;16
09512;VITÓRIA DO MEARIM;0041;0186;136;21;5;7;5;189;15
09512;VITÓRIA DO MEARIM;0041;0188;140;38;3;5;7;204;11
09571;SANTA INÊS;0057;0025;151;46;11;7;10;274;49
09571;SANTA INÊS;0057;0030;153;49;9;11;4;275;49
09571;SANTA INÊS;0057;0031;140;61;5;14;7;275;48
09571;SANTA INÊS;0057;0032;140;51;1;11;9;258;46
09571;SANTA INÊS;0057;0033;144;66;7;16;13;294;48
09571;SANTA INÊS;0057;0034;171;59;14;5;9;290;32
09571;SANTA INÊS;0057;0035;118;45;4;9;3;201;22
09571;SANTA INÊS;0057;0036;115;41;5;3;16;225;45
09571;SANTA INÊS;0057;0037;106;48;5;7;6;201;29
09571;SANTA INÊS;0057;0039;106;34;6;6;4;183;27
09571;SANTA INÊS;0057;0040;111;30;7;7;4;182;23
09571;SANTA INÊS;0057;0041;198;43;10;6;9;310;44
09571;SANTA INÊS;0057;0042;158;33;7;8;10;248;32
09571;SANTA INÊS;0057;0043;152;36;3;3;8;246;44
09571;SANTA INÊS;0057;0044;147;32;8;4;11;235;33
09571;SANTA INÊS;0057;0045;140;52;4;12;4;243;31
09571;SANTA INÊS;0057;0046;146;48;6;9;11;259;39
09571;SANTA INÊS;0057;0047;132;23;5;9;7;209;33
09571;SANTA INÊS;0057;0048;110;42;5;5;7;205;36
09571;SANTA INÊS;0057;0049;126;36;8;6;7;222;39
09571;SANTA INÊS;0057;0050;142;25;5;5;14;220;29
09571;SANTA INÊS;0057;0053;128;48;7;4;4;218;27
09571;SANTA INÊS;0057;0055;194;55;3;16;14;313;31
09571;SANTA INÊS;0057;0056;110;27;4;4;8;166;13
09571;SANTA INÊS;0057;0058;188;55;7;11;13;314;40
09571;SANTA INÊS;0057;0059;118;30;2;6;8;198;34
09571;SANTA INÊS;0057;0060;140;27;4;14;9;211;17
09571;SANTA INÊS;0057;0061;139;48;12;16;8;275;52
09571;SANTA INÊS;0057;0062;165;43;3;8;12;266;35
09571;SANTA INÊS;0057;0063;137;43;4;13;9;262;56
09571;SANTA INÊS;0057;0064;151;49;7;13;8;271;43
09571;SANTA INÊS;0057;0065;172;38;4;9;8;275;44
09571;SANTA INÊS;0057;0066;133;44;8;14;11;256;46
09571;SANTA INÊS;0057;0068;141;35;8;12;23;248;29
09571;SANTA INÊS;0057;0071;170;50;12;4;10;281;35
09571;SANTA INÊS;0057;0072;183;44;5;4;4;266;26
09571;SANTA INÊS;0057;0075;131;41;3;16;5;225;29
09571;SANTA INÊS;0057;0087;117;27;3;7;12;194;28
09571;SANTA INÊS;0057;0088;137;29;2;16;14;219;21
09571;SANTA INÊS;0057;0089;119;41;4;10;13;213;26
09571;SANTA INÊS;0057;0100;139;50;7;13;21;263;33
09571;SANTA INÊS;0057;0101;138;59;5;10;15;268;41
09571;SANTA INÊS;0057;0104;145;41;7;13;10;246;30
09571;SANTA INÊS;0057;0105;131;33;2;3;4;194;21
09571;SANTA INÊS;0057;0109;185;48;7;3;7;282;32
09571;SANTA INÊS;0057;0111;111;38;5;10;11;201;26
09571;SANTA INÊS;0057;0112;122;32;4;6;9;198;25
09571;SANTA INÊS;0057;0113;123;43;2;4;14;213;27
09571;SANTA INÊS;0057;0114;121;56;5;11;8;224;23
09571;SANTA INÊS;0057;0115;129;37;4;13;11;234;40
09571;SANTA INÊS;0057;0116;114;50;9;6;8;213;26
09571;SANTA INÊS;0057;0118;121;57;4;10;7;229;30
09571;SANTA INÊS;0057;0119;179;58;6;9;14;287;21
09571;SANTA INÊS;0057;0121;125;36;6;7;6;215;35
09571;SANTA INÊS;0057;0122;128;37;5;8;9;212;25
09571;SANTA INÊS;0057;0123;149;34;10;4;10;241;34
09571;SANTA INÊS;0057;0124;188;59;12;15;13;323;36
09571;SANTA INÊS;0057;0125;109;35;6;3;6;187;28
09571;SANTA INÊS;0057;0126;156;38;1;5;12;250;38
09571;SANTA INÊS;0057;0127;169;44;7;7;12;272;33
09571;SANTA INÊS;0057;0129;145;54;8;9;16;262;30
09571;SANTA INÊS;0057;0130;114;40;5;6;7;198;26
09571;SANTA INÊS;0057;0131;110;48;4;12;9;209;26
09571;SANTA INÊS;0057;0132;118;44;4;13;15;227;33
09571;SANTA INÊS;0057;0133;162;47;13;10;6;266;28
09571;SANTA INÊS;0057;0134;130;37;6;3;9;212;27
09571;SANTA INÊS;0057;0136;115;41;3;12;7;211;33
09571;SANTA INÊS;0057;0137;174;50;12;14;5;289;34
09571;SANTA INÊS;0057;0138;142;61;8;14;13;271;33
09571;SANTA INÊS;0057;0139;112;51;1;9;12;210;25
09571;SANTA INÊS;0057;0140;120;45;0;8;6;222;43
09571;SANTA INÊS;0057;0141;129;49;2;12;8;236;36
09571;SANTA INÊS;0057;0142;106;49;7;8;8;220;42
09571;SANTA INÊS;0057;0143;144;57;12;8;9;265;35
09571;SANTA INÊS;0057;0144;150;56;5;7;13;282;51
09571;SANTA INÊS;0057;0145;152;41;6;10;12;271;50
09571;SANTA INÊS;0057;0146;120;44;4;11;7;212;26
09571;SANTA INÊS;0057;0147;136;36;4;3;5;216;32
09571;SANTA INÊS;0057;0148;163;54;14;9;6;277;31
09571;SANTA INÊS;0057;0149;140;40;9;7;11;239;32
09571;SANTA INÊS;0057;0150;110;46;6;9;11;218;36
09571;SANTA INÊS;0057;0152;117;31;1;8;14;218;47
09571;SANTA INÊS;0057;0153;150;50;6;13;11;255;25
09571;SANTA INÊS;0057;0154;98;48;4;2;15;203;36
09571;SANTA INÊS;0057;0155;123;47;4;6;8;220;32
09571;SANTA INÊS;0057;0156;145;63;9;13;10;279;39
09571;SANTA INÊS;0057;0157;105;57;4;11;7;216;32
09571;SANTA INÊS;0057;0159;128;48;7;6;8;228;31
09571;SANTA INÊS;0057;0160;139;39;8;13;4;232;29
09571;SANTA INÊS;0057;0161;195;53;11;9;10;314;36
09571;SANTA INÊS;0057;0162;118;46;5;11;6;219;33
09571;SANTA INÊS;0057;0163;109;46;8;5;6;194;20
09571;SANTA INÊS;0057;0185;110;47;5;6;9;213;36
09571;SANTA INÊS;0057;0187;122;52;6;8;8;219;23
09571;SANTA INÊS;0057;0189;97;41;7;7;12;188;24
09571;SANTA INÊS;0057;0192;100;55;4;4;8;212;41
09571;SANTA INÊS;0057;0193;103;63;6;7;3;198;16
09571;SANTA INÊS;0057;0194;185;50;8;10;13;310;44
09571;SANTA INÊS;0057;0196;167;42;3;14;16;272;30
09571;SANTA INÊS;0057;0201;138;47;9;14;12;248;28
09571;SANTA INÊS;0057;0204;161;51;6;4;16;267;29
09571;SANTA INÊS;0057;0205;119;44;3;12;6;221;37
09571;SANTA INÊS;0057;0207;160;43;5;15;9;263;31
09571;SANTA INÊS;0057;0208;113;48;8;6;10;204;19
09571;SANTA INÊS;0057;0209;148;52;8;14;8;265;35
09571;SANTA INÊS;0057;0210;104;50;1;6;7;196;28
09571;SANTA INÊS;0057;0215;120;39;3;11;12;216;31
09571;SANTA INÊS;0057;0216;175;53;6;11;8;302;49
09571;SANTA INÊS;0057;0217;122;69;1;13;10;258;43
09571;SANTA INÊS;0057;0218;107;46;1;11;9;210;36
09571;SANTA INÊS;0057;0220;158;50;1;8;11;266;38
09571;SANTA INÊS;0057;0221;135;60;5;11;11;263;41
09571;SANTA INÊS;0057;0222;140;41;3;15;7;234;28
09571;SANTA INÊS;0057;0223;170;54;5;7;7;280;37
09571;SANTA INÊS;0057;0224;130;55;6;12;14;261;44
09571;SANTA INÊS;0057;0225;135;57;6;17;6;260;39
09571;SANTA INÊS;0057;0226;149;45;5;7;14;252;32
09571;SANTA INÊS;0057;0227;116;43;2;10;8;212;33
09571;SANTA INÊS;0057;0228;131;65;6;5;16;252;29
09571;SANTA INÊS;0057;0229;153;39;9;7;7;245;30
09571;SANTA INÊS;0057;0230;119;56;8;9;8;232;32
09571;SANTA INÊS;0057;0231;141;39;5;13;5;223;20
09571;SANTA INÊS;0057;0232;142;48;7;7;9;233;20
09571;SANTA INÊS;0057;0233;145;40;4;5;8;224;22
09571;SANTA INÊS;0057;0234;59;113;1;5;11;214;25
09571;SANTA INÊS;0057;0235;58;116;0;2;6;209;27
09571;SANTA INÊS;0057;0236;137;49;3;5;18;249;37
09571;SANTA INÊS;0057;0237;139;40;3;9;10;233;32
09571;SANTA INÊS;0057;0238;148;41;6;12;2;237;28
09571;SANTA INÊS;0057;0239;123;44;5;14;9;221;26
09571;SANTA INÊS;0057;0240;142;37;4;10;9;239;37
09571;SANTA INÊS;0057;0241;148;34;5;13;10;238;28
09571;SANTA INÊS;0057;0242;144;43;5;6;5;240;37
09571;SANTA INÊS;0057;0243;131;38;2;15;11;229;32
09571;SANTA INÊS;0057;0244;112;36;7;3;7;185;20
09571;SANTA INÊS;0057;0245;109;27;3;6;10;179;24
09571;SANTA INÊS;0057;0246;114;28;4;5;5;178;22
09571;SANTA INÊS;0057;0247;119;33;3;9;9;194;21
09571;SANTA INÊS;0057;0250;139;83;3;11;10;287;41
09571;SANTA INÊS;0057;0253;102;50;6;6;10;201;27
09571;SANTA INÊS;0057;0255;157;110;3;12;13;322;27
09571;SANTA INÊS;0057;0258;51;40;2;7;5;119;14
09571;SANTA INÊS;0057;0260;114;38;3;16;14;198;13
09571;SANTA INÊS;0057;0261;110;54;1;7;13;206;21
09571;SANTA INÊS;0057;0262;93;46;9;9;7;184;20
09571;SANTA INÊS;0057;0263;38;46;1;1;2;90;2
09571;SANTA INÊS;0057;0265;112;127;3;7;8;284;27
09571;SANTA INÊS;0057;0267;56;63;0;7;1;138;11
09571;SANTA INÊS;0057;0268;102;63;1;4;6;188;12
09571;SANTA INÊS;0057;0269;96;56;2;5;6;183;18
09571;SANTA INÊS;0057;0270;98;64;6;5;3;191;15
09571;SANTA INÊS;0057;0272;84;41;3;9;9;173;27
09571;SANTA INÊS;0057;0273;72;77;1;11;4;176;11
09571;SANTA INÊS;0057;0275;168;42;12;11;14;288;41
09571;SANTA INÊS;0057;0278;182;57;2;14;5;281;21
09571;SANTA INÊS;0057;0279;179;43;5;11;18;287;31
09571;SANTA INÊS;0057;0280;166;70;3;10;8;280;23
09571;SANTA INÊS;0057;0283;178;48;4;8;11;285;36
09571;SANTA INÊS;0057;0285;50;59;0;7;3;130;11
09571;SANTA INÊS;0057;0287;88;136;2;13;7;274;28
09571;SANTA INÊS;0057;0288;94;37;1;8;13;176;23
09571;SANTA INÊS;0057;0289;189;53;7;5;15;304;35
09571;SANTA INÊS;0057;0291;67;91;3;3;6;200;30
09571;SANTA INÊS;0057;0292;84;82;2;6;8;202;20
09571;SANTA INÊS;0057;0293;72;71;3;8;8;178;16
09571;SANTA INÊS;0057;0294;161;48;4;10;5;279;51
09571;SANTA INÊS;0057;0295;142;39;4;16;16;268;51
09571;SANTA INÊS;0057;0296;180;43;6;8;14;289;38
09571;SANTA INÊS;0057;0297;160;54;6;12;10;285;43
09571;SANTA INÊS;0057;0298;152;39;6;11;17;277;52
09571;SANTA INÊS;0057;0299;173;44;6;7;12;288;46
09571;SANTA INÊS;0057;0300;158;63;7;10;15;289;36
09571;SANTA INÊS;0057;0301;131;94;4;9;11;275;26
09571;SANTA INÊS;0057;0303;190;48;7;10;14;295;26
09571;SANTA INÊS;0057;0304;152;47;12;11;13;275;40
09571;SANTA INÊS;0057;0305;193;59;4;14;10;298;18
09571;SANTA INÊS;0057;0306;182;29;5;6;12;265;31
09571;SANTA INÊS;0057;0307;151;56;7;8;7;258;29
09571;SANTA INÊS;0057;0308;168;43;5;8;10;262;28
09571;SANTA INÊS;0057;0309;147;56;11;5;12;258;27
09571;SANTA INÊS;0057;0310;166;36;6;5;12;260;35
09571;SANTA INÊS;0057;0311;164;48;7;10;10;278;39
09571;SANTA INÊS;0057;0312;176;45;9;3;13;269;23
09571;SANTA INÊS;0057;0313;185;42;7;6;5;266;21
09571;SANTA INÊS;0057;0314;9;23;0;0;1;90;57
09571;SANTA INÊS;0057;0315;109;86;0;1;5;213;12
09571;SANTA INÊS;0057;0316;110;67;2;4;9;196;4
09571;SANTA INÊS;0057;0317;105;35;0;6;0;161;15
09571;SANTA INÊS;0057;0319;143;103;0;4;11;281;20
09571;SANTA INÊS;0057;0320;85;40;3;6;8;156;14
09571;SANTA INÊS;0057;0321;35;140;5;5;3;205;17
09571;SANTA INÊS;0057;0323;84;67;0;7;6;180;16
09571;SANTA INÊS;0057;0324;50;43;1;2;4;108;8
09571;SANTA INÊS;0057;0325;105;89;5;2;9;224;14
09571;SANTA INÊS;0057;0327;127;62;0;10;8;228;21
09571;SANTA INÊS;0057;0329;61;29;0;6;6;108;6
09571;SANTA INÊS;0057;0330;94;60;0;10;7;209;38
09571;SANTA INÊS;0057;0332;13;16;0;2;1;35;3
09571;SANTA INÊS;0057;0333;154;36;4;11;13;243;25
09571;SANTA INÊS;0057;0334;150;54;11;19;11;280;35
09571;SANTA INÊS;0057;0335;136;58;3;11;11;245;26
09571;SANTA INÊS;0057;0337;64;23;2;5;2;113;17
09571;SANTA INÊS;0057;0338;155;53;11;8;15;283;41
09571;SANTA INÊS;0057;0339;161;67;4;16;10;282;24
09571;SANTA INÊS;0057;0340;179;77;13;8;6;306;23
09571;SANTA INÊS;0057;0341;151;54;6;13;16;285;45
09571;SANTA INÊS;0057;0342;150;53;7;14;11;267;32
09571;SANTA INÊS;0057;0343;132;68;0;14;13;269;42
09571;SANTA INÊS;0057;0344;206;44;8;7;5;305;35
09571;SANTA INÊS;0057;0345;165;79;2;11;8;292;27
09571;SANTA INÊS;0057;0346;159;55;7;14;11;281;35
09571;SANTA INÊS;0057;0347;39;12;5;2;6;70;6
09571;SANTA INÊS;0057;0348;164;64;5;9;2;272;28
09571;SANTA INÊS;0057;0349;115;46;4;6;8;208;29
09571;SANTA INÊS;0057;0350;152;87;5;12;19;315;40
09571;SANTA INÊS;0057;0351;100;57;5;7;12;205;24
09571;SANTA INÊS;0057;0352;86;18;2;5;7;135;17
09571;SANTA INÊS;0057;0355;57;22;2;3;5;105;16
07005;ÁGUA DOCE DO MARANHÃO;0012;0021;69;110;3;8;15;226;21
07005;ÁGUA DOCE DO MARANHÃO;0012;0022;100;128;4;12;17;279;18
07005;ÁGUA DOCE DO MARANHÃO;0012;0024;104;143;2;10;16;298;23
07005;ÁGUA DOCE DO MARANHÃO;0012;0026;74;127;2;7;20;252;22
07005;ÁGUA DOCE DO MARANHÃO;0012;0027;98;123;0;10;16;269;22
07005;ÁGUA DOCE DO MARANHÃO;0012;0028;102;96;4;7;18;244;17
07005;ÁGUA DOCE DO MARANHÃO;0012;0029;118;97;1;6;16;254;16
07005;ÁGUA DOCE DO MARANHÃO;0012;0030;120;91;1;6;11;248;19
07005;ÁGUA DOCE DO MARANHÃO;0012;0031;87;64;5;4;10;187;17
07005;ÁGUA DOCE DO MARANHÃO;0012;0044;64;69;0;2;9;159;15
07005;ÁGUA DOCE DO MARANHÃO;0012;0045;67;68;1;1;14;163;12
07005;ÁGUA DOCE DO MARANHÃO;0012;0046;115;97;3;6;11;248;16
07005;ÁGUA DOCE DO MARANHÃO;0012;0047;74;80;0;3;10;176;9
07005;ÁGUA DOCE DO MARANHÃO;0012;0052;47;126;1;5;19;222;24
07005;ÁGUA DOCE DO MARANHÃO;0012;0053;63;117;2;12;13;228;21
07005;ÁGUA DOCE DO MARANHÃO;0012;0061;72;133;3;10;10;256;28
07005;ÁGUA DOCE DO MARANHÃO;0012;0069;81;85;2;2;8;193;15
07005;ÁGUA DOCE DO MARANHÃO;0012;0071;67;81;0;3;15;185;19
07005;ÁGUA DOCE DO MARANHÃO;0012;0079;74;77;0;3;9;172;9
07005;ÁGUA DOCE DO MARANHÃO;0012;0083;77;95;1;14;8;209;14
07005;ÁGUA DOCE DO MARANHÃO;0012;0087;80;132;1;5;8;236;10
07005;ÁGUA DOCE DO MARANHÃO;0012;0093;83;73;2;0;10;176;8
07005;ÁGUA DOCE DO MARANHÃO;0012;0096;81;67;3;7;12;187;17
07005;ÁGUA DOCE DO MARANHÃO;0012;0100;102;94;3;4;8;234;23
07005;ÁGUA DOCE DO MARANHÃO;0012;0102;66;84;1;0;13;183;19
07005;ÁGUA DOCE DO MARANHÃO;0012;0104;116;84;2;5;9;231;15
07005;ÁGUA DOCE DO MARANHÃO;0012;0130;64;102;2;10;21;258;59
07005;ÁGUA DOCE DO MARANHÃO;0012;0144;72;143;0;4;9;256;28
07005;ÁGUA DOCE DO MARANHÃO;0012;0145;52;70;1;3;10;186;50
07005;ÁGUA DOCE DO MARANHÃO;0012;0146;85;122;1;13;17;263;25
07005;ÁGUA DOCE DO MARANHÃO;0012;0149;63;65;1;6;7;157;15
07005;ÁGUA DOCE DO MARANHÃO;0012;0150;72;92;0;5;8;184;7
07005;ÁGUA DOCE DO MARANHÃO;0012;0164;123;74;5;4;5;224;13
07005;ÁGUA DOCE DO MARANHÃO;0012;0168;55;107;2;8;15;211;24
07005;ÁGUA DOCE DO MARANHÃO;0012;0174;36;43;0;2;1;88;6
07005;ÁGUA DOCE DO MARANHÃO;0012;0175;107;78;1;4;6;213;17
07005;ÁGUA DOCE DO MARANHÃO;0012;0176;41;30;0;7;7;111;26
07005;ÁGUA DOCE DO MARANHÃO;0012;0198;53;63;0;3;6;143;18
07005;ÁGUA DOCE DO MARANHÃO;0012;0199;95;62;0;3;3;169;6
07005;ÁGUA DOCE DO MARANHÃO;0012;0201;81;98;0;6;7;208;16
07005;ÁGUA DOCE DO MARANHÃO;0012;0202;69;78;1;3;6;164;7
07005;ÁGUA DOCE DO MARANHÃO;0012;0205;76;54;6;3;9;165;17
07030;ALCÂNTARA;0052;0001;158;42;1;6;10;247;30
07030;ALCÂNTARA;0052;0002;148;57;1;7;5;252;34
07030;ALCÂNTARA;0052;0003;147;45;4;7;10;245;32
07030;ALCÂNTARA;0052;0004;130;37;2;5;11;211;26
07030;ALCÂNTARA;0052;0005;123;36;2;6;6;199;26
07030;ALCÂNTARA;0052;0006;134;39;3;5;2;209;26
07030;ALCÂNTARA;0052;0007;121;39;0;4;20;213;29
07030;ALCÂNTARA;0052;0008;137;45;0;1;7;239;49
07030;ALCÂNTARA;0052;0009;80;20;2;5;5;127;15
07030;ALCÂNTARA;0052;0010;95;21;1;14;5;167;31
07030;ALCÂNTARA;0052;0011;75;46;0;1;6;154;26
07030;ALCÂNTARA;0052;0012;135;46;0;11;12;234;30
07030;ALCÂNTARA;0052;0013;145;57;3;6;6;240;23
07030;ALCÂNTARA;0052;0014;116;56;0;5;6;203;20
07030;ALCÂNTARA;0052;0015;129;43;0;6;17;208;13
07030;ALCÂNTARA;0052;0016;106;58;0;2;13;224;45
07030;ALCÂNTARA;0052;0017;108;50;0;4;6;229;61
07030;ALCÂNTARA;0052;0018;92;32;1;6;3;151;17
07030;ALCÂNTARA;0052;0019;152;36;0;3;3;208;14
07030;ALCÂNTARA;0052;0021;73;34;0;9;5;151;30
07030;ALCÂNTARA;0052;0023;48;31;0;4;4;95;8
07030;ALCÂNTARA;0052;0025;80;52;0;6;2;165;25
07030;ALCÂNTARA;0052;0027;158;58;5;8;1;257;27
07030;ALCÂNTARA;0052;0028;141;41;2;3;5;216;24
07030;ALCÂNTARA;0052;0029;98;55;0;6;3;191;29
07030;ALCÂNTARA;0052;0030;61;63;1;2;2;162;33
07030;ALCÂNTARA;0052;0031;159;41;2;13;7;240;18
07030;ALCÂNTARA;0052;0032;115;35;0;9;10;197;28
07030;ALCÂNTARA;0052;0033;151;33;0;14;27;258;33
07030;ALCÂNTARA;0052;0034;136;38;1;6;5;208;22
07030;ALCÂNTARA;0052;0035;98;53;0;2;1;189;35
07030;ALCÂNTARA;0052;0036;128;44;4;6;6;208;20
07030;ALCÂNTARA;0052;0037;64;32;0;0;1;137;40
07030;ALCÂNTARA;0052;0038;98;28;0;11;4;174;33
07030;ALCÂNTARA;0052;0039;121;31;0;7;3;174;12
07030;ALCÂNTARA;0052;0040;107;54;0;3;7;191;20
07030;ALCÂNTARA;0052;0041;156;48;1;5;10;252;32
07030;ALCÂNTARA;0052;0042;143;29;0;5;3;202;22
07030;ALCÂNTARA;0052;0043;127;48;2;8;8;213;20
07030;ALCÂNTARA;0052;0044;136;43;0;3;8;219;29
07030;ALCÂNTARA;0052;0045;144;38;3;5;2;212;20
07030;ALCÂNTARA;0052;0046;141;31;0;5;28;227;22
07030;ALCÂNTARA;0052;0047;92;34;4;6;4;170;30
07030;ALCÂNTARA;0052;0048;152;55;6;5;10;255;27
07030;ALCÂNTARA;0052;0049;140;35;2;5;8;211;21
07030;ALCÂNTARA;0052;0050;138;43;1;4;2;209;21
07030;ALCÂNTARA;0052;0051;178;58;0;4;4;283;39
07030;ALCÂNTARA;0052;0052;92;27;0;5;4;148;20
07030;ALCÂNTARA;0052;0053;91;21;1;13;8;208;74
07030;ALCÂNTARA;0052;0054;80;18;1;26;7;142;10
07030;ALCÂNTARA;0052;0055;137;37;1;4;3;199;17
07030;ALCÂNTARA;0052;0056;80;43;0;3;1;152;25
07030;ALCÂNTARA;0052;0057;64;12;0;2;3;97;16
07030;ALCÂNTARA;0052;0058;83;33;1;6;8;157;26
07030;ALCÂNTARA;0052;0059;93;25;1;2;0;147;26
07030;ALCÂNTARA;0052;0060;71;31;0;10;11;190;67
07030;ALCÂNTARA;0052;0061;191;35;0;12;5;271;28
07030;ALCÂNTARA;0052;0062;167;32;4;8;3;239;25
07030;ALCÂNTARA;0052;0063;45;34;1;5;2;132;45
07030;ALCÂNTARA;0052;0064;158;62;2;6;7;251;16
07030;ALCÂNTARA;0052;0065;99;55;1;2;1;182;24
07030;ALCÂNTARA;0052;0066;173;47;0;5;2;237;10
07030;ALCÂNTARA;0052;0067;87;19;0;6;8;152;32
07030;ALCÂNTARA;0052;0068;144;28;0;4;3;196;17
07030;ALCÂNTARA;0052;0069;115;61;0;0;1;198;21
07030;ALCÂNTARA;0052;0070;143;46;0;8;8;226;21
07030;ALCÂNTARA;0052;0071;41;14;1;2;1;70;11
07030;ALCÂNTARA;0052;0072;51;56;0;7;1;122;7
07030;ALCÂNTARA;0052;0074;51;27;0;0;4;97;15
07030;ALCÂNTARA;0052;0075;74;11;0;2;1;90;2
07030;ALCÂNTARA;0052;0076;68;30;0;3;2;117;14
07030;ALCÂNTARA;0052;0078;121;33;3;5;2;179;15
07030;ALCÂNTARA;0052;0079;146;36;2;5;3;230;38
07030;ALCÂNTARA;0052;0080;79;40;0;2;0;147;26
07030;ALCÂNTARA;0052;0082;21;21;0;3;1;58;12
07030;ALCÂNTARA;0052;0085;26;45;0;0;3;82;8
07030;ALCÂNTARA;0052;0086;28;10;0;2;2;45;3
07056;ALDEIAS ALTAS;0005;0001;94;63;3;6;10;223;47
07056;ALDEIAS ALTAS;0005;0002;98;63;1;8;17;224;37
07056;ALDEIAS ALTAS;0005;0003;76;87;0;7;13;221;38
07056;ALDEIAS ALTAS;0005;0004;73;87;1;3;14;214;36
07056;ALDEIAS ALTAS;0005;0005;95;86;2;5;20;247;39
07056;ALDEIAS ALTAS;0005;0006;80;80;1;7;12;221;41
07056;ALDEIAS ALTAS;0005;0007;84;89;5;6;12;234;38
07056;ALDEIAS ALTAS;0005;0008;57;60;1;1;17;176;40
07056;ALDEIAS ALTAS;0005;0009;59;64;1;9;13;186;40
07056;ALDEIAS ALTAS;0005;0010;50;49;1;3;18;151;30
07056;ALDEIAS ALTAS;0005;0011;53;67;1;0;15;169;33
07056;ALDEIAS ALTAS;0005;0012;46;65;0;1;13;160;35
07056;ALDEIAS ALTAS;0005;0013;45;66;4;8;5;157;29
07056;ALDEIAS ALTAS;0005;0014;56;34;0;4;23;147;30
07056;ALDEIAS ALTAS;0005;0015;60;65;0;3;13;188;47
07056;ALDEIAS ALTAS;0005;0016;50;50;2;1;16;153;34
07056;ALDEIAS ALTAS;0005;0017;48;50;2;5;13;147;29
07056;ALDEIAS ALTAS;0005;0018;55;72;1;9;17;186;32
07056;ALDEIAS ALTAS;0005;0019;65;66;1;3;10;181;36
07056;ALDEIAS ALTAS;0005;0020;55;66;1;5;13;178;38
07056;ALDEIAS ALTAS;0005;0021;62;61;0;4;18;180;35
07056;ALDEIAS ALTAS;0005;0022;63;66;0;3;11;177;34
07056;ALDEIAS ALTAS;0005;0023;65;63;1;9;15;177;24
07056;ALDEIAS ALTAS;0005;0024;68;71;1;3;17;186;26
07056;ALDEIAS ALTAS;0005;0025;46;88;0;4;17;184;29
07056;ALDEIAS ALTAS;0005;0026;42;79;1;0;12;161;27
07056;ALDEIAS ALTAS;0005;0027;42;54;0;6;20;153;31
07056;ALDEIAS ALTAS;0005;0028;87;110;1;10;23;285;54
07056;ALDEIAS ALTAS;0005;0029;71;78;1;7;19;205;29
07056;ALDEIAS ALTAS;0005;0036;62;78;0;3;17;195;35
07056;ALDEIAS ALTAS;0005;0037;74;62;2;3;15;189;33
07056;ALDEIAS ALTAS;0005;0038;79;80;3;6;7;191;16
07056;ALDEIAS ALTAS;0005;0040;82;65;0;4;19;202;32
07056;ALDEIAS ALTAS;0005;0041;53;77;0;1;10;173;32
07056;ALDEIAS ALTAS;0005;0049;83;81;1;2;17;223;39
07056;ALDEIAS ALTAS;0005;0050;68;72;1;3;11;189;34
07056;ALDEIAS ALTAS;0005;0051;79;73;3;7;13;210;35
07056;ALDEIAS ALTAS;0005;0054;74;56;2;4;10;180;34
07056;ALDEIAS ALTAS;0005;0061;60;70;2;3;15;182;32
07056;ALDEIAS ALTAS;0005;0062;57;70;0;3;15;180;35
07056;ALDEIAS ALTAS;0005;0069;60;72;3;7;8;177;27
07056;ALDEIAS ALTAS;0005;0072;78;77;0;12;13;209;29
07056;ALDEIAS ALTAS;0005;0084;67;80;1;4;18;231;61
07056;ALDEIAS ALTAS;0005;0091;55;65;2;2;14;174;36
07056;ALDEIAS ALTAS;0005;0092;69;66;3;3;3;175;31
07056;ALDEIAS ALTAS;0005;0093;66;60;3;9;3;169;28
07056;ALDEIAS ALTAS;0005;0099;51;148;0;3;18;266;46
07056;ALDEIAS ALTAS;0005;0100;46;81;1;2;35;238;73
07056;ALDEIAS ALTAS;0005;0101;36;98;0;2;18;205;51
07056;ALDEIAS ALTAS;0005;0103;34;128;0;2;14;222;44
07056;ALDEIAS ALTAS;0005;0104;75;85;2;7;12;212;31
07056;ALDEIAS ALTAS;0005;0105;49;69;4;5;10;173;36
07056;ALDEIAS ALTAS;0005;0107;37;87;0;2;11;189;52
07056;ALDEIAS ALTAS;0005;0111;87;79;4;9;18;238;41
07056;ALDEIAS ALTAS;0005;0112;41;117;0;3;22;216;33
07056;ALDEIAS ALTAS;0005;0113;48;92;0;5;25;234;64
07056;ALDEIAS ALTAS;0005;0119;45;133;2;2;13;230;35
07056;ALDEIAS ALTAS;0005;0131;90;72;2;8;6;205;27
07056;ALDEIAS ALTAS;0005;0138;65;54;0;4;4;155;28
07056;ALDEIAS ALTAS;0005;0141;39;127;1;1;5;202;29
07056;ALDEIAS ALTAS;0005;0142;71;101;2;5;25;244;40
07056;ALDEIAS ALTAS;0005;0145;78;76;1;4;15;208;34
07056;ALDEIAS ALTAS;0005;0146;73;68;3;6;13;202;39
07056;ALDEIAS ALTAS;0005;0147;66;74;1;7;10;186;28
07056;ALDEIAS ALTAS;0005;0149;48;93;0;3;12;223;67
07056;ALDEIAS ALTAS;0005;0150;57;56;1;6;7;147;20
07056;ALDEIAS ALTAS;0005;0151;33;123;1;2;23;213;31
07056;ALDEIAS ALTAS;0005;0152;68;71;0;0;11;177;27
07056;ALDEIAS ALTAS;0005;0153;69;84;0;1;22;213;37
07056;ALDEIAS ALTAS;0005;0154;25;99;0;3;9;174;38
07056;ALDEIAS ALTAS;0005;0156;79;58;1;8;11;182;25
07056;ALDEIAS ALTAS;0005;0158;59;69;1;4;4;162;25
07056;ALDEIAS ALTAS;0005;0159;27;36;0;0;3;78;12
07110;AMARANTE DO MARANHÃO;0099;0001;79;69;4;1;13;177;11
07110;AMARANTE DO MARANHÃO;0099;0002;89;64;1;4;10;182;14
07110;AMARANTE DO MARANHÃO;0099;0003;71;60;1;5;18;169;14
07110;AMARANTE DO MARANHÃO;0099;0004;89;47;4;1;16;179;22
07110;AMARANTE DO MARANHÃO;0099;0005;82;77;1;2;10;183;11
07110;AMARANTE DO MARANHÃO;0099;0006;100;81;1;2;16;222;22
07110;AMARANTE DO MARANHÃO;0099;0007;100;77;3;3;13;216;20
07110;AMARANTE DO MARANHÃO;0099;0008;147;94;5;5;13;279;15
07110;AMARANTE DO MARANHÃO;0099;0009;155;100;2;5;8;287;17
07110;AMARANTE DO MARANHÃO;0099;0010;148;87;3;4;19;289;28
07110;AMARANTE DO MARANHÃO;0099;0011;137;96;3;4;23;286;23
07110;AMARANTE DO MARANHÃO;0099;0012;162;103;6;2;11;305;21
07110;AMARANTE DO MARANHÃO;0099;0013;143;102;0;8;13;284;18
07110;AMARANTE DO MARANHÃO;0099;0014;155;93;3;3;14;289;21
07110;AMARANTE DO MARANHÃO;0099;0015;111;68;1;3;19;224;22
07110;AMARANTE DO MARANHÃO;0099;0016;115;79;5;1;10;226;16
07110;AMARANTE DO MARANHÃO;0099;0017;87;67;1;2;12;180;11
07110;AMARANTE DO MARANHÃO;0099;0018;105;103;4;1;23;249;13
07110;AMARANTE DO MARANHÃO;0099;0019;113;94;5;5;16;259;26
07110;AMARANTE DO MARANHÃO;0099;0020;135;94;6;1;16;266;14
07110;AMARANTE DO MARANHÃO;0099;0021;125;88;5;5;27;270;20
07110;AMARANTE DO MARANHÃO;0099;0022;126;103;5;4;14;270;18
07110;AMARANTE DO MARANHÃO;0099;0023;126;99;3;5;6;264;25
07110;AMARANTE DO MARANHÃO;0099;0024;128;97;5;5;13;274;26
07110;AMARANTE DO MARANHÃO;0099;0025;120;102;1;1;23;271;24
07110;AMARANTE DO MARANHÃO;0099;0026;126;103;5;7;13;264;10
07110;AMARANTE DO MARANHÃO;0099;0027;109;92;6;4;20;258;27
07110;AMARANTE DO MARANHÃO;0099;0028;122;85;5;4;13;258;29
07110;AMARANTE DO MARANHÃO;0099;0029;108;106;6;2;20;261;19
07110;AMARANTE DO MARANHÃO;0099;0030;128;92;2;4;19;275;30
07110;AMARANTE DO MARANHÃO;0099;0031;119;104;7;4;15;269;20
07110;AMARANTE DO MARANHÃO;0099;0032;122;93;5;7;15;263;21
07110;AMARANTE DO MARANHÃO;0099;0033;121;100;2;8;16;270;23
07110;AMARANTE DO MARANHÃO;0099;0034;99;109;4;3;17;266;34
07110;AMARANTE DO MARANHÃO;0099;0035;123;87;3;3;11;252;25
07110;AMARANTE DO MARANHÃO;0099;0036;111;90;6;9;14;268;38
07110;AMARANTE DO MARANHÃO;0099;0037;126;102;6;0;15;274;25
07110;AMARANTE DO MARANHÃO;0099;0038;119;105;1;8;15;277;29
07110;AMARANTE DO MARANHÃO;0099;0039;127;104;3;7;16;280;23
07110;AMARANTE DO MARANHÃO;0099;0040;51;19;0;1;5;89;13
07110;AMARANTE DO MARANHÃO;0099;0042;48;102;2;1;18;190;19
07110;AMARANTE DO MARANHÃO;0099;0043;47;112;4;0;19;200;18
07110;AMARANTE DO MARANHÃO;0099;0044;106;109;3;6;8;246;14
07110;AMARANTE DO MARANHÃO;0099;0045;93;115;4;7;24;267;24
07110;AMARANTE DO MARANHÃO;0099;0046;89;124;8;2;9;252;20
07110;AMARANTE DO MARANHÃO;0099;0047;111;101;5;2;11;249;19
07110;AMARANTE DO MARANHÃO;0099;0048;92;106;3;4;17;241;19
07110;AMARANTE DO MARANHÃO;0099;0049;98;114;0;0;10;245;23
07110;AMARANTE DO MARANHÃO;0099;0050;113;101;3;3;10;245;15
07110;AMARANTE DO MARANHÃO;0099;0051;117;113;4;3;18;272;17
07110;AMARANTE DO MARANHÃO;0099;0052;97;79;1;4;14;215;20
07110;AMARANTE DO MARANHÃO;0099;0053;102;75;1;1;7;202;16
07110;AMARANTE DO MARANHÃO;0099;0054;130;94;4;5;17;282;32
07110;AMARANTE DO MARANHÃO;0099;0055;61;39;0;1;14;125;10
07110;AMARANTE DO MARANHÃO;0099;0056;57;121;9;1;22;229;19
07110;AMARANTE DO MARANHÃO;0099;0057;53;49;3;0;1;133;27
07110;AMARANTE DO MARANHÃO;0099;0058;20;45;0;0;5;82;12
07110;AMARANTE DO MARANHÃO;0099;0060;45;61;0;2;7;131;16
07110;AMARANTE DO MARANHÃO;0099;0061;89;72;2;2;12;194;17
07110;AMARANTE DO MARANHÃO;0099;0062;68;108;9;1;10;219;23
07110;AMARANTE DO MARANHÃO;0099;0064;59;124;6;7;9;223;18
07110;AMARANTE DO MARANHÃO;0099;0110;43;92;2;4;14;175;20
07110;AMARANTE DO MARANHÃO;0099;0111;61;124;6;1;23;230;15
07110;AMARANTE DO MARANHÃO;0099;0113;118;109;3;5;16;273;22
07110;AMARANTE DO MARANHÃO;0099;0114;97;58;6;0;11;188;16
07110;AMARANTE DO MARANHÃO;0099;0115;67;76;2;1;8;178;24
07110;AMARANTE DO MARANHÃO;0099;0116;39;101;1;1;13;174;19
07110;AMARANTE DO MARANHÃO;0099;0118;70;101;0;0;2;186;13
07110;AMARANTE DO MARANHÃO;0099;0119;66;56;7;2;16;159;12
07110;AMARANTE DO MARANHÃO;0099;0120;99;59;3;1;6;182;14
07110;AMARANTE DO MARANHÃO;0099;0122;90;59;2;1;12;180;16
07110;AMARANTE DO MARANHÃO;0099;0123;113;101;2;11;14;270;29
07110;AMARANTE DO MARANHÃO;0099;0124;115;57;4;4;6;198;12
07110;AMARANTE DO MARANHÃO;0099;0126;41;34;0;1;5;95;14
07110;AMARANTE DO MARANHÃO;0099;0127;46;70;3;0;1;125;5
07110;AMARANTE DO MARANHÃO;0099;0128;28;42;0;1;4;87;12
07110;AMARANTE DO MARANHÃO;0099;0129;63;47;4;0;1;118;3
07110;AMARANTE DO MARANHÃO;0099;0130;18;90;13;0;9;138;8
07110;AMARANTE DO MARANHÃO;0099;0133;93;71;0;1;3;191;23
07110;AMARANTE DO MARANHÃO;0099;0134;105;60;1;1;5;192;20
07110;AMARANTE DO MARANHÃO;0099;0135;106;119;1;3;16;260;15
07110;AMARANTE DO MARANHÃO;0099;0136;15;115;3;0;11;165;21
07110;AMARANTE DO MARANHÃO;0099;0137;41;122;1;1;4;172;3
07110;AMARANTE DO MARANHÃO;0099;0139;110;101;2;3;9;244;19
07110;AMARANTE DO MARANHÃO;0099;0140;24;131;2;0;3;169;9
07110;AMARANTE DO MARANHÃO;0099;0141;103;99;8;4;16;251;21
07110;AMARANTE DO MARANHÃO;0099;0142;110;109;2;2;10;258;25
07110;AMARANTE DO MARANHÃO;0099;0147;117;100;3;5;11;259;23
07110;AMARANTE DO MARANHÃO;0099;0148;85;93;3;2;8;211;20
07110;AMARANTE DO MARANHÃO;0099;0149;129;100;1;3;9;258;16
07110;AMARANTE DO MARANHÃO;0099;0150;111;104;3;6;16;258;18
07110;AMARANTE DO MARANHÃO;0099;0151;104;110;1;2;10;252;25
07110;AMARANTE DO MARANHÃO;0099;0152;27;74;1;3;32;148;11
07110;AMARANTE DO MARANHÃO;0099;0153;64;63;2;3;11;153;10
07110;AMARANTE DO MARANHÃO;0099;0154;101;95;6;6;6;234;20
07110;AMARANTE DO MARANHÃO;0099;0155;151;80;3;3;9;263;17
07110;AMARANTE DO MARANHÃO;0099;0157;21;78;1;1;3;110;6
07110;AMARANTE DO MARANHÃO;0099;0159;9;31;8;0;0;51;3
07110;AMARANTE DO MARANHÃO;0099;0160;24;72;1;1;2;134;34
07110;AMARANTE DO MARANHÃO;0099;0161;92;62;0;0;4;176;18
07110;AMARANTE DO MARANHÃO;0099;0162;13;48;2;2;8;86;13
07110;AMARANTE DO MARANHÃO;0099;0163;98;108;4;4;12;262;36
07110;AMARANTE DO MARANHÃO;0099;0164;25;80;1;1;10;128;11
07110;AMARANTE DO MARANHÃO;0099;0167;27;66;0;0;8;102;1
07110;AMARANTE DO MARANHÃO;0099;0168;6;95;1;0;6;116;8
07110;AMARANTE DO MARANHÃO;0099;0169;1;72;30;0;7;112;2
07110;AMARANTE DO MARANHÃO;0099;0170;13;20;4;0;1;39;1
07110;AMARANTE DO MARANHÃO;0099;0171;2;64;11;0;4;83;2
07218;AXIXÁ;0031;0002;145;120;3;5;6;295;16
07218;AXIXÁ;0031;0010;79;137;0;0;7;239;16
07218;AXIXÁ;0031;0045;146;131;0;5;5;296;9
07218;AXIXÁ;0031;0048;147;119;0;3;5;283;9
07218;AXIXÁ;0031;0052;110;134;1;4;11;277;17
07218;AXIXÁ;0031;0077;100;147;2;2;10;272;11
07218;AXIXÁ;0031;0080;88;147;0;2;1;254;16
07218;AXIXÁ;0031;0106;123;88;0;5;6;234;12
07218;AXIXÁ;0031;0110;103;125;0;5;8;257;16
07218;AXIXÁ;0031;0114;102;100;1;4;2;219;10
07218;AXIXÁ;0031;0143;91;104;2;3;7;216;9
07218;AXIXÁ;0031;0146;109;121;1;5;9;257;12
07218;AXIXÁ;0031;0151;92;177;0;3;11;306;23
07218;AXIXÁ;0031;0173;145;128;0;1;2;286;10
07218;AXIXÁ;0031;0186;107;139;1;2;5;261;7
07218;AXIXÁ;0031;0205;76;96;1;2;6;190;9
07218;AXIXÁ;0031;0206;93;66;3;11;5;185;7
07218;AXIXÁ;0031;0212;92;77;0;1;8;193;15
07218;AXIXÁ;0031;0213;84;77;2;3;4;178;8
07218;AXIXÁ;0031;0214;128;125;1;3;12;284;15
07218;AXIXÁ;0031;0215;75;79;0;1;3;166;8
07218;AXIXÁ;0031;0216;95;83;0;7;1;196;10
07218;AXIXÁ;0031;0217;126;137;1;8;11;295;12
07218;AXIXÁ;0031;0218;110;115;1;6;17;262;13
07218;AXIXÁ;0031;0219;93;110;2;7;4;230;14
07218;AXIXÁ;0031;0220;82;121;1;6;5;232;17
07218;AXIXÁ;0031;0221;100;134;1;2;6;257;14
07218;AXIXÁ;0031;0222;90;133;0;1;13;249;12
07218;AXIXÁ;0031;0223;69;148;0;5;7;251;22
07218;AXIXÁ;0031;0224;72;152;1;4;8;261;24
07218;AXIXÁ;0031;0225;97;70;3;2;5;191;14
07218;AXIXÁ;0031;0226;148;126;0;2;6;290;8
07218;AXIXÁ;0031;0227;90;81;2;3;4;187;7
07218;AXIXÁ;0031;0228;91;142;0;2;4;253;14
07218;AXIXÁ;0031;0229;70;161;1;3;8;258;15
07218;AXIXÁ;0031;0233;97;128;0;2;5;243;11
07218;AXIXÁ;0031;0237;42;42;1;2;2;93;4
07218;AXIXÁ;0031;0239;79;106;0;2;5;200;8
07218;AXIXÁ;0031;0240;102;109;2;4;1;232;14
07218;AXIXÁ;0031;0241;79;107;0;3;6;204;9
07218;AXIXÁ;0031;0245;33;72;0;2;3;111;1
07277;BALSAS;0022;0001;79;31;15;3;10;147;9
07277;BALSAS;0022;0002;94;28;18;2;12;168;14
07277;BALSAS;0022;0003;91;20;13;6;7;151;14
07277;BALSAS;0022;0004;86;29;12;6;7;153;13
07277;BALSAS;0022;0005;161;44;20;10;16;273;22
07277;BALSAS;0022;0006;157;37;29;7;19;269;20
07277;BALSAS;0022;0007;180;33;21;4;12;268;18
07277;BALSAS;0022;0008;152;41;22;9;27;277;26
07277;BALSAS;0022;0009;166;40;21;5;17;272;23
07277;BALSAS;0022;0010;167;44;15;3;13;265;23
07277;BALSAS;0022;0011;185;55;27;7;17;313;22
07277;BALSAS;0022;0012;181;46;30;16;18;319;28
07277;BALSAS;0022;0013;184;61;34;8;12;322;23
07277;BALSAS;0022;0014;186;68;31;10;11;330;24
07277;BALSAS;0022;0015;145;60;35;4;23;293;26
07277;BALSAS;0022;0016;149;46;32;6;25;288;30
07277;BALSAS;0022;0018;164;48;31;5;25;308;35
07277;BALSAS;0022;0020;164;63;30;6;10;295;22
07277;BALSAS;0022;0022;91;37;19;1;8;171;15
07277;BALSAS;0022;0023;186;63;34;10;20;332;19
07277;BALSAS;0022;0024;111;46;12;7;9;195;10
07277;BALSAS;0022;0025;113;41;15;8;11;207;19
07277;BALSAS;0022;0026;113;46;16;4;10;204;15
07277;BALSAS;0022;0027;119;41;14;5;8;206;19
07277;BALSAS;0022;0028;151;41;32;3;13;257;17
07277;BALSAS;0022;0029;137;61;27;6;10;257;16
07277;BALSAS;0022;0030;90;30;10;4;9;166;23
07277;BALSAS;0022;0031;102;35;9;3;6;167;12
07277;BALSAS;0022;0032;94;30;12;7;3;156;10
07277;BALSAS;0022;0033;97;32;18;5;8;171;11
07277;BALSAS;0022;0034;106;22;14;8;5;173;18
07277;BALSAS;0022;0035;86;41;15;5;6;168;15
07277;BALSAS;0022;0036;105;26;10;3;6;169;19
07277;BALSAS;0022;0037;166;59;24;11;14;304;30
07277;BALSAS;0022;0038;178;60;20;16;2;291;15
07277;BALSAS;0022;0039;186;32;24;6;21;289;20
07277;BALSAS;0022;0040;175;59;24;9;13;313;33
07277;BALSAS;0022;0041;175;54;16;14;13;295;23
07277;BALSAS;0022;0048;192;47;24;4;9;292;16
07277;BALSAS;0022;0049;191;46;31;7;7;305;23
07277;BALSAS;0022;0054;146;56;23;2;19;279;33
07277;BALSAS;0022;0055;187;42;17;4;25;303;28
07277;BALSAS;0022;0057;25;89;1;0;0;137;22
07277;BALSAS;0022;0058;119;47;14;12;17;250;41
07277;BALSAS;0022;0059;32;56;0;0;10;111;13
07277;BALSAS;0022;0061;40;56;4;0;7;124;17
07277;BALSAS;0022;0062;172;43;15;12;15;277;20
07277;BALSAS;0022;0065;160;44;27;6;20;291;34
07277;BALSAS;0022;0066;52;147;7;3;10;263;44
07277;BALSAS;0022;0067;120;78;5;3;13;241;22
07277;BALSAS;0022;0068;38;126;5;1;18;228;40
07277;BALSAS;0022;0070;17;90;1;2;9;131;12
07277;BALSAS;0022;0071;52;69;18;2;14;182;27
07277;BALSAS;0022;0072;134;66;23;11;17;277;26
07277;BALSAS;0022;0077;172;51;23;7;6;286;27
07277;BALSAS;0022;0079;115;59;41;7;13;256;21
07277;BALSAS;0022;0080;176;59;25;10;20;316;26
07277;BALSAS;0022;0082;97;22;19;3;11;165;13
07277;BALSAS;0022;0083;165;67;21;6;21;307;27
07277;BALSAS;0022;0087;182;52;22;11;9;287;11
07277;BALSAS;0022;0088;142;51;23;5;12;241;8
07277;BALSAS;0022;0090;173;50;23;12;13;296;25
07277;BALSAS;0022;0091;166;43;21;11;22;293;30
07277;BALSAS;0022;0092;146;53;16;11;18;278;34
07277;BALSAS;0022;0095;193;52;25;12;12;321;27
07277;BALSAS;0022;0096;154;59;23;3;6;259;14
07277;BALSAS;0022;0097;172;70;22;6;11;296;15
07277;BALSAS;0022;0098;181;59;30;4;16;313;23
07277;BALSAS;0022;0099;180;48;22;14;10;292;18
07277;BALSAS;0022;0100;75;28;18;6;8;147;12
07277;BALSAS;0022;0101;178;62;21;6;17;307;23
07277;BALSAS;0022;0102;147;32;13;5;22;253;34
07277;BALSAS;0022;0103;167;36;31;6;23;293;30
07277;BALSAS;0022;0104;191;38;17;6;13;283;18
07277;BALSAS;0022;0105;35;25;4;2;8;93;19
07277;BALSAS;0022;0106;175;51;19;8;10;299;36
07277;BALSAS;0022;0107;127;55;27;18;14;261;20
07277;BALSAS;0022;0111;160;50;19;11;20;278;18
07277;BALSAS;0022;0113;107;32;15;7;3;172;8
07277;BALSAS;0022;0114;165;57;21;4;13;287;27
07277;BALSAS;0022;0115;165;61;24;6;23;300;21
07277;BALSAS;0022;0116;136;58;23;12;18;269;22
07277;BALSAS;0022;0119;171;57;25;9;25;315;28
07277;BALSAS;0022;0120;114;35;15;7;8;184;5
07277;BALSAS;0022;0122;167;60;16;8;14;289;24
07277;BALSAS;0022;0123;116;35;8;11;16;203;17
07277;BALSAS;0022;0126;183;48;28;9;17;302;17
07277;BALSAS;0022;0132;128;48;24;9;2;225;14
07277;BALSAS;0022;0133;192;44;28;2;9;292;17
07277;BALSAS;0022;0134;164;68;22;13;22;311;22
07277;BALSAS;0022;0135;129;63;20;9;16;271;34
07277;BALSAS;0022;0136;174;40;16;12;6;269;21
07277;BALSAS;0022;0137;161;70;14;5;13;277;14
07277;BALSAS;0022;0138;160;51;21;11;12;274;19
07277;BALSAS;0022;0139;175;50;20;9;13;288;21
07277;BALSAS;0022;0140;171;44;45;11;16;311;24
07277;BALSAS;0022;0141;143;56;21;6;20;280;34
07277;BALSAS;0022;0142;124;68;14;3;21;262;32
07277;BALSAS;0022;0143;192;59;23;17;21;336;24
07277;BALSAS;0022;0146;143;81;32;9;9;298;24
07277;BALSAS;0022;0151;114;31;18;10;6;188;9
07277;BALSAS;0022;0157;163;69;12;11;17;297;25
07277;BALSAS;0022;0158;175;58;19;13;16;305;24
07277;BALSAS;0022;0159;119;62;18;14;14;247;20
07277;BALSAS;0022;0161;106;27;13;5;5;165;9
07277;BALSAS;0022;0165;192;55;31;13;12;325;22
07277;BALSAS;0022;0166;172;50;28;6;15;297;26
07277;BALSAS;0022;0167;162;51;16;3;21;275;22
07277;BALSAS;0022;0171;150;57;21;5;15;275;27
07277;BALSAS;0022;0172;171;67;16;15;15;304;20
07277;BALSAS;0022;0174;190;52;23;10;19;318;24
07277;BALSAS;0022;0177;76;101;12;7;9;223;18
07277;BALSAS;0022;0179;176;52;16;11;21;298;22
07277;BALSAS;0022;0180;134;61;37;6;23;279;18
07277;BALSAS;0022;0181;191;41;16;5;13;285;19
07277;BALSAS;0022;0182;133;54;16;14;15;277;45
07277;BALSAS;0022;0184;176;61;24;6;9;299;23
07277;BALSAS;0022;0186;154;67;20;18;16;303;28
07277;BALSAS;0022;0187;180;45;14;12;13;288;24
07277;BALSAS;0022;0189;138;35;27;9;10;228;9
07277;BALSAS;0022;0190;114;32;9;7;13;197;22
07277;BALSAS;0022;0193;111;61;14;7;16;250;41
07277;BALSAS;0022;0194;137;66;17;8;21;283;34
07277;BALSAS;0022;0195;143;42;20;2;14;254;33
07277;BALSAS;0022;0196;134;63;21;7;18;266;23
07277;BALSAS;0022;0197;49;38;6;2;6;110;9
07277;BALSAS;0022;0198;165;48;20;11;20;289;25
07277;BALSAS;0022;0199;168;51;32;7;9;293;26
07277;BALSAS;0022;0200;155;58;13;11;16;285;32
07277;BALSAS;0022;0201;180;41;33;4;16;290;16
07277;BALSAS;0022;0202;137;55;19;6;11;252;24
07277;BALSAS;0022;0203;137;57;20;17;14;269;24
07277;BALSAS;0022;0204;170;36;22;9;20;277;20
07277;BALSAS;0022;0205;156;37;17;14;12;253;17
07277;BALSAS;0022;0206;101;58;4;3;7;190;17
07277;BALSAS;0022;0207;173;46;25;9;14;291;24
07277;BALSAS;0022;0208;170;46;13;10;15;270;16
07277;BALSAS;0022;0209;181;44;18;5;12;286;26
07277;BALSAS;0022;0210;186;45;16;11;7;276;11
07277;BALSAS;0022;0211;163;52;22;13;17;300;33
07277;BALSAS;0022;0212;155;60;18;5;19;281;24
07277;BALSAS;0022;0213;178;45;15;8;11;276;19
07277;BALSAS;0022;0214;178;63;12;5;16;298;24
07277;BALSAS;0022;0215;184;47;13;8;18;281;11
07277;BALSAS;0022;0216;190;44;17;11;14;295;19
07277;BALSAS;0022;0217;156;46;14;12;14;258;16
07277;BALSAS;0022;0218;130;54;11;15;19;250;21
07277;BALSAS;0022;0219;156;62;22;7;21;295;27
07277;BALSAS;0022;0220;108;33;11;6;17;197;22
07277;BALSAS;0022;0221;97;38;17;6;19;204;27
07277;BALSAS;0022;0222;116;39;14;10;9;206;18
07277;BALSAS;0022;0223;104;33;9;11;17;195;21
07277;BALSAS;0022;0224;117;44;12;8;11;209;17
07277;BALSAS;0022;0225;180;46;29;9;17;298;17
07277;BALSAS;0022;0226;197;54;19;10;13;312;19
07277;BALSAS;0022;0227;199;54;31;10;12;322;16
07277;BALSAS;0022;0228;201;50;20;12;14;308;11
07277;BALSAS;0022;0229;193;46;24;17;10;312;22
07277;BALSAS;0022;0230;153;50;17;10;12;279;37
07277;BALSAS;0022;0231;176;61;17;7;20;304;23
07277;BALSAS;0022;0232;170;54;23;8;15;291;21
07277;BALSAS;0022;0233;173;43;28;11;22;301;24
07277;BALSAS;0022;0234;178;50;21;13;9;286;15
07277;BALSAS;0022;0235;165;45;20;8;19;281;24
07277;BALSAS;0022;0236;142;40;18;7;13;239;19
07277;BALSAS;0022;0237;174;43;21;11;18;290;23
07277;BALSAS;0022;0238;185;43;11;13;12;293;29
07277;BALSAS;0022;0239;181;40;12;9;9;284;33
07277;BALSAS;0022;0240;174;48;24;9;15;292;22
07277;BALSAS;0022;0241;174;43;17;9;17;277;17
07277;BALSAS;0022;0242;162;23;22;12;9;246;18
07277;BALSAS;0022;0243;172;53;11;13;21;295;25
07277;BALSAS;0022;0244;161;58;18;9;21;285;18
07277;BALSAS;0022;0245;161;54;17;8;21;289;28
07277;BALSAS;0022;0246;173;51;24;10;22;309;29
07277;BALSAS;0022;0247;180;59;22;5;17;317;34
07277;BALSAS;0022;0248;135;33;18;5;6;222;25
07277;BALSAS;0022;0249;127;42;15;6;7;222;25
07277;BALSAS;0022;0250;130;56;20;18;15;264;25
07277;BALSAS;0022;0251;191;46;20;16;10;296;13
07277;BALSAS;0022;0252;18;7;0;10;2;50;13
07277;BALSAS;0022;0253;140;57;23;15;7;256;14
07277;BALSAS;0022;0254;109;40;19;4;5;197;20
07277;BALSAS;0022;0255;177;38;20;14;8;268;11
07277;BALSAS;0022;0256;164;35;17;12;19;261;14
07277;BALSAS;0022;0257;173;55;15;19;9;295;24
07277;BALSAS;0022;0258;148;38;13;8;11;237;19
07277;BALSAS;0022;0259;162;33;27;10;16;269;21
07277;BALSAS;0022;0260;156;32;16;4;8;234;18
07277;BALSAS;0022;0261;195;48;16;19;10;298;10
07277;BALSAS;0022;0262;171;66;15;11;9;291;19
07277;BALSAS;0022;0263;106;49;19;7;13;222;28
07277;BALSAS;0022;0264;138;38;20;14;21;250;19
07277;BALSAS;0022;0265;152;52;14;8;20;267;21
07277;BALSAS;0022;0266;195;31;14;17;9;288;22
07277;BALSAS;0022;0267;141;61;9;11;11;252;19
07277;BALSAS;0022;0268;130;41;9;9;5;203;9
07277;BALSAS;0022;0269;170;44;15;16;26;284;13
07277;BALSAS;0022;0270;123;54;24;13;12;238;12
07277;BALSAS;0022;0271;158;45;18;13;13;268;21
07277;BALSAS;0022;0272;149;51;7;9;12;245;17
07277;BALSAS;0022;0273;157;32;16;9;9;239;16
07277;BALSAS;0022;0274;155;54;27;11;14;288;27
07277;BALSAS;0022;0275;130;54;19;9;6;240;22
07277;BALSAS;0022;0276;130;59;24;13;9;253;18
07277;BALSAS;0022;0277;157;34;14;13;8;237;11
07277;BALSAS;0022;0278;177;58;24;11;12;296;14
07277;BALSAS;0022;0279;75;10;12;4;4;113;8
07277;BALSAS;0022;0280;167;82;12;4;12;297;20
07277;BALSAS;0022;0281;158;39;17;10;18;276;34
07277;BALSAS;0022;0283;149;46;23;17;5;259;19
07277;BALSAS;0022;0285;152;45;21;12;13;257;14
07277;BALSAS;0022;0286;137;46;22;6;2;222;9
07277;BALSAS;0022;0287;124;44;19;5;8;214;14
07277;BALSAS;0022;0288;123;58;21;3;7;222;10
07277;BALSAS;0022;0289;155;48;26;4;13;272;26
07277;BALSAS;0022;0290;123;45;12;10;17;225;18
07277;BALSAS;0022;0292;21;42;2;0;0;73;8
07277;BALSAS;0022;0293;128;52;19;9;3;232;21
07277;BALSAS;0022;0294;24;36;3;4;8;80;5
07277;BALSAS;0022;0295;60;29;8;5;16;136;18
07277;BALSAS;0022;0298;80;38;9;8;8;158;15
07277;BALSAS;0022;0299;91;35;15;8;7;174;18
07463;CENTRO NOVO DO MARANHÃO;0100;0018;122;65;0;3;8;231;33
07463;CENTRO NOVO DO MARANHÃO;0100;0019;124;69;2;3;10;230;22
07463;CENTRO NOVO DO MARANHÃO;0100;0020;113;55;0;7;7;214;32
07463;CENTRO NOVO DO MARANHÃO;0100;0021;125;64;1;1;17;233;25
07463;CENTRO NOVO DO MARANHÃO;0100;0022;134;62;1;2;9;225;17
07463;CENTRO NOVO DO MARANHÃO;0100;0023;110;53;2;2;19;220;34
07463;CENTRO NOVO DO MARANHÃO;0100;0024;128;58;0;5;18;224;15
07463;CENTRO NOVO DO MARANHÃO;0100;0025;121;45;2;1;16;212;27
07463;CENTRO NOVO DO MARANHÃO;0100;0028;186;36;0;0;15;252;15
07463;CENTRO NOVO DO MARANHÃO;0100;0030;170;81;0;2;9;297;35
07463;CENTRO NOVO DO MARANHÃO;0100;0032;116;53;2;4;13;199;11
07463;CENTRO NOVO DO MARANHÃO;0100;0033;106;58;1;2;9;193;17
07463;CENTRO NOVO DO MARANHÃO;0100;0034;115;54;1;3;5;200;22
07463;CENTRO NOVO DO MARANHÃO;0100;0036;99;39;0;5;10;172;19
07463;CENTRO NOVO DO MARANHÃO;0100;0037;132;56;2;4;9;223;20
07463;CENTRO NOVO DO MARANHÃO;0100;0038;143;51;4;5;7;226;16
07463;CENTRO NOVO DO MARANHÃO;0100;0039;131;52;2;2;11;211;13
07463;CENTRO NOVO DO MARANHÃO;0100;0040;127;40;1;2;14;215;31
07463;CENTRO NOVO DO MARANHÃO;0100;0041;139;49;0;5;10;223;20
07463;CENTRO NOVO DO MARANHÃO;0100;0042;145;50;4;1;6;218;12
07463;CENTRO NOVO DO MARANHÃO;0100;0047;89;43;4;0;15;172;21
07463;CENTRO NOVO DO MARANHÃO;0100;0048;123;43;0;4;12;199;17
07463;CENTRO NOVO DO MARANHÃO;0100;0049;131;60;2;5;12;241;31
07463;CENTRO NOVO DO MARANHÃO;0100;0050;128;63;1;9;2;226;23
07463;CENTRO NOVO DO MARANHÃO;0100;0051;173;64;2;7;12;291;33
07463;CENTRO NOVO DO MARANHÃO;0100;0052;163;67;3;3;2;270;32
07463;CENTRO NOVO DO MARANHÃO;0100;0053;101;32;1;0;4;153;15
07463;CENTRO NOVO DO MARANHÃO;0100;0055;169;30;0;1;4;234;30
07463;CENTRO NOVO DO MARANHÃO;0100;0056;100;47;1;4;18;195;25
07463;CENTRO NOVO DO MARANHÃO;0100;0058;106;51;0;3;13;196;23
07463;CENTRO NOVO DO MARANHÃO;0100;0060;40;32;0;1;8;91;10
07463;CENTRO NOVO DO MARANHÃO;0100;0117;131;53;3;2;10;224;25
07463;CENTRO NOVO DO MARANHÃO;0100;0118;148;60;1;6;14;241;12
07463;CENTRO NOVO DO MARANHÃO;0100;0124;38;29;0;0;3;74;4
07463;CENTRO NOVO DO MARANHÃO;0100;0128;138;47;0;8;1;209;15
07463;CENTRO NOVO DO MARANHÃO;0100;0136;81;21;0;0;8;118;8
07463;CENTRO NOVO DO MARANHÃO;0100;0142;113;72;1;1;7;216;22
07463;CENTRO NOVO DO MARANHÃO;0100;0152;56;48;0;0;3;129;22
07463;CENTRO NOVO DO MARANHÃO;0100;0153;47;51;0;1;6;115;10
07463;CENTRO NOVO DO MARANHÃO;0100;0154;154;40;1;9;3;226;19
07463;CENTRO NOVO DO MARANHÃO;0100;0155;117;58;1;1;8;208;23
07463;CENTRO NOVO DO MARANHÃO;0100;0158;144;68;3;3;8;245;19
07463;CENTRO NOVO DO MARANHÃO;0100;0161;133;61;2;2;7;215;10
07463;CENTRO NOVO DO MARANHÃO;0100;0167;178;51;3;10;10;275;23
07463;CENTRO NOVO DO MARANHÃO;0100;0171;93;10;1;0;13;130;13
07463;CENTRO NOVO DO MARANHÃO;0100;0173;52;18;0;1;2;79;6
07463;CENTRO NOVO DO MARANHÃO;0100;0174;129;48;2;2;3;204;20
07471;CAJARI;0020;0119;129;53;2;4;5;204;11
07471;CAJARI;0020;0120;126;58;0;2;4;208;18
07471;CAJARI;0020;0121;112;57;1;2;4;202;26
07471;CAJARI;0020;0122;121;64;1;0;8;211;17
07471;CAJARI;0020;0123;117;69;0;4;9;213;14
07471;CAJARI;0020;0124;139;73;4;6;19;255;14
07471;CAJARI;0020;0125;143;76;0;2;5;252;26
07471;CAJARI;0020;0126;154;73;0;5;4;255;19
07471;CAJARI;0020;0127;155;63;1;9;5;243;10
07471;CAJARI;0020;0128;95;80;0;2;8;206;21
07471;CAJARI;0020;0129;90;80;0;1;6;199;22
07471;CAJARI;0020;0130;112;106;0;3;10;254;23
07471;CAJARI;0020;0131;125;98;0;4;3;258;28
07471;CAJARI;0020;0132;84;90;0;10;6;217;27
07471;CAJARI;0020;0133;84;94;0;4;7;212;23
07471;CAJARI;0020;0134;86;65;0;2;2;167;12
07471;CAJARI;0020;0136;93;72;0;1;2;180;12
07471;CAJARI;0020;0138;28;22;0;4;3;73;16
07471;CAJARI;0020;0140;23;110;0;0;5;147;9
07471;CAJARI;0020;0141;40;92;0;1;4;144;7
07471;CAJARI;0020;0142;76;126;0;7;19;288;60
07471;CAJARI;0020;0144;51;127;1;15;9;233;30
07471;CAJARI;0020;0145;121;50;0;7;6;222;38
07471;CAJARI;0020;0146;123;71;1;7;5;242;35
07471;CAJARI;0020;0147;100;74;1;3;6;200;16
07471;CAJARI;0020;0148;121;99;1;3;20;278;34
07471;CAJARI;0020;0149;95;66;1;2;1;181;16
07471;CAJARI;0020;0151;87;76;0;4;3;202;32
07471;CAJARI;0020;0152;92;78;1;2;12;218;33
07471;CAJARI;0020;0153;93;75;0;1;5;212;38
07471;CAJARI;0020;0154;104;110;1;7;8;302;72
07471;CAJARI;0020;0155;28;102;4;2;3;147;8
07471;CAJARI;0020;0165;83;82;1;9;8;207;24
07471;CAJARI;0020;0167;154;71;3;4;12;267;23
07471;CAJARI;0020;0171;69;135;1;2;9;240;24
07471;CAJARI;0020;0176;143;79;0;1;8;248;17
07471;CAJARI;0020;0179;139;84;1;5;8;245;8
07471;CAJARI;0020;0180;88;72;2;3;4;187;18
07471;CAJARI;0020;0184;45;77;0;2;3;138;11
07471;CAJARI;0020;0185;110;93;2;11;2;264;46
07471;CAJARI;0020;0186;72;100;0;0;8;202;22
07471;CAJARI;0020;0198;94;92;0;0;3;217;28
07471;CAJARI;0020;0204;126;60;0;4;2;214;22
07471;CAJARI;0020;0208;43;64;0;1;4;132;20
07471;CAJARI;0020;0213;30;57;0;1;5;105;12
07471;CAJARI;0020;0217;112;50;1;4;5;187;15
07471;CAJARI;0020;0219;12;50;0;2;4;89;21
07471;CAJARI;0020;0222;160;60;1;13;10;255;11
07471;CAJARI;0020;0223;72;95;0;5;2;192;18
07471;CAJARI;0020;0225;121;96;0;3;0;241;21
07471;CAJARI;0020;0228;93;61;0;1;7;188;26
07471;CAJARI;0020;0229;59;78;0;3;4;165;21
07471;CAJARI;0020;0231;70;54;2;4;3;140;7
07471;CAJARI;0020;0237;53;101;0;1;3;162;4
07471;CAJARI;0020;0240;126;65;0;2;2;203;8
07471;CAJARI;0020;0241;100;61;1;2;12;193;17
07471;CAJARI;0020;0244;154;62;3;4;2;242;17
07471;CAJARI;0020;0246;82;57;4;2;1;162;16
07471;CAJARI;0020;0253;118;43;0;4;2;179;12
07471;CAJARI;0020;0254;101;93;2;3;8;232;25
07471;CAJARI;0020;0255;37;91;0;1;6;164;29
07480;CIDELÂNDIA;0098;0129;68;96;26;6;12;227;19
07480;CIDELÂNDIA;0098;0135;45;119;3;4;7;195;17
07480;CIDELÂNDIA;0098;0137;46;117;1;1;8;202;29
07480;CIDELÂNDIA;0098;0153;59;98;14;5;11;225;38
07480;CIDELÂNDIA;0098;0155;15;98;3;4;6;181;55
07480;CIDELÂNDIA;0098;0159;39;94;3;1;12;180;31
07480;CIDELÂNDIA;0098;0160;37;91;1;4;3;155;19
07480;CIDELÂNDIA;0098;0161;49;88;9;2;13;210;49
07480;CIDELÂNDIA;0098;0162;43;108;5;4;12;209;37
07480;CIDELÂNDIA;0098;0165;84;97;11;7;7;242;36
07480;CIDELÂNDIA;0098;0166;63;115;9;10;7;240;36
07480;CIDELÂNDIA;0098;0167;78;100;9;11;12;245;35
07480;CIDELÂNDIA;0098;0168;70;98;12;7;12;229;30
07480;CIDELÂNDIA;0098;0169;47;145;2;5;11;260;50
07480;CIDELÂNDIA;0098;0170;46;149;5;6;12;269;51
07480;CIDELÂNDIA;0098;0171;74;120;10;7;16;264;37
07480;CIDELÂNDIA;0098;0172;84;127;7;7;10;262;27
07480;CIDELÂNDIA;0098;0173;72;118;8;3;19;256;36
07480;CIDELÂNDIA;0098;0174;78;97;9;8;11;252;49
07480;CIDELÂNDIA;0098;0175;99;102;8;5;11;262;37
07480;CIDELÂNDIA;0098;0176;83;116;12;5;18;260;26
07480;CIDELÂNDIA;0098;0177;70;96;2;1;13;205;23
07480;CIDELÂNDIA;0098;0179;65;119;3;5;8;222;22
07480;CIDELÂNDIA;0098;0180;69;80;44;7;14;248;34
07480;CIDELÂNDIA;0098;0184;95;64;9;5;10;203;20
07480;CIDELÂNDIA;0098;0188;93;113;12;3;14;272;37
07480;CIDELÂNDIA;0098;0189;116;110;9;6;6;272;25
07480;CIDELÂNDIA;0098;0190;96;123;11;7;9;270;24
07480;CIDELÂNDIA;0098;0191;105;116;8;10;10;278;29
07480;CIDELÂNDIA;0098;0192;123;105;6;8;14;285;29
07480;CIDELÂNDIA;0098;0193;104;113;5;11;7;264;24
07480;CIDELÂNDIA;0098;0194;104;89;4;4;12;242;29
07480;CIDELÂNDIA;0098;0195;87;104;7;2;12;246;34
07480;CIDELÂNDIA;0098;0196;87;118;6;5;19;286;51
07480;CIDELÂNDIA;0098;0198;84;116;12;1;26;279;40
07480;CIDELÂNDIA;0098;0218;85;104;8;3;5;220;15
07579;CAXIAS;0004;0002;91;59;8;5;10;214;41
07579;CAXIAS;0004;0010;157;67;7;11;11;306;53
07579;CAXIAS;0004;0012;160;66;4;12;10;315;63
07579;CAXIAS;0004;0015;147;82;2;6;18;316;61
07579;CAXIAS;0004;0016;126;88;1;7;19;296;55
07579;CAXIAS;0004;0019;93;64;5;7;15;226;42
07579;CAXIAS;0004;0021;103;66;3;7;7;238;52
07579;CAXIAS;0004;0022;114;64;8;7;14;251;44
07579;CAXIAS;0004;0024;159;59;5;15;9;307;60
07579;CAXIAS;0004;0026;132;80;5;8;10;309;74
07579;CAXIAS;0004;0028;136;77;10;8;12;288;45
07579;CAXIAS;0004;0029;45;26;0;1;10;98;16
07579;CAXIAS;0004;0032;157;60;7;11;16;288;37
07579;CAXIAS;0004;0033;152;79;11;9;8;312;53
07579;CAXIAS;0004;0036;93;60;10;7;13;231;48
07579;CAXIAS;0004;0037;116;65;6;7;5;232;33
07579;CAXIAS;0004;0038;98;65;11;4;7;217;32
07579;CAXIAS;0004;0039;95;62;4;10;11;222;40
07579;CAXIAS;0004;0040;112;60;6;10;3;229;38
07579;CAXIAS;0004;0041;128;73;7;8;11;272;45
07579;CAXIAS;0004;0043;128;74;3;5;3;263;50
07579;CAXIAS;0004;0044;107;51;8;6;7;213;34
07579;CAXIAS;0004;0045;30;12;0;2;1;61;16
07579;CAXIAS;0004;0046;109;56;6;0;7;197;19
07579;CAXIAS;0004;0048;128;68;6;8;16;278;52
07579;CAXIAS;0004;0051;103;53;3;4;3;197;31
07579;CAXIAS;0004;0052;103;42;8;6;5;201;37
07579;CAXIAS;0004;0053;99;61;9;8;12;215;26
07579;CAXIAS;0004;0054;89;57;4;6;20;215;39
07579;CAXIAS;0004;0055;82;70;3;7;12;209;35
07579;CAXIAS;0004;0056;82;62;2;3;9;203;45
07579;CAXIAS;0004;0057;93;64;6;4;11;209;31
07579;CAXIAS;0004;0058;58;40;3;1;12;136;22
07579;CAXIAS;0004;0059;104;74;13;10;16;266;49
07579;CAXIAS;0004;0060;125;63;5;4;11;270;62
07579;CAXIAS;0004;0061;124;71;6;4;9;278;64
07579;CAXIAS;0004;0062;129;67;3;11;9;251;32
07579;CAXIAS;0004;0063;81;57;4;5;12;192;33
07579;CAXIAS;0004;0064;69;52;1;8;12;173;31
07579;CAXIAS;0004;0065;90;45;5;9;6;175;20
07579;CAXIAS;0004;0066;80;52;5;8;14;189;30
07579;CAXIAS;0004;0067;88;49;1;15;12;201;36
07579;CAXIAS;0004;0068;78;52;3;9;10;190;38
07579;CAXIAS;0004;0069;117;80;4;13;20;292;58
07579;CAXIAS;0004;0070;124;72;3;8;22;287;58
07579;CAXIAS;0004;0071;73;46;9;14;6;182;34
07579;CAXIAS;0004;0072;88;51;0;10;4;191;38
07579;CAXIAS;0004;0073;129;56;7;13;7;244;32
07579;CAXIAS;0004;0074;112;63;4;9;10;234;36
07579;CAXIAS;0004;0075;150;71;8;21;6;307;51
07579;CAXIAS;0004;0076;107;68;6;8;9;234;36
07579;CAXIAS;0004;0077;108;64;10;10;11;240;37
07579;CAXIAS;0004;0078;104;61;10;12;5;225;33
07579;CAXIAS;0004;0079;112;61;9;2;9;241;48
07579;CAXIAS;0004;0080;75;97;2;2;21;252;55
07579;CAXIAS;0004;0085;62;36;2;5;17;190;68
07579;CAXIAS;0004;0087;51;30;1;9;13;178;74
07579;CAXIAS;0004;0088;64;43;1;7;13;200;72
07579;CAXIAS;0004;0089;61;48;0;9;19;197;60
07579;CAXIAS;0004;0091;26;22;3;5;9;100;35
07579;CAXIAS;0004;0092;83;61;4;19;13;235;55
07579;CAXIAS;0004;0093;78;119;1;8;20;273;47
07579;CAXIAS;0004;0094;74;127;1;7;11;263;43
07579;CAXIAS;0004;0095;132;75;5;12;13;303;66
07579;CAXIAS;0004;0096;72;39;1;4;15;169;38
07579;CAXIAS;0004;0097;94;58;8;13;9;225;43
07579;CAXIAS;0004;0099;111;96;6;14;12;290;51
07579;CAXIAS;0004;0102;110;59;3;14;9;230;35
07579;CAXIAS;0004;0104;123;57;4;13;20;274;57
07579;CAXIAS;0004;0108;112;76;6;10;11;270;55
07579;CAXIAS;0004;0109;65;93;3;8;25;240;46
07579;CAXIAS;0004;0110;78;46;0;9;8;182;41
07579;CAXIAS;0004;0114;120;73;2;6;16;270;53
07579;CAXIAS;0004;0117;86;81;4;9;14;234;40
07579;CAXIAS;0004;0118;115;75;3;9;16;285;67
07579;CAXIAS;0004;0120;139;72;10;19;15;298;43
07579;CAXIAS;0004;0122;103;56;2;11;10;209;27
07579;CAXIAS;0004;0123;119;75;5;9;10;255;37
07579;CAXIAS;0004;0124;113;58;6;7;3;229;42
07579;CAXIAS;0004;0125;118;84;7;14;11;276;42
07579;CAXIAS;0004;0126;140;93;9;8;11;314;53
07579;CAXIAS;0004;0127;79;55;2;8;9;181;28
07579;CAXIAS;0004;0128;133;63;3;12;13;282;58
07579;CAXIAS;0004;0129;129;69;4;11;12;272;47
07579;CAXIAS;0004;0131;89;51;4;13;7;202;38
07579;CAXIAS;0004;0132;127;53;3;8;6;231;34
07579;CAXIAS;0004;0133;127;93;4;8;13;295;50
07579;CAXIAS;0004;0135;113;81;5;20;21;302;62
07579;CAXIAS;0004;0136;92;43;2;8;11;196;40
07579;CAXIAS;0004;0140;104;59;2;6;11;230;48
07579;CAXIAS;0004;0141;114;73;3;9;13;245;33
07579;CAXIAS;0004;0142;79;62;4;9;9;188;25
07579;CAXIAS;0004;0143;120;71;8;18;15;281;49
07579;CAXIAS;0004;0144;124;84;5;10;10;281;48
07579;CAXIAS;0004;0146;115;89;8;6;18;290;54
07579;CAXIAS;0004;0147;88;52;2;14;6;214;52
07579;CAXIAS;0004;0148;96;70;0;11;13;222;32
07579;CAXIAS;0004;0149;108;73;5;12;23;272;51
07579;CAXIAS;0004;0150;83;58;4;8;12;223;58
07579;CAXIAS;0004;0151;119;65;1;7;13;242;37
07579;CAXIAS;0004;0152;117;50;9;6;12;231;37
07579;CAXIAS;0004;0155;83;66;4;6;8;194;27
07579;CAXIAS;0004;0156;91;78;4;17;14;266;62
07579;CAXIAS;0004;0157;56;120;0;2;12;229;39
07579;CAXIAS;0004;0158;64;78;2;7;25;215;39
07579;CAXIAS;0004;0159;95;55;0;11;9;204;34
07579;CAXIAS;0004;0160;118;82;5;13;12;300;70
07579;CAXIAS;0004;0161;65;41;2;9;1;144;26
07579;CAXIAS;0004;0162;104;66;2;15;9;240;44
07579;CAXIAS;0004;0164;53;118;0;4;19;227;33
07579;CAXIAS;0004;0165;106;55;6;10;11;223;35
07579;CAXIAS;0004;0166;140;58;5;12;13;255;27
07579;CAXIAS;0004;0167;80;54;3;11;8;183;27
07579;CAXIAS;0004;0168;81;56;3;5;5;193;43
07579;CAXIAS;0004;0171;70;91;5;5;16;228;41
07579;CAXIAS;0004;0172;127;89;4;20;17;307;50
07579;CAXIAS;0004;0173;75;57;0;17;14;213;50
07579;CAXIAS;0004;0175;87;53;6;11;9;204;38
07579;CAXIAS;0004;0176;75;77;4;9;7;221;49
07579;CAXIAS;0004;0177;77;43;3;7;5;161;26
07579;CAXIAS;0004;0178;117;64;5;11;8;247;42
07579;CAXIAS;0004;0181;62;55;5;3;12;200;63
07579;CAXIAS;0004;0182;59;86;3;13;19;220;40
07579;CAXIAS;0004;0184;67;107;1;6;14;242;47
07579;CAXIAS;0004;0185;168;67;6;13;7;314;53
07579;CAXIAS;0004;0186;51;122;1;3;9;240;54
07579;CAXIAS;0004;0188;141;54;3;9;16;278;55
07579;CAXIAS;0004;0189;101;87;5;18;11;269;47
07579;CAXIAS;0004;0190;72;56;4;14;10;193;37
07579;CAXIAS;0004;0192;95;44;1;8;10;200;42
07579;CAXIAS;0004;0193;73;71;0;10;10;205;41
07579;CAXIAS;0004;0194;106;53;7;12;12;238;48
07579;CAXIAS;0004;0195;91;58;2;6;10;216;49
07579;CAXIAS;0004;0196;56;107;1;4;21;239;50
07579;CAXIAS;0004;0198;155;78;8;6;17;301;37
07579;CAXIAS;0004;0199;83;64;6;8;3;194;30
07579;CAXIAS;0004;0200;31;63;0;9;12;153;38
07579;CAXIAS;0004;0201;36;47;0;6;9;164;66
07579;CAXIAS;0004;0202;50;48;1;7;11;145;28
07579;CAXIAS;0004;0203;49;51;1;4;18;172;49
07579;CAXIAS;0004;0204;52;68;1;5;4;165;35
07579;CAXIAS;0004;0205;25;54;1;4;7;99;8
07579;CAXIAS;0004;0206;68;100;0;9;20;238;41
07579;CAXIAS;0004;0208;75;126;1;14;16;282;50
07579;CAXIAS;0004;0209;114;64;2;6;10;241;45
07579;CAXIAS;0004;0210;121;63;1;14;10;247;38
07579;CAXIAS;0004;0211;93;80;5;1;14;263;70
07579;CAXIAS;0004;0212;73;81;0;5;24;249;66
07579;CAXIAS;0004;0214;129;49;6;15;9;241;33
07579;CAXIAS;0004;0215;90;41;3;8;8;183;33
07579;CAXIAS;0004;0216;96;71;4;13;6;249;59
07579;CAXIAS;0004;0218;82;62;3;3;8;184;26
07579;CAXIAS;0004;0220;115;48;8;3;3;195;18
07579;CAXIAS;0004;0221;91;62;0;14;13;212;32
07579;CAXIAS;0004;0222;142;62;10;12;7;274;41
07579;CAXIAS;0004;0223;104;49;7;9;10;223;44
07579;CAXIAS;0004;0224;44;20;1;4;5;94;20
07579;CAXIAS;0004;0225;59;80;3;5;8;203;48
07579;CAXIAS;0004;0226;129;58;11;7;7;237;25
07579;CAXIAS;0004;0227;67;57;1;11;15;186;35
07579;CAXIAS;0004;0228;40;57;0;7;2;177;71
07579;CAXIAS;0004;0229;83;75;4;13;7;239;57
07579;CAXIAS;0004;0232;54;42;2;4;10;146;34
07579;CAXIAS;0004;0233;76;48;5;18;8;210;55
07579;CAXIAS;0004;0234;46;60;1;5;5;160;43
07579;CAXIAS;0004;0235;77;72;3;14;13;229;50
07579;CAXIAS;0004;0237;31;48;0;4;9;175;83
07579;CAXIAS;0004;0238;60;71;2;7;15;195;40
07579;CAXIAS;0004;0239;78;64;3;6;22;208;35
07579;CAXIAS;0004;0241;60;52;6;15;12;196;51
07579;CAXIAS;0004;0242;50;104;0;6;12;242;70
07579;CAXIAS;0004;0243;83;69;6;15;13;226;40
07579;CAXIAS;0004;0244;97;57;4;7;9;199;25
07579;CAXIAS;0004;0245;45;32;2;3;20;274;172
07579;CAXIAS;0004;0246;109;72;2;7;3;236;43
07579;CAXIAS;0004;0247;111;62;5;15;3;232;36
07579;CAXIAS;0004;0249;89;60;4;7;11;217;46
07579;CAXIAS;0004;0250;107;54;6;12;8;236;49
07579;CAXIAS;0004;0251;79;68;4;5;11;201;34
07579;CAXIAS;0004;0253;111;53;5;4;10;229;46
07579;CAXIAS;0004;0254;91;37;4;10;7;183;34
07579;CAXIAS;0004;0255;61;71;1;11;10;206;52
07579;CAXIAS;0004;0256;155;82;8;10;12;309;42
07579;CAXIAS;0004;0257;91;50;2;10;3;189;33
07579;CAXIAS;0004;0258;111;73;5;14;8;266;55
07579;CAXIAS;0004;0259;60;52;6;9;10;175;38
07579;CAXIAS;0004;0260;71;53;0;12;23;217;58
07579;CAXIAS;0004;0261;90;55;0;10;17;227;55
07579;CAXIAS;0004;0262;106;72;5;12;22;261;44
07579;CAXIAS;0004;0263;72;56;1;13;17;210;51
07579;CAXIAS;0004;0264;83;52;3;9;10;200;43
07579;CAXIAS;0004;0265;62;66;4;7;8;190;43
07579;CAXIAS;0004;0266;45;52;0;7;5;149;40
07579;CAXIAS;0004;0267;77;69;2;5;10;191;28
07579;CAXIAS;0004;0268;59;81;0;9;11;214;54
07579;CAXIAS;0004;0270;108;72;6;21;16;269;46
07579;CAXIAS;0004;0271;78;41;7;9;4;162;23
07579;CAXIAS;0004;0273;70;57;5;17;10;205;46
07579;CAXIAS;0004;0274;68;40;4;8;2;165;43
07579;CAXIAS;0004;0275;106;64;12;14;2;227;29
07579;CAXIAS;0004;0276;94;59;5;10;6;204;30
07579;CAXIAS;0004;0277;108;64;5;11;5;216;23
07579;CAXIAS;0004;0278;74;54;4;13;13;191;33
07579;CAXIAS;0004;0281;85;62;1;6;7;208;47
07579;CAXIAS;0004;0282;94;73;1;11;7;227;41
07579;CAXIAS;0004;0283;18;86;1;7;11;214;91
07579;CAXIAS;0004;0284;14;98;0;6;16;223;89
07579;CAXIAS;0004;0285;22;83;1;5;14;223;98
07579;CAXIAS;0004;0286;27;80;2;7;12;218;90
07579;CAXIAS;0004;0287;27;76;0;7;7;215;98
07579;CAXIAS;0004;0288;21;82;1;6;5;195;80
07579;CAXIAS;0004;0289;116;94;8;17;10;282;37
07579;CAXIAS;0004;0290;114;99;2;15;13;292;49
07579;CAXIAS;0004;0291;126;95;5;11;3;285;45
07579;CAXIAS;0004;0292;126;80;6;16;12;288;48
07579;CAXIAS;0004;0293;116;90;3;15;13;278;41
07579;CAXIAS;0004;0294;114;74;4;7;8;248;41
07579;CAXIAS;0004;0295;91;67;5;5;15;232;49
07579;CAXIAS;0004;0296;90;91;4;11;8;244;40
07579;CAXIAS;0004;0297;90;72;3;9;13;241;54
07579;CAXIAS;0004;0298;83;85;4;16;14;243;41
07579;CAXIAS;0004;0299;97;64;4;11;9;221;36
07579;CAXIAS;0004;0300;85;91;4;4;13;244;47
07579;CAXIAS;0004;0301;94;59;2;15;20;239;49
07579;CAXIAS;0004;0302;100;65;6;10;14;237;42
07579;CAXIAS;0004;0303;107;86;3;10;11;262;45
07579;CAXIAS;0004;0306;103;83;4;11;16;264;47
07579;CAXIAS;0004;0307;74;103;0;6;32;256;41
07579;CAXIAS;0004;0310;130;82;3;12;12;294;55
07579;CAXIAS;0004;0311;131;112;8;12;7;323;53
07579;CAXIAS;0004;0312;130;96;4;14;13;312;55
07579;CAXIAS;0004;0313;141;92;5;10;17;321;56
07579;CAXIAS;0004;0314;136;97;8;12;15;312;44
07579;CAXIAS;0004;0315;137;95;5;13;14;316;52
07579;CAXIAS;0004;0316;52;101;4;5;22;219;35
07579;CAXIAS;0004;0317;68;79;3;12;12;223;49
07579;CAXIAS;0004;0318;71;86;0;8;17;230;48
07579;CAXIAS;0004;0319;74;93;3;9;18;237;40
07579;CAXIAS;0004;0320;70;78;1;12;18;222;43
07579;CAXIAS;0004;0321;68;75;3;8;17;216;45
07579;CAXIAS;0004;0322;63;85;2;8;16;220;46
07579;CAXIAS;0004;0323;73;84;1;8;13;218;39
07579;CAXIAS;0004;0324;54;136;2;5;18;295;80
07579;CAXIAS;0004;0325;34;54;0;4;10;149;47
07579;CAXIAS;0004;0328;57;104;2;14;12;256;67
07579;CAXIAS;0004;0329;72;59;2;13;14;212;52
07579;CAXIAS;0004;0330;78;60;4;8;11;210;49
07579;CAXIAS;0004;0331;95;66;3;5;12;224;43
07579;CAXIAS;0004;0332;84;65;3;14;15;218;37
07579;CAXIAS;0004;0333;101;66;5;7;9;224;36
07579;CAXIAS;0004;0334;101;66;3;8;9;217;30
07579;CAXIAS;0004;0335;109;47;5;10;10;215;34
07579;CAXIAS;0004;0336;104;73;1;10;10;256;58
07579;CAXIAS;0004;0337;87;75;4;12;14;251;59
07579;CAXIAS;0004;0338;40;73;1;6;8;142;14
07579;CAXIAS;0004;0339;37;79;0;3;6;143;18
07579;CAXIAS;0004;0340;39;68;1;4;17;143;14
07579;CAXIAS;0004;0341;43;72;2;4;12;143;10
07579;CAXIAS;0004;0342;45;76;0;3;7;155;24
07579;CAXIAS;0004;0343;28;59;0;7;12;162;56
07579;CAXIAS;0004;0344;32;45;0;6;6;149;60
07579;CAXIAS;0004;0345;34;48;2;2;13;149;50
07579;CAXIAS;0004;0346;37;50;0;3;12;167;65
07579;CAXIAS;0004;0348;43;66;2;1;14;152;26
07579;CAXIAS;0004;0349;139;88;4;8;13;307;55
07579;CAXIAS;0004;0350;124;98;6;7;14;289;40
07579;CAXIAS;0004;0351;76;64;3;12;14;209;40
07579;CAXIAS;0004;0352;62;70;4;8;16;194;34
07579;CAXIAS;0004;0353;60;65;1;9;9;183;39
07579;CAXIAS;0004;0354;72;63;3;6;9;192;39
07579;CAXIAS;0004;0355;57;80;1;2;14;166;12
07579;CAXIAS;0004;0356;53;77;3;1;8;161;19
07579;CAXIAS;0004;0357;54;74;1;5;13;169;22
07579;CAXIAS;0004;0358;49;88;1;7;7;165;13
07579;CAXIAS;0004;0359;61;46;4;10;4;159;34
07579;CAXIAS;0004;0360;54;55;2;7;8;168;42
07579;CAXIAS;0004;0361;54;60;2;6;5;155;28
07579;CAXIAS;0004;0362;55;59;0;6;13;160;27
07579;CAXIAS;0004;0363;69;61;4;9;8;174;23
07579;CAXIAS;0004;0364;55;101;2;3;16;210;33
07579;CAXIAS;0004;0365;57;92;1;4;14;205;37
07579;CAXIAS;0004;0366;61;92;0;8;11;205;33
07579;CAXIAS;0004;0367;49;85;3;9;14;190;30
07579;CAXIAS;0004;0368;119;78;2;12;10;272;51
07579;CAXIAS;0004;0370;73;91;1;14;12;253;62
07579;CAXIAS;0004;0372;101;57;3;21;13;241;46
07579;CAXIAS;0004;0373;89;74;3;12;14;238;46
07579;CAXIAS;0004;0374;85;84;7;12;7;244;49
07579;CAXIAS;0004;0375;58;42;4;10;8;158;36
07579;CAXIAS;0004;0376;64;53;4;11;11;169;26
07579;CAXIAS;0004;0377;65;56;8;5;8;167;25
07579;CAXIAS;0004;0378;24;55;2;4;24;187;78
07579;CAXIAS;0004;0379;17;76;0;2;16;175;64
07579;CAXIAS;0004;0380;23;80;1;6;14;200;76
07579;CAXIAS;0004;0381;70;47;3;7;4;158;27
07579;CAXIAS;0004;0382;92;38;3;4;6;166;23
07579;CAXIAS;0004;0383;70;37;1;6;10;150;26
07579;CAXIAS;0004;0384;73;52;2;5;5;172;35
07579;CAXIAS;0004;0385;82;43;1;7;9;180;38
07579;CAXIAS;0004;0386;64;56;3;8;8;171;32
07579;CAXIAS;0004;0387;108;82;1;15;13;265;46
07579;CAXIAS;0004;0388;119;68;4;19;12;270;48
07579;CAXIAS;0004;0389;108;83;4;20;4;276;57
07579;CAXIAS;0004;0390;105;69;4;20;11;264;55
07579;CAXIAS;0004;0391;92;79;2;25;15;254;41
07579;CAXIAS;0004;0392;162;51;5;13;10;287;46
07579;CAXIAS;0004;0394;43;84;2;3;7;241;102
07579;CAXIAS;0004;0396;111;85;2;5;16;259;40
07579;CAXIAS;0004;0397;90;72;4;7;19;234;42
07579;CAXIAS;0004;0398;85;93;0;6;12;245;49
07579;CAXIAS;0004;0400;95;90;3;4;3;245;50
07579;CAXIAS;0004;0404;116;56;4;19;2;253;56
07579;CAXIAS;0004;0405;111;71;4;17;10;259;46
07579;CAXIAS;0004;0406;90;62;4;22;15;252;59
07579;CAXIAS;0004;0407;83;56;5;4;7;192;37
07579;CAXIAS;0004;0409;81;66;4;5;7;191;28
07579;CAXIAS;0004;0411;61;41;1;12;6;159;38
07579;CAXIAS;0004;0412;53;56;0;11;7;165;38
07579;CAXIAS;0004;0413;61;49;0;6;10;161;35
07579;CAXIAS;0004;0414;58;56;4;8;4;166;36
07579;CAXIAS;0004;0415;80;66;4;18;6;218;44
07579;CAXIAS;0004;0416;99;68;1;14;15;229;32
07579;CAXIAS;0004;0417;73;79;1;5;9;209;42
07579;CAXIAS;0004;0418;101;76;4;11;5;226;29
07579;CAXIAS;0004;0419;97;63;2;13;15;229;39
07579;CAXIAS;0004;0420;105;46;0;10;14;217;42
07579;CAXIAS;0004;0421;83;62;10;7;9;211;40
07579;CAXIAS;0004;0422;88;54;4;10;10;198;32
07579;CAXIAS;0004;0423;96;48;3;13;8;216;48
07579;CAXIAS;0004;0424;84;55;4;12;6;198;37
07579;CAXIAS;0004;0425;104;52;2;9;7;208;34
07579;CAXIAS;0004;0426;101;51;1;11;6;201;31
07579;CAXIAS;0004;0427;82;52;5;8;6;195;42
07579;CAXIAS;0004;0428;101;53;3;4;4;195;30
07579;CAXIAS;0004;0429;103;57;6;12;4;205;23
07579;CAXIAS;0004;0430;102;57;5;12;5;204;23
07579;CAXIAS;0004;0431;111;80;6;12;15;266;42
07579;CAXIAS;0004;0432;120;68;5;11;8;262;50
07579;CAXIAS;0004;0433;98;59;9;14;16;254;58
07579;CAXIAS;0004;0434;107;67;5;17;9;259;54
07579;CAXIAS;0004;0435;104;70;4;11;9;253;55
07579;CAXIAS;0004;0436;115;72;5;18;11;268;47
07579;CAXIAS;0004;0437;64;59;2;10;10;177;32
07579;CAXIAS;0004;0438;62;70;3;7;7;189;40
07579;CAXIAS;0004;0439;62;79;2;8;9;180;20
07579;CAXIAS;0004;0440;67;69;3;6;11;180;24
07579;CAXIAS;0004;0442;106;81;2;16;11;268;52
07579;CAXIAS;0004;0443;84;80;6;8;4;243;61
07579;CAXIAS;0004;0444;91;57;5;7;8;215;47
07579;CAXIAS;0004;0445;95;51;5;14;11;224;48
07579;CAXIAS;0004;0446;44;102;0;3;18;217;50
07579;CAXIAS;0004;0447;48;79;1;9;17;194;40
07579;CAXIAS;0004;0451;59;82;2;7;9;207;48
07579;CAXIAS;0004;0452;106;67;4;15;15;253;46
07579;CAXIAS;0004;0453;112;65;3;16;12;262;54
07579;CAXIAS;0004;0454;103;68;4;12;6;263;70
07579;CAXIAS;0004;0455;91;90;4;11;9;261;56
07579;CAXIAS;0004;0456;91;76;3;10;11;265;74
07579;CAXIAS;0004;0457;82;36;3;9;5;165;30
07579;CAXIAS;0004;0460;104;64;4;10;10;245;53
07579;CAXIAS;0004;0462;72;50;2;4;14;175;33
07579;CAXIAS;0004;0463;73;37;4;9;3;166;40
07579;CAXIAS;0004;0464;83;47;3;5;8;181;35
07579;CAXIAS;0004;0465;80;49;4;7;8;189;41
07579;CAXIAS;0004;0466;79;44;2;11;9;179;34
07579;CAXIAS;0004;0467;65;55;3;11;11;190;45
07579;CAXIAS;0004;0468;74;49;0;7;18;188;40
07579;CAXIAS;0004;0469;37;117;0;2;5;217;56
07579;CAXIAS;0004;0470;44;108;2;6;6;221;55
07579;CAXIAS;0004;0471;50;97;1;3;8;219;60
07579;CAXIAS;0004;0472;105;61;2;11;12;228;37
07579;CAXIAS;0004;0473;107;65;3;15;16;238;32
07579;CAXIAS;0004;0474;76;99;2;10;12;231;32
07579;CAXIAS;0004;0475;100;71;1;15;9;227;31
07579;CAXIAS;0004;0476;46;77;1;6;18;191;43
07579;CAXIAS;0004;0477;43;73;1;6;15;171;33
07579;CAXIAS;0004;0478;43;90;0;0;9;174;32
07579;CAXIAS;0004;0479;52;80;0;3;14;193;44
07579;CAXIAS;0004;0480;127;79;9;12;12;295;56
07579;CAXIAS;0004;0481;131;71;6;7;7;277;55
07579;CAXIAS;0004;0482;128;78;8;6;12;280;48
07579;CAXIAS;0004;0483;71;75;4;9;12;216;45
07579;CAXIAS;0004;0484;82;76;3;7;9;209;32
07579;CAXIAS;0004;0485;72;83;5;13;9;211;29
07579;CAXIAS;0004;0486;78;67;1;11;20;210;33
07579;CAXIAS;0004;0487;104;80;4;16;8;272;60
07579;CAXIAS;0004;0488;109;84;6;12;16;275;48
07579;CAXIAS;0004;0489;150;69;11;8;14;306;54
07579;CAXIAS;0004;0490;81;36;6;1;7;150;19
07579;CAXIAS;0004;0492;51;44;4;4;8;156;45
07579;CAXIAS;0004;0493;81;56;8;13;10;208;40
07579;CAXIAS;0004;0494;125;68;3;15;11;262;40
07579;CAXIAS;0004;0495;69;66;1;8;16;232;72
07579;CAXIAS;0004;0496;77;80;7;8;13;221;36
07579;CAXIAS;0004;0498;107;116;2;13;11;288;39
07579;CAXIAS;0004;0499;113;69;8;11;13;262;48
07579;CAXIAS;0004;0500;17;73;2;4;6;134;32
07579;CAXIAS;0004;0501;58;95;3;9;14;210;31
07579;CAXIAS;0004;0502;45;92;3;8;11;271;112
07579;CAXIAS;0004;0503;18;86;2;9;20;230;95
07579;CAXIAS;0004;0504;41;86;3;17;9;226;70
07579;CAXIAS;0004;0505;3;74;1;10;9;142;45
07579;CAXIAS;0004;0506;139;92;7;15;11;299;35
07579;CAXIAS;0004;0508;134;91;4;19;10;292;34
07579;CAXIAS;0004;0509;113;89;3;11;14;261;31
07579;CAXIAS;0004;0511;2;3;0;3;2;16;6
07595;CEDRAL;0030;0033;93;103;0;3;6;211;6
07595;CEDRAL;0030;0052;98;74;0;3;7;192;10
07595;CEDRAL;0030;0053;92;60;3;2;7;176;12
07595;CEDRAL;0030;0055;102;113;2;5;10;245;13
07595;CEDRAL;0030;0059;89;73;1;3;4;184;14
07595;CEDRAL;0030;0067;107;76;0;9;10;215;13
07595;CEDRAL;0030;0068;98;80;0;4;7;202;13
07595;CEDRAL;0030;0072;82;127;1;10;8;268;40
07595;CEDRAL;0030;0078;91;80;3;6;1;192;11
07595;CEDRAL;0030;0080;97;101;1;1;12;227;15
07595;CEDRAL;0030;0085;46;38;0;2;1;95;8
07595;CEDRAL;0030;0086;23;45;0;1;2;75;4
07595;CEDRAL;0030;0089;84;135;0;4;3;229;3
07595;CEDRAL;0030;0093;114;84;0;5;6;226;17
07595;CEDRAL;0030;0110;79;124;1;5;9;227;9
07595;CEDRAL;0030;0116;138;74;0;3;4;224;5
07595;CEDRAL;0030;0123;102;97;0;1;7;211;4
07595;CEDRAL;0030;0125;116;82;0;2;6;216;10
07595;CEDRAL;0030;0131;117;136;0;2;7;272;10
07595;CEDRAL;0030;0132;64;88;0;4;4;173;13
07595;CEDRAL;0030;0137;99;142;6;8;11;280;14
07595;CEDRAL;0030;0138;118;125;0;13;10;280;14
07595;CEDRAL;0030;0139;88;71;0;4;2;171;6
07595;CEDRAL;0030;0147;144;72;1;5;1;229;6
07595;CEDRAL;0030;0149;131;68;0;5;3;215;8
07595;CEDRAL;0030;0151;103;66;1;0;2;175;3
07595;CEDRAL;0030;0152;103;65;0;1;3;175;3
07595;CEDRAL;0030;0155;120;69;3;4;8;210;6
07595;CEDRAL;0030;0157;107;85;0;1;8;212;11
07595;CEDRAL;0030;0158;95;94;1;5;6;211;10
07595;CEDRAL;0030;0167;49;72;0;0;5;142;16
07595;CEDRAL;0030;0168;52;79;0;1;4;146;10
07595;CEDRAL;0030;0178;100;85;0;0;6;201;10
07595;CEDRAL;0030;0180;100;62;0;3;4;173;4
07595;CEDRAL;0030;0183;90;108;2;10;10;233;13
07595;CEDRAL;0030;0184;93;111;3;5;10;239;17
07595;CEDRAL;0030;0187;89;119;2;4;4;221;3
07633;CODÓ;0007;0010;149;79;4;9;6;262;15
07633;CODÓ;0007;0014;109;51;1;6;11;195;17
07633;CODÓ;0007;0015;131;76;4;8;12;262;31
07633;CODÓ;0007;0016;140;75;3;6;5;259;30
07633;CODÓ;0007;0017;117;76;1;8;8;242;32
07633;CODÓ;0007;0018;147;65;2;5;8;263;36
07633;CODÓ;0007;0019;114;77;5;12;14;248;26
07633;CODÓ;0007;0020;136;70;4;9;16;260;25
07633;CODÓ;0007;0021;141;72;1;2;12;263;35
07633;CODÓ;0007;0022;102;60;1;9;19;221;30
07633;CODÓ;0007;0023;123;92;0;14;14;275;32
07633;CODÓ;0007;0024;111;72;0;1;21;235;30
07633;CODÓ;0007;0025;134;68;3;8;9;257;35
07633;CODÓ;0007;0030;110;72;1;5;15;237;34
07633;CODÓ;0007;0032;86;82;2;7;18;226;31
07633;CODÓ;0007;0034;99;79;2;5;16;239;38
07633;CODÓ;0007;0035;105;68;1;6;10;209;19
07633;CODÓ;0007;0036;115;42;1;5;11;202;28
07633;CODÓ;0007;0037;102;51;3;6;9;197;26
07633;CODÓ;0007;0041;139;65;1;9;15;255;26
07633;CODÓ;0007;0042;140;53;2;10;10;252;37
07633;CODÓ;0007;0043;155;71;6;9;9;271;21
07633;CODÓ;0007;0044;99;54;1;7;12;188;15
07633;CODÓ;0007;0045;129;58;4;10;11;235;23
07633;CODÓ;0007;0046;121;83;1;6;12;250;27
07633;CODÓ;0007;0048;67;62;2;3;7;160;19
07633;CODÓ;0007;0053;102;54;5;7;5;195;22
07633;CODÓ;0007;0056;108;101;1;13;14;267;30
07633;CODÓ;0007;0057;132;93;0;8;8;272;31
07633;CODÓ;0007;0058;119;96;1;12;12;274;34
07633;CODÓ;0007;0059;70;34;0;6;12;147;25
07633;CODÓ;0007;0060;100;108;3;7;17;275;40
07633;CODÓ;0007;0061;90;58;1;4;14;190;23
07633;CODÓ;0007;0062;98;56;1;11;10;193;17
07633;CODÓ;0007;0063;89;59;1;8;10;190;23
07633;CODÓ;0007;0064;103;72;2;6;18;236;35
07633;CODÓ;0007;0065;97;84;1;8;16;239;33
07633;CODÓ;0007;0066;92;101;0;5;12;236;26
07633;CODÓ;0007;0067;158;74;6;4;10;284;32
07633;CODÓ;0007;0076;130;80;3;8;18;284;45
07633;CODÓ;0007;0077;127;83;2;7;10;273;44
07633;CODÓ;0007;0078;85;85;3;5;19;234;37
07633;CODÓ;0007;0080;117;95;2;15;15;282;38
07633;CODÓ;0007;0081;140;82;1;17;10;290;40
07633;CODÓ;0007;0083;178;73;3;16;7;303;26
07633;CODÓ;0007;0084;101;92;1;5;16;249;34
07633;CODÓ;0007;0085;170;70;5;5;7;289;32
07633;CODÓ;0007;0086;172;82;6;9;9;312;34
07633;CODÓ;0007;0088;87;96;1;7;19;246;36
07633;CODÓ;0007;0089;121;89;2;7;16;274;39
07633;CODÓ;0007;0090;119;106;4;9;12;275;25
07633;CODÓ;0007;0091;117;110;5;8;6;283;37
07633;CODÓ;0007;0092;137;68;1;5;12;258;35
07633;CODÓ;0007;0093;78;78;3;9;18;208;22
07633;CODÓ;0007;0094;141;66;1;12;11;269;38
07633;CODÓ;0007;0095;119;86;2;6;14;263;36
07633;CODÓ;0007;0096;130;78;2;13;10;265;32
07633;CODÓ;0007;0097;142;75;2;6;7;264;32
07633;CODÓ;0007;0098;108;70;3;8;15;235;31
07633;CODÓ;0007;0099;129;61;1;9;8;233;25
07633;CODÓ;0007;0100;140;89;0;8;5;266;24
07633;CODÓ;0007;0101;119;73;2;7;12;249;36
07633;CODÓ;0007;0102;112;58;1;3;9;207;24
07633;CODÓ;0007;0103;119;77;3;6;12;260;43
07633;CODÓ;0007;0104;121;91;1;9;13;274;39
07633;CODÓ;0007;0108;121;62;1;6;12;223;21
07633;CODÓ;0007;0109;110;64;1;11;11;215;18
07633;CODÓ;0007;0110;96;65;1;13;18;217;24
07633;CODÓ;0007;0111;96;50;5;8;10;199;30
07633;CODÓ;0007;0112;81;63;2;6;12;186;22
07633;CODÓ;0007;0113;103;60;3;7;14;209;22
07633;CODÓ;0007;0114;101;70;0;8;5;210;26
07633;CODÓ;0007;0115;103;44;2;8;13;189;19
07633;CODÓ;0007;0116;113;52;1;2;13;210;29
07633;CODÓ;0007;0117;98;69;3;5;10;215;30
07633;CODÓ;0007;0120;117;86;3;12;16;274;40
07633;CODÓ;0007;0121;129;80;3;8;16;262;26
07633;CODÓ;0007;0122;109;72;1;6;15;231;28
07633;CODÓ;0007;0124;73;61;3;8;13;182;24
07633;CODÓ;0007;0125;146;69;6;10;5;268;32
07633;CODÓ;0007;0126;131;62;2;9;15;243;24
07633;CODÓ;0007;0127;91;79;4;7;16;236;39
07633;CODÓ;0007;0128;143;67;6;9;17;261;19
07633;CODÓ;0007;0129;109;78;2;7;16;240;28
07633;CODÓ;0007;0130;102;93;1;6;8;243;33
07633;CODÓ;0007;0131;144;78;2;11;8;269;26
07633;CODÓ;0007;0133;106;104;3;4;16;277;44
07633;CODÓ;0007;0135;154;84;8;9;11;298;32
07633;CODÓ;0007;0136;137;89;0;6;18;286;36
07633;CODÓ;0007;0137;143;68;3;4;10;259;31
07633;CODÓ;0007;0138;150;76;2;6;12;279;33
07633;CODÓ;0007;0139;125;91;2;12;26;284;28
07633;CODÓ;0007;0140;185;59;6;14;9;298;25
07633;CODÓ;0007;0141;138;81;4;12;20;301;46
07633;CODÓ;0007;0142;147;94;2;7;19;305;36
07633;CODÓ;0007;0143;170;75;4;11;7;295;28
07633;CODÓ;0007;0144;97;71;1;9;12;209;19
07633;CODÓ;0007;0145;139;105;0;6;16;293;27
07633;CODÓ;0007;0146;134;67;1;9;10;247;26
07633;CODÓ;0007;0147;121;85;1;5;24;259;23
07633;CODÓ;0007;0148;144;71;7;13;20;282;27
07633;CODÓ;0007;0149;141;71;1;13;8;264;30
07633;CODÓ;0007;0150;156;58;5;12;5;258;22
07633;CODÓ;0007;0152;101;80;2;7;14;229;25
07633;CODÓ;0007;0154;139;89;2;7;19;295;39
07633;CODÓ;0007;0155;130;106;3;5;16;295;35
07633;CODÓ;0007;0158;100;87;2;1;20;250;40
07633;CODÓ;0007;0159;120;110;4;12;13;293;34
07633;CODÓ;0007;0163;115;76;0;4;14;241;32
07633;CODÓ;0007;0165;152;66;2;12;8;266;26
07633;CODÓ;0007;0166;130;75;2;8;10;266;41
07633;CODÓ;0007;0167;96;82;4;6;17;241;36
07633;CODÓ;0007;0170;143;75;1;10;11;278;38
07633;CODÓ;0007;0171;97;85;1;4;12;226;27
07633;CODÓ;0007;0173;128;82;3;3;12;260;32
07633;CODÓ;0007;0174;93;66;0;3;15;206;29
07633;CODÓ;0007;0175;150;51;0;8;14;249;26
07633;CODÓ;0007;0176;145;58;2;8;11;246;22
07633;CODÓ;0007;0177;94;72;1;8;13;207;19
07633;CODÓ;0007;0178;135;73;3;12;13;270;34
07633;CODÓ;0007;0179;147;70;3;6;15;272;31
07633;CODÓ;0007;0180;107;49;1;3;13;192;19
07633;CODÓ;0007;0182;68;68;0;2;6;169;25
07633;CODÓ;0007;0184;60;68;0;1;16;165;20
07633;CODÓ;0007;0185;70;74;0;8;10;169;7
07633;CODÓ;0007;0186;36;122;0;2;16;222;46
07633;CODÓ;0007;0187;30;116;0;2;6;194;40
07633;CODÓ;0007;0188;112;82;3;9;20;254;28
07633;CODÓ;0007;0192;61;61;1;2;10;164;29
07633;CODÓ;0007;0193;67;58;0;1;19;161;16
07633;CODÓ;0007;0194;121;46;6;7;10;212;22
07633;CODÓ;0007;0195;114;50;0;4;14;207;25
07633;CODÓ;0007;0196;108;52;3;5;12;203;23
07633;CODÓ;0007;0197;103;53;6;6;10;203;25
07633;CODÓ;0007;0198;95;61;4;13;7;198;18
07633;CODÓ;0007;0199;125;52;1;4;9;219;28
07633;CODÓ;0007;0200;109;54;1;3;10;194;17
07633;CODÓ;0007;0201;109;63;3;6;7;208;20
07633;CODÓ;0007;0202;120;54;3;11;5;213;20
07633;CODÓ;0007;0203;123;74;4;5;10;245;29
07633;CODÓ;0007;0204;142;76;4;8;17;285;38
07633;CODÓ;0007;0205;144;70;1;9;13;274;37
07633;CODÓ;0007;0206;151;73;5;6;6;281;40
07633;CODÓ;0007;0207;133;78;2;6;22;270;29
07633;CODÓ;0007;0208;55;102;1;5;11;191;17
07633;CODÓ;0007;0209;60;92;1;4;8;205;40
07633;CODÓ;0007;0211;64;87;0;3;18;197;25
07633;CODÓ;0007;0213;60;102;0;4;17;209;26
07633;CODÓ;0007;0214;34;109;1;2;10;174;18
07633;CODÓ;0007;0215;26;119;0;3;15;188;25
07633;CODÓ;0007;0216;31;131;1;2;10;195;20
07633;CODÓ;0007;0217;34;137;0;4;10;198;13
07633;CODÓ;0007;0218;28;127;0;2;11;191;23
07633;CODÓ;0007;0219;115;75;1;9;7;234;27
07633;CODÓ;0007;0220;118;57;1;4;18;226;28
07633;CODÓ;0007;0221;113;72;1;3;10;225;26
07633;CODÓ;0007;0222;126;53;0;8;4;222;31
07633;CODÓ;0007;0223;107;70;1;12;17;227;20
07633;CODÓ;0007;0224;117;65;2;11;13;234;26
07633;CODÓ;0007;0225;113;56;1;10;8;217;29
07633;CODÓ;0007;0226;48;105;0;1;19;190;17
07633;CODÓ;0007;0227;50;98;1;3;7;176;17
07633;CODÓ;0007;0228;48;103;0;4;11;183;17
07633;CODÓ;0007;0229;39;100;0;3;11;168;15
07633;CODÓ;0007;0230;91;52;3;6;4;180;24
07633;CODÓ;0007;0231;100;46;1;11;7;179;14
07633;CODÓ;0007;0232;99;47;2;9;11;183;15
07633;CODÓ;0007;0234;77;97;0;4;21;230;31
07633;CODÓ;0007;0236;42;45;0;1;9;119;22
07633;CODÓ;0007;0239;81;69;1;1;17;194;25
07633;CODÓ;0007;0240;61;73;2;4;17;175;18
07633;CODÓ;0007;0241;109;61;1;7;10;221;33
07633;CODÓ;0007;0242;108;74;0;11;11;225;21
07633;CODÓ;0007;0243;109;54;4;11;8;214;28
07633;CODÓ;0007;0244;108;53;1;16;14;222;30
07633;CODÓ;0007;0245;93;63;2;7;17;213;31
07633;CODÓ;0007;0246;101;53;2;7;12;211;36
07633;CODÓ;0007;0247;98;69;2;6;17;222;30
07633;CODÓ;0007;0248;54;102;0;1;6;185;22
07633;CODÓ;0007;0250;42;100;0;5;9;177;21
07633;CODÓ;0007;0252;39;122;3;3;12;201;22
07633;CODÓ;0007;0254;46;112;1;1;16;201;25
07633;CODÓ;0007;0255;42;96;2;4;9;177;24
07633;CODÓ;0007;0257;31;140;2;3;16;218;26
07633;CODÓ;0007;0259;31;132;1;2;16;204;22
07633;CODÓ;0007;0261;147;70;1;13;18;273;24
07633;CODÓ;0007;0262;147;87;0;10;15;288;29
07633;CODÓ;0007;0263;141;77;2;10;12;275;33
07633;CODÓ;0007;0264;134;69;2;7;16;264;36
07633;CODÓ;0007;0265;159;75;1;6;5;277;31
07633;CODÓ;0007;0266;165;73;2;6;11;282;25
07633;CODÓ;0007;0267;117;66;7;11;24;254;29
07633;CODÓ;0007;0268;142;78;1;4;8;265;32
07633;CODÓ;0007;0269;125;68;5;6;19;253;30
07633;CODÓ;0007;0270;133;88;1;3;12;272;35
07633;CODÓ;0007;0271;134;73;1;4;14;248;22
07633;CODÓ;0007;0272;26;117;2;1;10;182;26
07633;CODÓ;0007;0274;26;106;1;1;15;181;32
07633;CODÓ;0007;0277;33;103;1;3;8;179;31
07633;CODÓ;0007;0281;53;70;1;11;9;154;10
07633;CODÓ;0007;0282;69;64;0;5;11;155;6
07633;CODÓ;0007;0284;51;74;0;8;12;170;25
07633;CODÓ;0007;0285;54;71;0;11;12;166;18
07633;CODÓ;0007;0286;55;78;0;6;14;168;15
07633;CODÓ;0007;0287;46;91;0;4;7;172;24
07633;CODÓ;0007;0288;68;90;2;7;23;241;51
07633;CODÓ;0007;0290;34;45;1;3;13;116;20
07633;CODÓ;0007;0293;58;130;4;3;27;269;47
07633;CODÓ;0007;0295;59;104;0;3;16;206;24
07633;CODÓ;0007;0296;44;99;0;2;19;188;24
07633;CODÓ;0007;0297;47;106;1;1;17;194;22
07633;CODÓ;0007;0298;40;115;3;2;20;204;24
07633;CODÓ;0007;0300;130;67;0;6;26;252;23
07633;CODÓ;0007;0301;114;79;3;10;29;256;21
07633;CODÓ;0007;0302;91;88;2;7;28;248;32
07633;CODÓ;0007;0303;68;37;0;6;10;130;9
07633;CODÓ;0007;0366;89;59;4;7;13;197;25
07633;CODÓ;0007;0368;100;67;2;6;7;205;23
07633;CODÓ;0007;0370;97;66;2;17;20;224;22
07633;CODÓ;0007;0371;27;169;2;4;25;261;34
07633;CODÓ;0007;0373;90;69;0;8;11;212;34
07633;CODÓ;0007;0374;93;67;0;8;19;224;37
07633;CODÓ;0007;0375;104;56;2;17;7;220;34
07633;CODÓ;0007;0376;88;69;0;9;21;219;32
07633;CODÓ;0007;0377;66;36;0;2;16;142;22
07633;CODÓ;0007;0378;77;43;2;7;17;161;15
07633;CODÓ;0007;0379;67;49;0;5;18;166;27
07633;CODÓ;0007;0380;74;52;0;5;8;155;16
07633;CODÓ;0007;0381;75;55;0;5;10;160;15
07633;CODÓ;0007;0382;84;49;1;2;9;154;9
07633;CODÓ;0007;0383;85;48;2;3;10;164;16
07633;CODÓ;0007;0384;77;46;1;4;8;164;28
07633;CODÓ;0007;0385;66;60;1;5;13;159;14
07633;CODÓ;0007;0386;87;52;0;2;2;161;18
07633;CODÓ;0007;0387;97;94;1;8;31;258;27
07633;CODÓ;0007;0391;133;71;2;7;10;256;33
07633;CODÓ;0007;0393;132;64;3;6;8;235;22
07633;CODÓ;0007;0395;98;59;2;4;5;194;26
07633;CODÓ;0007;0397;38;84;1;2;13;160;22
07633;CODÓ;0007;0398;33;87;0;1;5;147;21
07633;CODÓ;0007;0399;32;77;0;2;15;149;23
07633;CODÓ;0007;0401;57;50;0;6;13;146;20
07633;CODÓ;0007;0402;53;52;2;10;8;151;26
07633;CODÓ;0007;0403;54;56;1;3;13;150;23
07633;CODÓ;0007;0405;99;70;2;3;8;204;22
07633;CODÓ;0007;0406;120;54;1;4;13;207;15
07633;CODÓ;0007;0407;114;59;2;8;10;216;23
07633;CODÓ;0007;0408;94;80;1;7;17;245;46
07633;CODÓ;0007;0410;157;61;1;8;9;252;16
07633;CODÓ;0007;0411;81;70;1;9;4;191;26
07633;CODÓ;0007;0412;103;83;6;7;16;245;30
07633;CODÓ;0007;0413;147;82;2;8;13;278;26
07633;CODÓ;0007;0414;119;76;1;6;15;225;8
07633;CODÓ;0007;0415;147;70;2;10;13;265;23
07633;CODÓ;0007;0416;132;58;7;10;5;228;16
07633;CODÓ;0007;0417;144;56;1;11;10;254;32
07633;CODÓ;0007;0418;95;68;3;12;15;210;17
07633;CODÓ;0007;0419;108;87;3;13;14;259;34
07633;CODÓ;0007;0420;130;62;4;9;8;233;20
07633;CODÓ;0007;0421;81;43;1;12;8;165;20
07633;CODÓ;0007;0422;86;64;0;5;8;186;23
07633;CODÓ;0007;0423;96;58;2;6;11;187;14
07633;CODÓ;0007;0424;153;85;2;10;8;286;28
07633;CODÓ;0007;0425;146;82;1;12;11;274;22
07633;CODÓ;0007;0428;131;64;1;7;8;235;24
07633;CODÓ;0007;0430;120;72;3;5;8;236;28
07633;CODÓ;0007;0434;133;98;4;8;8;277;26
07633;CODÓ;0007;0435;154;74;3;8;10;272;23
07633;CODÓ;0007;0436;65;73;2;8;7;172;17
07633;CODÓ;0007;0439;103;107;0;9;13;266;34
07633;CODÓ;0007;0440;140;74;2;10;16;273;31
07633;CODÓ;0007;0442;153;85;4;12;12;292;26
07633;CODÓ;0007;0443;96;39;2;2;6;163;18
07692;COROATÁ;0008;0001;69;60;4;4;7;152;8
07692;COROATÁ;0008;0002;106;71;2;1;5;185;0
07692;COROATÁ;0008;0003;86;87;1;1;8;194;11
07692;COROATÁ;0008;0004;108;68;1;5;9;202;11
07692;COROATÁ;0008;0005;98;76;2;1;6;195;12
07692;COROATÁ;0008;0006;87;79;1;3;8;192;14
07692;COROATÁ;0008;0007;99;70;1;4;8;193;11
07692;COROATÁ;0008;0008;94;74;3;5;3;186;7
07692;COROATÁ;0008;0009;92;77;3;5;4;196;15
07692;COROATÁ;0008;0010;83;78;0;3;12;188;12
07692;COROATÁ;0008;0011;109;63;1;4;13;209;19
07692;COROATÁ;0008;0012;93;100;0;0;8;207;6
07692;COROATÁ;0008;0013;96;79;1;4;15;204;9
07692;COROATÁ;0008;0014;98;86;0;3;8;202;7
07692;COROATÁ;0008;0015;90;87;1;3;10;204;13
07692;COROATÁ;0008;0016;96;71;2;3;5;195;18
07692;COROATÁ;0008;0017;92;92;1;4;5;209;15
07692;COROATÁ;0008;0018;95;81;2;3;11;205;13
07692;COROATÁ;0008;0019;99;89;0;3;10;211;10
07692;COROATÁ;0008;0020;104;77;1;0;7;198;9
07692;COROATÁ;0008;0021;101;73;2;4;14;212;18
07692;COROATÁ;0008;0022;139;116;0;3;10;286;18
07692;COROATÁ;0008;0023;96;89;5;9;5;218;14
07692;COROATÁ;0008;0024;120;86;4;2;11;238;15
07692;COROATÁ;0008;0025;134;105;2;5;20;289;23
07692;COROATÁ;0008;0027;153;99;3;6;19;295;15
07692;COROATÁ;0008;0028;130;90;2;4;11;252;15
07692;COROATÁ;0008;0030;82;60;2;2;8;168;14
07692;COROATÁ;0008;0031;117;105;2;2;14;257;17
07692;COROATÁ;0008;0032;89;58;1;0;3;165;14
07692;COROATÁ;0008;0033;114;105;1;2;18;263;23
07692;COROATÁ;0008;0034;88;52;3;0;7;164;14
07692;COROATÁ;0008;0035;109;90;0;7;20;242;16
07692;COROATÁ;0008;0036;69;74;2;5;6;166;10
07692;COROATÁ;0008;0037;85;54;0;1;9;157;8
07692;COROATÁ;0008;0038;82;64;1;1;8;165;9
07692;COROATÁ;0008;0039;64;91;1;5;9;184;14
07692;COROATÁ;0008;0040;93;88;0;2;7;207;17
07692;COROATÁ;0008;0041;76;74;1;8;9;184;16
07692;COROATÁ;0008;0042;103;71;2;3;8;193;6
07692;COROATÁ;0008;0043;78;79;0;5;9;180;9
07692;COROATÁ;0008;0044;102;72;0;3;6;190;7
07692;COROATÁ;0008;0045;85;89;0;2;11;197;10
07692;COROATÁ;0008;0046;84;80;1;0;8;186;13
07692;COROATÁ;0008;0047;122;109;2;7;23;286;23
07692;COROATÁ;0008;0048;119;126;1;6;18;296;26
07692;COROATÁ;0008;0053;88;69;1;5;13;183;7
07692;COROATÁ;0008;0054;101;66;1;5;3;187;11
07692;COROATÁ;0008;0055;96;58;1;2;7;175;11
07692;COROATÁ;0008;0056;69;77;2;2;11;173;12
07692;COROATÁ;0008;0057;90;69;2;4;13;190;12
07692;COROATÁ;0008;0058;104;99;1;5;10;235;16
07692;COROATÁ;0008;0059;122;95;3;4;7;244;13
07692;COROATÁ;0008;0060;75;69;2;3;8;169;12
07692;COROATÁ;0008;0061;72;91;2;3;3;182;11
07692;COROATÁ;0008;0062;77;73;1;2;13;173;7
07692;COROATÁ;0008;0063;99;84;1;4;8;212;16
07692;COROATÁ;0008;0064;96;70;2;1;14;192;9
07692;COROATÁ;0008;0065;117;95;1;8;18;263;24
07692;COROATÁ;0008;0067;90;82;0;6;9;197;10
07692;COROATÁ;0008;0068;124;116;2;4;21;287;20
07692;COROATÁ;0008;0069;112;91;2;1;13;228;9
07692;COROATÁ;0008;0070;121;126;6;7;16;300;24
07692;COROATÁ;0008;0071;76;77;3;2;7;172;7
07692;COROATÁ;0008;0073;104;128;1;2;14;259;10
07692;COROATÁ;0008;0074;102;86;1;2;11;211;9
07692;COROATÁ;0008;0075;127;109;0;5;15;275;19
07692;COROATÁ;0008;0077;101;86;1;2;16;222;16
07692;COROATÁ;0008;0078;122;98;2;12;11;258;13
07692;COROATÁ;0008;0079;122;104;2;3;14;264;19
07692;COROATÁ;0008;0080;98;87;4;2;5;202;6
07692;COROATÁ;0008;0081;116;93;2;5;13;254;25
07692;COROATÁ;0008;0082;72;120;0;1;24;231;14
07692;COROATÁ;0008;0085;134;87;2;2;13;252;14
07692;COROATÁ;0008;0086;109;91;0;3;12;223;8
07692;COROATÁ;0008;0087;117;123;3;1;17;279;18
07692;COROATÁ;0008;0088;137;103;1;1;8;265;15
07692;COROATÁ;0008;0089;107;68;1;6;5;195;8
07692;COROATÁ;0008;0090;140;121;1;6;6;285;11
07692;COROATÁ;0008;0091;106;97;0;3;8;223;9
07692;COROATÁ;0008;0092;100;95;2;4;9;215;5
07692;COROATÁ;0008;0095;109;82;0;4;6;212;11
07692;COROATÁ;0008;0097;104;70;0;5;10;198;9
07692;COROATÁ;0008;0099;89;76;2;5;13;197;12
07692;COROATÁ;0008;0100;94;89;1;0;9;200;7
07692;COROATÁ;0008;0101;79;91;1;4;12;194;7
07692;COROATÁ;0008;0102;87;83;4;5;11;196;6
07692;COROATÁ;0008;0103;101;77;3;3;9;204;11
07692;COROATÁ;0008;0104;73;105;1;10;12;213;12
07692;COROATÁ;0008;0105;83;85;2;6;9;197;12
07692;COROATÁ;0008;0106;84;98;0;1;8;218;27
07692;COROATÁ;0008;0107;84;112;0;4;11;228;17
07692;COROATÁ;0008;0108;89;82;1;3;27;223;21
07692;COROATÁ;0008;0109;83;93;3;3;20;220;18
07692;COROATÁ;0008;0110;79;111;2;1;14;221;14
07692;COROATÁ;0008;0111;88;101;1;4;23;228;11
07692;COROATÁ;0008;0112;119;95;1;4;15;247;13
07692;COROATÁ;0008;0113;110;85;1;7;12;231;16
07692;COROATÁ;0008;0114;124;140;0;2;7;292;19
07692;COROATÁ;0008;0115;134;112;0;6;15;283;16
07692;COROATÁ;0008;0116;132;112;2;3;11;275;15
07692;COROATÁ;0008;0117;127;134;1;2;17;299;18
07692;COROATÁ;0008;0118;128;125;0;2;17;289;17
07692;COROATÁ;0008;0119;143;121;0;7;11;294;12
07692;COROATÁ;0008;0120;79;101;1;0;12;204;11
07692;COROATÁ;0008;0121;108;113;1;6;12;252;12
07692;COROATÁ;0008;0122;92;127;1;4;6;247;17
07692;COROATÁ;0008;0123;119;127;4;5;11;272;6
07692;COROATÁ;0008;0125;128;120;0;9;10;286;19
07692;COROATÁ;0008;0126;137;117;3;5;18;293;13
07692;COROATÁ;0008;0127;135;127;2;2;10;290;14
07692;COROATÁ;0008;0129;135;129;2;7;7;299;19
07692;COROATÁ;0008;0133;38;65;0;1;9;122;9
07692;COROATÁ;0008;0135;78;61;1;4;14;172;14
07692;COROATÁ;0008;0136;100;82;3;2;7;204;10
07692;COROATÁ;0008;0137;99;103;0;3;20;242;17
07692;COROATÁ;0008;0138;91;99;2;4;8;211;7
07692;COROATÁ;0008;0140;46;67;0;1;3;128;11
07692;COROATÁ;0008;0141;98;62;1;1;9;184;13
07692;COROATÁ;0008;0143;105;82;0;4;13;219;15
07692;COROATÁ;0008;0144;110;97;1;2;8;228;10
07692;COROATÁ;0008;0145;104;109;2;8;9;249;17
07692;COROATÁ;0008;0147;111;104;0;0;4;238;19
07692;COROATÁ;0008;0148;126;102;0;1;8;247;10
07692;COROATÁ;0008;0149;131;85;0;0;5;232;11
07692;COROATÁ;0008;0150;99;129;1;3;12;265;21
07692;COROATÁ;0008;0151;84;126;2;3;19;257;23
07692;COROATÁ;0008;0152;68;99;1;4;13;200;15
07692;COROATÁ;0008;0153;82;95;0;3;5;199;14
07692;COROATÁ;0008;0154;81;127;1;1;4;230;16
07692;COROATÁ;0008;0155;89;121;0;6;7;246;23
07692;COROATÁ;0008;0156;85;118;1;1;13;229;11
07692;COROATÁ;0008;0157;81;67;0;2;15;177;12
07692;COROATÁ;0008;0158;78;71;1;1;14;180;15
07692;COROATÁ;0008;0159;69;79;1;2;4;171;16
07692;COROATÁ;0008;0160;68;105;1;1;21;219;23
07692;COROATÁ;0008;0162;72;98;1;3;13;207;20
07692;COROATÁ;0008;0163;62;98;2;5;7;183;9
07692;COROATÁ;0008;0164;73;86;0;1;12;194;22
07692;COROATÁ;0008;0166;58;59;0;3;9;153;24
07692;COROATÁ;0008;0167;72;60;0;2;11;173;28
07692;COROATÁ;0008;0168;65;68;0;4;9;162;16
07692;COROATÁ;0008;0169;60;66;0;2;11;165;26
07692;COROATÁ;0008;0170;86;106;0;6;18;245;29
07692;COROATÁ;0008;0171;105;105;1;2;18;250;19
07692;COROATÁ;0008;0172;76;48;1;3;19;162;15
07692;COROATÁ;0008;0173;71;48;2;3;12;151;15
07692;COROATÁ;0008;0174;85;60;0;5;4;166;12
07692;COROATÁ;0008;0175;75;69;0;3;12;175;16
07692;COROATÁ;0008;0176;71;55;0;5;14;158;13
07692;COROATÁ;0008;0178;84;58;0;2;5;160;11
07692;COROATÁ;0008;0179;64;57;1;1;10;147;14
07692;COROATÁ;0008;0180;134;122;1;2;12;277;6
07692;COROATÁ;0008;0181;96;93;3;3;3;211;13
07692;COROATÁ;0008;0182;146;119;2;3;4;279;5
07692;COROATÁ;0008;0183;124;108;0;6;19;270;13
07692;COROATÁ;0008;0246;51;37;0;1;3;100;8
07692;COROATÁ;0008;0247;140;108;0;9;18;288;13
07692;COROATÁ;0008;0248;97;134;0;2;20;278;25
07692;COROATÁ;0008;0249;38;41;0;2;2;87;4
07838;GODOFREDO VIANA;0064;0034;120;39;1;6;15;192;11
07838;GODOFREDO VIANA;0064;0055;130;63;2;5;15;232;17
07838;GODOFREDO VIANA;0064;0066;104;54;2;2;8;187;17
07838;GODOFREDO VIANA;0064;0075;108;51;0;4;13;199;23
07838;GODOFREDO VIANA;0064;0079;97;69;1;5;6;187;9
07838;GODOFREDO VIANA;0064;0117;104;60;0;2;8;184;10
07838;GODOFREDO VIANA;0064;0118;132;74;5;4;17;269;37
07838;GODOFREDO VIANA;0064;0119;128;51;3;7;5;209;15
07838;GODOFREDO VIANA;0064;0120;47;38;0;0;4;93;4
07838;GODOFREDO VIANA;0064;0130;108;41;0;3;8;174;14
07838;GODOFREDO VIANA;0064;0134;85;127;1;3;19;250;15
07838;GODOFREDO VIANA;0064;0141;50;32;2;1;5;102;12
07838;GODOFREDO VIANA;0064;0143;108;51;1;3;12;195;20
07838;GODOFREDO VIANA;0064;0151;133;47;1;3;13;207;10
07838;GODOFREDO VIANA;0064;0153;122;59;1;5;6;200;7
07838;GODOFREDO VIANA;0064;0162;112;36;3;5;9;173;8
07838;GODOFREDO VIANA;0064;0171;96;47;1;5;7;168;12
07838;GODOFREDO VIANA;0064;0174;106;47;1;3;8;184;19
07838;GODOFREDO VIANA;0064;0175;100;44;0;6;10;179;19
07838;GODOFREDO VIANA;0064;0182;106;60;1;8;6;193;12
07838;GODOFREDO VIANA;0064;0185;124;45;3;2;7;191;10
07838;GODOFREDO VIANA;0064;0186;115;43;0;5;12;197;22
07838;GODOFREDO VIANA;0064;0187;101;50;0;4;9;175;11
07838;GODOFREDO VIANA;0064;0188;91;39;0;6;12;163;15
07838;GODOFREDO VIANA;0064;0190;175;73;2;18;19;308;21
07838;GODOFREDO VIANA;0064;0191;63;20;0;3;10;105;9
07838;GODOFREDO VIANA;0064;0192;98;49;1;2;5;164;9
07838;GODOFREDO VIANA;0064;0207;93;46;1;5;7;170;18
07838;GODOFREDO VIANA;0064;0210;202;76;1;9;11;323;24
07838;GODOFREDO VIANA;0064;0211;118;53;2;3;10;199;13
07838;GODOFREDO VIANA;0064;0212;95;47;0;8;14;175;11
07838;GODOFREDO VIANA;0064;0214;96;51;1;3;3;165;11
07838;GODOFREDO VIANA;0064;0215;101;48;1;1;10;177;16
07838;GODOFREDO VIANA;0064;0221;14;3;3;2;3;30;5
07854;GONÇALVES DIAS;0108;0118;72;110;1;2;14;217;18
07854;GONÇALVES DIAS;0108;0119;86;119;0;3;22;245;15
07854;GONÇALVES DIAS;0108;0121;95;127;1;4;12;249;10
07854;GONÇALVES DIAS;0108;0122;97;113;0;3;6;226;7
07854;GONÇALVES DIAS;0108;0124;88;127;1;0;15;243;12
07854;GONÇALVES DIAS;0108;0125;91;127;1;1;12;237;5
07854;GONÇALVES DIAS;0108;0126;91;132;1;3;6;239;6
07854;GONÇALVES DIAS;0108;0127;109;141;1;4;4;267;8
07854;GONÇALVES DIAS;0108;0128;104;117;2;1;4;236;8
07854;GONÇALVES DIAS;0108;0129;64;68;2;2;9;151;6
07854;GONÇALVES DIAS;0108;0133;101;156;3;4;15;294;15
07854;GONÇALVES DIAS;0108;0134;118;139;1;6;13;294;17
07854;GONÇALVES DIAS;0108;0135;63;81;1;0;11;163;7
07854;GONÇALVES DIAS;0108;0136;133;127;0;4;13;289;12
07854;GONÇALVES DIAS;0108;0137;122;143;3;4;13;296;11
07854;GONÇALVES DIAS;0108;0138;62;67;1;1;3;137;3
07854;GONÇALVES DIAS;0108;0139;56;77;2;1;11;154;7
07854;GONÇALVES DIAS;0108;0140;68;75;0;0;3;147;1
07854;GONÇALVES DIAS;0108;0141;60;72;2;0;6;150;10
07854;GONÇALVES DIAS;0108;0142;108;137;1;3;19;276;8
07854;GONÇALVES DIAS;0108;0144;64;79;0;1;7;158;7
07854;GONÇALVES DIAS;0108;0145;82;83;1;1;2;173;4
07854;GONÇALVES DIAS;0108;0146;75;90;0;3;2;172;2
07854;GONÇALVES DIAS;0108;0147;56;89;0;3;9;164;7
07854;GONÇALVES DIAS;0108;0148;63;77;0;3;7;161;11
07854;GONÇALVES DIAS;0108;0149;80;102;0;2;3;194;7
07854;GONÇALVES DIAS;0108;0150;63;87;1;2;9;168;6
07854;GONÇALVES DIAS;0108;0151;74;93;0;1;4;180;8
07854;GONÇALVES DIAS;0108;0152;59;90;2;4;10;175;10
07854;GONÇALVES DIAS;0108;0153;72;92;2;1;4;177;6
07854;GONÇALVES DIAS;0108;0154;75;84;0;1;8;174;6
07854;GONÇALVES DIAS;0108;0155;57;83;0;5;9;159;5
07854;GONÇALVES DIAS;0108;0156;66;91;0;6;6;182;13
07854;GONÇALVES DIAS;0108;0157;104;132;0;1;3;249;9
07854;GONÇALVES DIAS;0108;0158;112;129;0;0;4;260;15
07854;GONÇALVES DIAS;0108;0159;94;151;0;1;6;260;8
07854;GONÇALVES DIAS;0108;0160;67;89;0;1;10;172;5
07854;GONÇALVES DIAS;0108;0161;77;78;1;2;4;171;9
07854;GONÇALVES DIAS;0108;0162;65;77;0;0;5;161;14
07854;GONÇALVES DIAS;0108;0163;51;86;0;0;6;155;12
07854;GONÇALVES DIAS;0108;0164;66;82;0;4;4;169;13
07854;GONÇALVES DIAS;0108;0165;51;93;1;2;8;165;10
07854;GONÇALVES DIAS;0108;0166;59;74;0;2;10;162;17
07854;GONÇALVES DIAS;0108;0167;82;109;0;1;8;214;14
07854;GONÇALVES DIAS;0108;0168;93;108;0;4;11;231;15
07854;GONÇALVES DIAS;0108;0169;51;84;1;1;12;159;10
07854;GONÇALVES DIAS;0108;0172;110;132;1;4;9;267;11
07854;GONÇALVES DIAS;0108;0174;70;98;1;1;4;179;5
07854;GONÇALVES DIAS;0108;0176;78;126;2;4;5;234;19
07854;GONÇALVES DIAS;0108;0177;120;114;1;2;5;257;15
07854;GONÇALVES DIAS;0108;0178;65;84;0;4;9;173;11
07854;GONÇALVES DIAS;0108;0184;56;66;0;2;4;137;9
07927;MARANHÃOZINHO;0101;0050;85;63;0;3;11;189;27
07927;MARANHÃOZINHO;0101;0051;92;65;0;11;14;212;30
07927;MARANHÃOZINHO;0101;0052;99;51;2;7;5;208;44
07927;MARANHÃOZINHO;0101;0053;84;60;1;8;11;207;43
07927;MARANHÃOZINHO;0101;0054;123;51;0;2;13;225;36
07927;MARANHÃOZINHO;0101;0055;112;57;0;4;16;239;50
07927;MARANHÃOZINHO;0101;0056;125;48;5;5;18;241;40
07927;MARANHÃOZINHO;0101;0057;140;63;6;11;6;266;40
07927;MARANHÃOZINHO;0101;0058;146;69;3;8;10;266;30
07927;MARANHÃOZINHO;0101;0059;151;51;3;4;9;265;47
07927;MARANHÃOZINHO;0101;0060;149;51;5;5;14;272;48
07927;MARANHÃOZINHO;0101;0061;147;53;2;8;13;263;40
07927;MARANHÃOZINHO;0101;0062;172;47;5;7;10;275;34
07927;MARANHÃOZINHO;0101;0063;96;90;0;6;5;216;19
07927;MARANHÃOZINHO;0101;0064;109;78;1;1;6;216;21
07927;MARANHÃOZINHO;0101;0065;90;53;3;6;6;179;21
07927;MARANHÃOZINHO;0101;0066;99;60;0;3;7;189;20
07927;MARANHÃOZINHO;0101;0068;67;23;0;0;1;104;13
07927;MARANHÃOZINHO;0101;0069;124;63;1;3;6;238;41
07927;MARANHÃOZINHO;0101;0078;173;5;0;0;1;185;6
07927;MARANHÃOZINHO;0101;0095;95;28;1;6;5;156;21
07927;MARANHÃOZINHO;0101;0102;107;37;2;5;9;176;16
07927;MARANHÃOZINHO;0101;0104;87;61;1;5;8;187;25
07927;MARANHÃOZINHO;0101;0107;125;50;4;5;14;247;49
07927;MARANHÃOZINHO;0101;0108;118;49;0;4;9;212;32
07927;MARANHÃOZINHO;0101;0112;117;42;1;7;8;198;23
07927;MARANHÃOZINHO;0101;0114;117;48;0;10;11;218;32
07927;MARANHÃOZINHO;0101;0115;92;39;3;12;5;175;24
07927;MARANHÃOZINHO;0101;0116;109;35;0;6;2;169;17
07927;MARANHÃOZINHO;0101;0138;149;48;0;1;2;218;18
07927;MARANHÃOZINHO;0101;0139;65;46;1;2;3;126;9
08125;PRESIDENTE MÉDICI;0080;0011;81;155;1;3;7;259;12
08125;PRESIDENTE MÉDICI;0080;0012;91;168;4;3;12;294;16
08125;PRESIDENTE MÉDICI;0080;0013;100;162;1;4;8;298;23
08125;PRESIDENTE MÉDICI;0080;0014;48;122;2;1;12;196;11
08125;PRESIDENTE MÉDICI;0080;0015;57;123;1;2;3;202;16
08125;PRESIDENTE MÉDICI;0080;0016;55;123;1;0;4;193;10
08125;PRESIDENTE MÉDICI;0080;0038;84;147;1;2;10;262;18
08125;PRESIDENTE MÉDICI;0080;0039;93;141;0;0;17;268;17
08125;PRESIDENTE MÉDICI;0080;0069;70;128;0;2;13;218;5
08125;PRESIDENTE MÉDICI;0080;0080;50;118;0;4;6;186;8
08125;PRESIDENTE MÉDICI;0080;0081;38;118;0;1;8;182;17
08125;PRESIDENTE MÉDICI;0080;0085;31;44;0;2;2;83;4
08125;PRESIDENTE MÉDICI;0080;0104;65;109;0;3;4;193;12
08125;PRESIDENTE MÉDICI;0080;0105;29;59;1;1;8;103;5
08125;PRESIDENTE MÉDICI;0080;0132;109;164;0;5;11;301;12
08125;PRESIDENTE MÉDICI;0080;0134;40;81;0;1;4;132;6
08125;PRESIDENTE MÉDICI;0080;0142;82;152;1;3;6;259;15
08125;PRESIDENTE MÉDICI;0080;0156;88;156;0;0;10;264;10
08125;PRESIDENTE MÉDICI;0080;0166;30;70;2;0;6;130;22
08125;PRESIDENTE MÉDICI;0080;0171;46;60;0;1;16;126;3
08125;PRESIDENTE MÉDICI;0080;0172;105;164;3;0;5;290;13
08125;PRESIDENTE MÉDICI;0080;0174;64;81;0;1;2;153;5
08192;LIMA CAMPOS;0067;0001;107;42;3;3;14;178;9
08192;LIMA CAMPOS;0067;0002;108;51;4;3;10;193;17
08192;LIMA CAMPOS;0067;0003;108;53;5;3;13;192;10
08192;LIMA CAMPOS;0067;0005;97;48;2;6;14;177;10
08192;LIMA CAMPOS;0067;0006;76;39;3;2;18;149;11
08192;LIMA CAMPOS;0067;0008;82;63;0;3;14;179;17
08192;LIMA CAMPOS;0067;0010;116;59;0;4;10;202;13
08192;LIMA CAMPOS;0067;0011;114;58;1;3;14;211;21
08192;LIMA CAMPOS;0067;0013;167;76;2;6;15;288;22
08192;LIMA CAMPOS;0067;0014;179;74;5;3;17;299;21
08192;LIMA CAMPOS;0067;0018;151;79;1;6;13;260;10
08192;LIMA CAMPOS;0067;0023;85;87;4;3;15;202;8
08192;LIMA CAMPOS;0067;0026;92;75;3;6;12;198;10
08192;LIMA CAMPOS;0067;0027;89;44;2;12;8;168;13
08192;LIMA CAMPOS;0067;0032;102;131;1;3;24;282;21
08192;LIMA CAMPOS;0067;0034;101;67;3;4;20;207;12
08192;LIMA CAMPOS;0067;0036;121;83;0;4;13;259;38
08192;LIMA CAMPOS;0067;0038;108;63;3;6;4;190;6
08192;LIMA CAMPOS;0067;0059;144;78;5;9;24;282;22
08192;LIMA CAMPOS;0067;0064;79;85;0;2;6;181;9
08192;LIMA CAMPOS;0067;0065;115;124;0;2;6;296;49
08192;LIMA CAMPOS;0067;0076;115;39;1;1;7;179;16
08192;LIMA CAMPOS;0067;0077;95;29;2;7;11;150;6
08192;LIMA CAMPOS;0067;0079;122;127;1;4;25;308;29
08192;LIMA CAMPOS;0067;0090;76;68;8;3;13;188;20
08192;LIMA CAMPOS;0067;0092;155;70;2;11;10;254;6
08192;LIMA CAMPOS;0067;0094;99;66;1;5;20;206;15
08192;LIMA CAMPOS;0067;0095;52;86;0;4;8;161;11
08192;LIMA CAMPOS;0067;0099;103;73;2;2;7;199;12
08192;LIMA CAMPOS;0067;0101;64;38;1;11;10;135;11
08192;LIMA CAMPOS;0067;0102;192;75;4;5;17;306;13
08192;LIMA CAMPOS;0067;0107;100;69;1;4;7;189;8
08192;LIMA CAMPOS;0067;0109;105;54;0;3;4;178;12
08192;LIMA CAMPOS;0067;0111;127;76;2;7;7;228;9
08192;LIMA CAMPOS;0067;0113;115;43;1;3;7;179;10
08192;LIMA CAMPOS;0067;0114;96;55;0;4;9;174;10
08192;LIMA CAMPOS;0067;0115;91;68;1;7;9;186;10
08192;LIMA CAMPOS;0067;0120;117;46;3;4;17;194;7
08192;LIMA CAMPOS;0067;0125;129;43;3;4;13;203;11
08192;LIMA CAMPOS;0067;0132;150;69;2;9;19;258;9
08192;LIMA CAMPOS;0067;0133;146;80;1;4;14;256;11
08192;LIMA CAMPOS;0067;0137;110;69;0;10;8;220;23
08265;SÃO DOMINGOS DO AZEITÃO;0062;0053;107;84;0;1;6;207;9
08265;SÃO DOMINGOS DO AZEITÃO;0062;0054;121;60;1;5;7;208;14
08265;SÃO DOMINGOS DO AZEITÃO;0062;0055;135;59;2;3;7;217;11
08265;SÃO DOMINGOS DO AZEITÃO;0062;0056;120;61;0;6;8;202;7
08265;SÃO DOMINGOS DO AZEITÃO;0062;0057;107;70;2;3;15;207;10
08265;SÃO DOMINGOS DO AZEITÃO;0062;0058;190;64;4;1;16;286;11
08265;SÃO DOMINGOS DO AZEITÃO;0062;0059;172;74;0;5;26;298;21
08265;SÃO DOMINGOS DO AZEITÃO;0062;0060;162;83;3;5;15;282;14
08265;SÃO DOMINGOS DO AZEITÃO;0062;0061;155;88;1;2;14;279;19
08265;SÃO DOMINGOS DO AZEITÃO;0062;0062;160;78;2;1;12;269;16
08265;SÃO DOMINGOS DO AZEITÃO;0062;0063;135;95;1;3;15;266;17
08265;SÃO DOMINGOS DO AZEITÃO;0062;0064;148;83;2;2;19;270;16
08265;SÃO DOMINGOS DO AZEITÃO;0062;0065;93;99;0;1;12;218;13
08265;SÃO DOMINGOS DO AZEITÃO;0062;0066;112;70;2;1;14;213;14
08265;SÃO DOMINGOS DO AZEITÃO;0062;0067;100;67;1;6;9;195;12
08265;SÃO DOMINGOS DO AZEITÃO;0062;0068;84;84;0;4;8;193;13
08265;SÃO DOMINGOS DO AZEITÃO;0062;0069;162;101;4;3;4;295;21
08265;SÃO DOMINGOS DO AZEITÃO;0062;0071;158;100;3;1;10;288;16
08265;SÃO DOMINGOS DO AZEITÃO;0062;0073;50;27;0;1;2;92;12
08265;SÃO DOMINGOS DO AZEITÃO;0062;0074;63;76;0;0;4;148;5
08265;SÃO DOMINGOS DO AZEITÃO;0062;0076;171;71;2;1;8;263;10
08265;SÃO DOMINGOS DO AZEITÃO;0062;0077;155;78;5;1;11;260;10
08265;SÃO DOMINGOS DO AZEITÃO;0062;0092;138;57;3;4;5;214;7
08265;SÃO DOMINGOS DO AZEITÃO;0062;0093;83;68;0;0;12;178;15
08265;SÃO DOMINGOS DO AZEITÃO;0062;0094;49;24;3;1;5;86;4
08443;SÃO ROBERTO;0061;0036;69;108;0;2;9;200;12
08443;SÃO ROBERTO;0061;0039;59;88;0;2;5;164;10
08443;SÃO ROBERTO;0061;0084;53;126;0;3;7;200;11
08443;SÃO ROBERTO;0061;0085;55;122;1;3;12;211;18
08443;SÃO ROBERTO;0061;0089;65;126;1;1;6;210;11
08443;SÃO ROBERTO;0061;0090;65;92;0;2;9;180;12
08443;SÃO ROBERTO;0061;0091;60;125;1;0;5;207;16
08443;SÃO ROBERTO;0061;0110;63;129;0;2;9;216;13
08443;SÃO ROBERTO;0061;0122;68;96;0;2;8;182;8
08443;SÃO ROBERTO;0061;0123;61;139;0;1;2;211;8
08443;SÃO ROBERTO;0061;0144;57;108;0;2;8;190;15
08443;SÃO ROBERTO;0061;0145;55;125;3;2;6;214;23
08443;SÃO ROBERTO;0061;0154;31;47;0;0;2;91;11
08443;SÃO ROBERTO;0061;0162;81;98;0;2;11;200;8
08443;SÃO ROBERTO;0061;0164;50;80;2;2;2;148;12
08443;SÃO ROBERTO;0061;0165;33;60;0;2;2;101;4
08443;SÃO ROBERTO;0061;0192;56;130;0;1;7;208;14
08443;SÃO ROBERTO;0061;0193;75;118;0;1;7;218;17
08443;SÃO ROBERTO;0061;0195;66;116;0;5;7;214;20
08486;SENADOR ALEXANDRE COSTA;0006;0164;86;114;1;7;10;236;18
08486;SENADOR ALEXANDRE COSTA;0006;0165;89;104;2;5;9;229;20
08486;SENADOR ALEXANDRE COSTA;0006;0166;94;115;0;7;12;255;27
08486;SENADOR ALEXANDRE COSTA;0006;0167;78;104;4;5;17;235;27
08486;SENADOR ALEXANDRE COSTA;0006;0168;83;113;1;4;5;231;25
08486;SENADOR ALEXANDRE COSTA;0006;0169;91;114;1;3;11;240;20
08486;SENADOR ALEXANDRE COSTA;0006;0170;103;104;4;3;20;254;20
08486;SENADOR ALEXANDRE COSTA;0006;0171;98;112;2;7;17;258;22
08486;SENADOR ALEXANDRE COSTA;0006;0172;94;106;5;3;19;255;28
08486;SENADOR ALEXANDRE COSTA;0006;0173;55;93;1;4;9;175;13
08486;SENADOR ALEXANDRE COSTA;0006;0174;70;80;2;4;12;186;18
08486;SENADOR ALEXANDRE COSTA;0006;0175;64;91;0;7;10;183;11
08486;SENADOR ALEXANDRE COSTA;0006;0176;65;83;2;3;9;187;25
08486;SENADOR ALEXANDRE COSTA;0006;0177;73;74;3;10;10;180;10
08486;SENADOR ALEXANDRE COSTA;0006;0178;79;83;2;4;10;201;23
08486;SENADOR ALEXANDRE COSTA;0006;0179;59;61;2;3;5;144;14
08486;SENADOR ALEXANDRE COSTA;0006;0180;36;85;0;0;4;149;24
08486;SENADOR ALEXANDRE COSTA;0006;0181;48;106;1;6;9;189;19
08486;SENADOR ALEXANDRE COSTA;0006;0183;52;92;2;1;4;165;14
08486;SENADOR ALEXANDRE COSTA;0006;0184;60;81;2;2;5;159;9
08486;SENADOR ALEXANDRE COSTA;0006;0185;51;92;1;1;3;159;11
08486;SENADOR ALEXANDRE COSTA;0006;0186;50;95;3;2;7;176;19
08486;SENADOR ALEXANDRE COSTA;0006;0187;37;134;0;4;4;193;14
08486;SENADOR ALEXANDRE COSTA;0006;0188;42;115;0;2;8;183;16
08486;SENADOR ALEXANDRE COSTA;0006;0189;44;119;3;1;8;191;16
08486;SENADOR ALEXANDRE COSTA;0006;0190;44;121;4;7;9;201;16
08486;SENADOR ALEXANDRE COSTA;0006;0191;124;92;0;8;9;257;24
08486;SENADOR ALEXANDRE COSTA;0006;0192;87;103;1;8;8;223;16
08486;SENADOR ALEXANDRE COSTA;0006;0193;33;72;0;5;8;129;11
08486;SENADOR ALEXANDRE COSTA;0006;0194;19;65;0;6;3;104;11
08486;SENADOR ALEXANDRE COSTA;0006;0195;58;146;1;2;9;241;25
08486;SENADOR ALEXANDRE COSTA;0006;0196;83;125;0;8;19;256;21
08958;SANTA HELENA;0083;0001;168;76;2;3;16;278;13
08958;SANTA HELENA;0083;0002;162;79;3;3;11;271;13
08958;SANTA HELENA;0083;0003;152;81;1;1;11;259;13
08958;SANTA HELENA;0083;0004;131;66;1;0;5;214;11
08958;SANTA HELENA;0083;0006;133;79;1;1;12;240;14
08958;SANTA HELENA;0083;0007;120;81;2;8;5;238;22
08958;SANTA HELENA;0083;0008;126;85;1;2;7;232;11
08958;SANTA HELENA;0083;0010;109;57;2;4;6;190;12
08958;SANTA HELENA;0083;0011;113;53;1;0;9;191;15
08958;SANTA HELENA;0083;0012;121;57;1;4;5;198;10
08958;SANTA HELENA;0083;0013;108;65;5;3;4;199;14
08958;SANTA HELENA;0083;0014;98;60;3;1;8;184;14
08958;SANTA HELENA;0083;0015;117;73;0;5;7;218;16
08958;SANTA HELENA;0083;0016;131;72;2;1;9;225;10
08958;SANTA HELENA;0083;0018;158;80;0;1;12;274;23
08958;SANTA HELENA;0083;0019;172;72;2;3;5;275;21
08958;SANTA HELENA;0083;0020;128;71;1;4;8;229;17
08958;SANTA HELENA;0083;0022;136;62;0;2;8;219;11
08958;SANTA HELENA;0083;0023;119;66;3;5;12;217;12
08958;SANTA HELENA;0083;0024;139;58;0;5;7;223;14
08958;SANTA HELENA;0083;0025;144;77;0;4;17;256;14
08958;SANTA HELENA;0083;0030;103;62;5;4;7;193;12
08958;SANTA HELENA;0083;0031;120;61;0;0;8;202;13
08958;SANTA HELENA;0083;0032;109;60;0;5;9;192;9
08958;SANTA HELENA;0083;0033;142;93;2;3;14;269;15
08958;SANTA HELENA;0083;0035;97;63;0;3;10;197;24
08958;SANTA HELENA;0083;0037;92;100;2;2;8;235;31
08958;SANTA HELENA;0083;0039;73;66;0;5;3;166;19
08958;SANTA HELENA;0083;0040;69;120;0;0;4;198;5
08958;SANTA HELENA;0083;0041;62;76;0;0;6;147;3
08958;SANTA HELENA;0083;0042;2;4;0;0;2;9;1
08958;SANTA HELENA;0083;0046;49;76;1;4;9;150;11
08958;SANTA HELENA;0083;0047;57;45;0;1;7;115;5
08958;SANTA HELENA;0083;0050;24;127;0;0;5;160;4
08958;SANTA HELENA;0083;0052;122;45;0;3;4;188;14
08958;SANTA HELENA;0083;0053;72;39;0;4;2;122;5
08958;SANTA HELENA;0083;0054;65;31;0;5;2;115;12
08958;SANTA HELENA;0083;0055;121;78;4;9;13;245;20
08958;SANTA HELENA;0083;0056;132;65;1;2;13;229;16
08958;SANTA HELENA;0083;0057;136;78;1;2;8;238;13
08958;SANTA HELENA;0083;0058;127;88;2;3;5;244;19
08958;SANTA HELENA;0083;0059;119;85;1;3;9;233;16
08958;SANTA HELENA;0083;0060;66;89;0;0;5;169;9
08958;SANTA HELENA;0083;0061;96;73;0;2;6;204;27
08958;SANTA HELENA;0083;0062;126;71;1;4;6;222;14
08958;SANTA HELENA;0083;0063;92;73;0;1;2;185;17
08958;SANTA HELENA;0083;0081;61;91;0;0;7;168;9
08958;SANTA HELENA;0083;0082;142;124;0;5;5;287;11
08958;SANTA HELENA;0083;0083;80;39;0;1;6;147;21
08958;SANTA HELENA;0083;0093;27;52;0;0;1;94;14
08958;SANTA HELENA;0083;0094;49;72;0;1;6;136;8
08958;SANTA HELENA;0083;0100;54;80;0;4;9;155;8
08958;SANTA HELENA;0083;0101;103;67;0;0;8;192;14
08958;SANTA HELENA;0083;0105;172;76;3;3;12;276;10
08958;SANTA HELENA;0083;0106;80;77;1;1;6;175;10
08958;SANTA HELENA;0083;0107;25;24;0;2;2;57;4
08958;SANTA HELENA;0083;0108;144;90;2;1;7;254;10
08958;SANTA HELENA;0083;0109;15;56;0;4;7;108;26
08958;SANTA HELENA;0083;0110;67;104;0;1;8;184;4
08958;SANTA HELENA;0083;0111;171;72;2;2;12;275;16
08958;SANTA HELENA;0083;0112;16;57;0;1;5;85;6
08958;SANTA HELENA;0083;0113;125;101;0;5;7;255;17
08958;SANTA HELENA;0083;0114;42;87;2;0;4;155;20
08958;SANTA HELENA;0083;0115;61;46;1;0;4;136;24
08958;SANTA HELENA;0083;0120;110;65;2;6;5;205;17
08958;SANTA HELENA;0083;0121;153;89;2;6;7;277;20
08958;SANTA HELENA;0083;0128;80;24;1;0;2;115;8
08958;SANTA HELENA;0083;0129;117;58;0;2;8;201;16
08958;SANTA HELENA;0083;0130;132;53;1;8;6;209;9
08958;SANTA HELENA;0083;0131;142;57;2;6;10;230;13
08958;SANTA HELENA;0083;0132;172;93;2;2;11;297;17
08958;SANTA HELENA;0083;0136;140;77;1;1;11;248;18
08958;SANTA HELENA;0083;0138;116;85;0;3;12;230;14
08958;SANTA HELENA;0083;0142;119;67;0;7;6;213;14
08958;SANTA HELENA;0083;0144;38;18;0;0;0;61;5
08958;SANTA HELENA;0083;0145;151;94;0;3;6;259;5
08958;SANTA HELENA;0083;0146;28;96;0;0;1;127;2
08958;SANTA HELENA;0083;0150;139;79;0;3;3;235;11
08958;SANTA HELENA;0083;0152;139;48;3;4;10;215;11
08958;SANTA HELENA;0083;0153;71;104;0;4;5;191;7
08958;SANTA HELENA;0083;0155;120;57;0;2;10;205;16
08958;SANTA HELENA;0083;0157;23;26;0;0;1;50;0
08958;SANTA HELENA;0083;0160;19;20;0;1;0;47;7
08958;SANTA HELENA;0083;0163;106;65;3;3;3;184;4
08958;SANTA HELENA;0083;0167;103;73;0;8;18;221;19
08958;SANTA HELENA;0083;0168;38;92;0;1;4;138;3
08958;SANTA HELENA;0083;0169;44;58;0;2;2;113;7
08958;SANTA HELENA;0083;0170;5;45;0;0;0;52;2
08958;SANTA HELENA;0083;0171;105;54;1;6;5;192;21
08958;SANTA HELENA;0083;0172;23;47;0;1;4;79;4
08958;SANTA HELENA;0083;0174;119;55;2;7;9;198;6
08958;SANTA HELENA;0083;0175;125;58;0;4;10;212;15
08958;SANTA HELENA;0083;0177;29;70;0;0;2;110;9
08958;SANTA HELENA;0083;0178;32;25;0;0;1;68;10
08958;SANTA HELENA;0083;0179;10;33;0;0;2;53;8
08958;SANTA HELENA;0083;0189;37;20;1;0;3;61;0
08958;SANTA HELENA;0083;0192;136;71;2;5;10;236;12
08958;SANTA HELENA;0083;0194;43;30;0;0;4;90;13
09113;SÃO DOMINGOS DO MARANHÃO;0060;0001;56;67;1;4;6;146;12
09113;SÃO DOMINGOS DO MARANHÃO;0060;0002;53;78;1;3;8;152;9
09113;SÃO DOMINGOS DO MARANHÃO;0060;0003;51;70;1;4;10;142;6
09113;SÃO DOMINGOS DO MARANHÃO;0060;0004;61;73;0;2;7;154;11
09113;SÃO DOMINGOS DO MARANHÃO;0060;0006;109;127;3;5;17;276;15
09113;SÃO DOMINGOS DO MARANHÃO;0060;0008;112;99;0;9;29;271;22
09113;SÃO DOMINGOS DO MARANHÃO;0060;0009;106;131;2;5;8;269;17
09113;SÃO DOMINGOS DO MARANHÃO;0060;0010;116;110;2;4;12;259;15
09113;SÃO DOMINGOS DO MARANHÃO;0060;0011;140;98;2;5;17;273;11
09113;SÃO DOMINGOS DO MARANHÃO;0060;0012;133;123;5;2;10;290;17
09113;SÃO DOMINGOS DO MARANHÃO;0060;0013;139;111;5;5;15;294;19
09113;SÃO DOMINGOS DO MARANHÃO;0060;0014;132;112;2;6;12;274;10
09113;SÃO DOMINGOS DO MARANHÃO;0060;0015;144;103;2;7;16;285;13
09113;SÃO DOMINGOS DO MARANHÃO;0060;0017;88;101;2;4;9;215;11
09113;SÃO DOMINGOS DO MARANHÃO;0060;0018;94;106;1;6;7;223;9
09113;SÃO DOMINGOS DO MARANHÃO;0060;0019;83;116;2;5;14;228;8
09113;SÃO DOMINGOS DO MARANHÃO;0060;0020;127;95;2;5;14;258;15
09113;SÃO DOMINGOS DO MARANHÃO;0060;0021;126;106;0;1;14;262;15
09113;SÃO DOMINGOS DO MARANHÃO;0060;0022;123;113;1;4;10;259;8
09113;SÃO DOMINGOS DO MARANHÃO;0060;0023;125;111;1;4;10;265;14
09113;SÃO DOMINGOS DO MARANHÃO;0060;0025;36;42;2;3;13;102;6
09113;SÃO DOMINGOS DO MARANHÃO;0060;0026;109;109;1;5;28;265;13
09113;SÃO DOMINGOS DO MARANHÃO;0060;0027;57;81;0;7;25;197;27
09113;SÃO DOMINGOS DO MARANHÃO;0060;0028;63;81;1;7;27;197;18
09113;SÃO DOMINGOS DO MARANHÃO;0060;0029;75;117;1;9;26;244;16
09113;SÃO DOMINGOS DO MARANHÃO;0060;0038;46;88;1;3;7;156;11
09113;SÃO DOMINGOS DO MARANHÃO;0060;0039;46;81;2;4;10;149;6
09113;SÃO DOMINGOS DO MARANHÃO;0060;0040;40;109;5;4;16;188;14
09113;SÃO DOMINGOS DO MARANHÃO;0060;0041;30;133;1;5;14;192;9
09113;SÃO DOMINGOS DO MARANHÃO;0060;0042;57;187;2;2;22;288;18
09113;SÃO DOMINGOS DO MARANHÃO;0060;0044;100;95;1;10;20;238;12
09113;SÃO DOMINGOS DO MARANHÃO;0060;0045;22;118;3;5;17;175;10
09113;SÃO DOMINGOS DO MARANHÃO;0060;0046;59;130;0;6;13;229;21
09113;SÃO DOMINGOS DO MARANHÃO;0060;0047;28;147;4;7;10;201;5
09113;SÃO DOMINGOS DO MARANHÃO;0060;0048;38;136;4;3;14;203;8
09113;SÃO DOMINGOS DO MARANHÃO;0060;0049;124;142;3;5;14;304;16
09113;SÃO DOMINGOS DO MARANHÃO;0060;0051;26;120;0;5;10;174;13
09113;SÃO DOMINGOS DO MARANHÃO;0060;0052;80;112;3;13;18;251;25
09113;SÃO DOMINGOS DO MARANHÃO;0060;0056;56;107;1;3;28;210;15
09113;SÃO DOMINGOS DO MARANHÃO;0060;0057;53;94;1;2;15;175;10
09113;SÃO DOMINGOS DO MARANHÃO;0060;0058;65;180;0;8;8;272;11
09113;SÃO DOMINGOS DO MARANHÃO;0060;0059;39;147;2;9;17;222;8
09113;SÃO DOMINGOS DO MARANHÃO;0060;0060;54;172;1;3;20;267;17
09113;SÃO DOMINGOS DO MARANHÃO;0060;0062;73;119;0;4;15;223;12
09113;SÃO DOMINGOS DO MARANHÃO;0060;0064;127;114;4;4;13;274;12
09113;SÃO DOMINGOS DO MARANHÃO;0060;0065;54;88;0;2;14;164;6
09113;SÃO DOMINGOS DO MARANHÃO;0060;0067;121;118;5;10;21;287;12
09113;SÃO DOMINGOS DO MARANHÃO;0060;0068;45;126;5;1;9;195;9
09113;SÃO DOMINGOS DO MARANHÃO;0060;0073;83;97;2;10;24;258;42
09113;SÃO DOMINGOS DO MARANHÃO;0060;0083;69;127;3;3;17;231;12
09113;SÃO DOMINGOS DO MARANHÃO;0060;0084;112;133;2;9;17;296;23
09113;SÃO DOMINGOS DO MARANHÃO;0060;0085;132;127;1;9;22;302;11
09113;SÃO DOMINGOS DO MARANHÃO;0060;0086;88;132;0;12;17;263;14
09113;SÃO DOMINGOS DO MARANHÃO;0060;0087;84;94;3;7;23;231;20
09113;SÃO DOMINGOS DO MARANHÃO;0060;0088;55;99;0;7;14;182;7
09113;SÃO DOMINGOS DO MARANHÃO;0060;0089;83;54;0;3;7;149;2
09113;SÃO DOMINGOS DO MARANHÃO;0060;0096;127;118;0;7;24;291;15
09113;SÃO DOMINGOS DO MARANHÃO;0060;0097;98;119;3;14;16;276;26
09113;SÃO DOMINGOS DO MARANHÃO;0060;0098;25;87;0;0;14;139;13
09113;SÃO DOMINGOS DO MARANHÃO;0060;0099;38;193;0;3;13;254;7
09113;SÃO DOMINGOS DO MARANHÃO;0060;0108;123;124;3;8;10;276;8
09113;SÃO DOMINGOS DO MARANHÃO;0060;0109;26;75;0;5;3;111;2
09113;SÃO DOMINGOS DO MARANHÃO;0060;0110;80;90;0;2;14;192;6
09113;SÃO DOMINGOS DO MARANHÃO;0060;0111;128;117;5;8;15;296;23
09113;SÃO DOMINGOS DO MARANHÃO;0060;0112;87;83;0;7;8;196;11
09113;SÃO DOMINGOS DO MARANHÃO;0060;0114;38;99;1;5;14;165;8
09113;SÃO DOMINGOS DO MARANHÃO;0060;0116;55;68;1;3;9;142;6
09113;SÃO DOMINGOS DO MARANHÃO;0060;0117;104;96;6;2;13;231;10
09113;SÃO DOMINGOS DO MARANHÃO;0060;0119;78;96;2;16;17;222;13
09113;SÃO DOMINGOS DO MARANHÃO;0060;0120;54;169;0;6;15;258;14
09113;SÃO DOMINGOS DO MARANHÃO;0060;0121;73;116;4;8;9;227;17
09113;SÃO DOMINGOS DO MARANHÃO;0060;0122;58;120;1;7;11;208;11
09113;SÃO DOMINGOS DO MARANHÃO;0060;0124;21;124;2;8;11;178;12
09113;SÃO DOMINGOS DO MARANHÃO;0060;0125;62;141;0;8;10;242;21
09113;SÃO DOMINGOS DO MARANHÃO;0060;0128;58;148;0;9;13;238;10
09113;SÃO DOMINGOS DO MARANHÃO;0060;0130;71;128;3;5;11;231;13
09113;SÃO DOMINGOS DO MARANHÃO;0060;0131;128;124;0;9;18;290;11
09113;SÃO DOMINGOS DO MARANHÃO;0060;0132;65;109;2;6;14;206;10
09113;SÃO DOMINGOS DO MARANHÃO;0060;0133;67;142;1;6;7;232;9
09113;SÃO DOMINGOS DO MARANHÃO;0060;0135;96;105;3;13;9;247;21
09113;SÃO DOMINGOS DO MARANHÃO;0060;0137;116;117;1;4;15;261;8
09113;SÃO DOMINGOS DO MARANHÃO;0060;0140;105;106;2;6;12;243;12
09113;SÃO DOMINGOS DO MARANHÃO;0060;0141;31;123;2;4;5;182;17
09113;SÃO DOMINGOS DO MARANHÃO;0060;0142;134;111;2;8;13;284;16
09113;SÃO DOMINGOS DO MARANHÃO;0060;0143;78;158;0;7;12;271;16
09113;SÃO DOMINGOS DO MARANHÃO;0060;0146;53;168;0;1;4;234;8
09113;SÃO DOMINGOS DO MARANHÃO;0060;0149;63;146;1;11;10;240;9
09113;SÃO DOMINGOS DO MARANHÃO;0060;0151;151;112;1;4;10;291;13
09113;SÃO DOMINGOS DO MARANHÃO;0060;0154;127;114;2;7;13;276;13
09113;SÃO DOMINGOS DO MARANHÃO;0060;0155;62;96;0;5;8;176;5
09113;SÃO DOMINGOS DO MARANHÃO;0060;0157;70;126;0;3;16;227;12
09113;SÃO DOMINGOS DO MARANHÃO;0060;0158;95;105;2;9;25;257;21
09113;SÃO DOMINGOS DO MARANHÃO;0060;0159;77;126;1;9;16;242;13
09113;SÃO DOMINGOS DO MARANHÃO;0060;0161;107;99;0;4;8;224;6
09113;SÃO DOMINGOS DO MARANHÃO;0060;0162;61;72;2;8;20;181;18
09113;SÃO DOMINGOS DO MARANHÃO;0060;0163;145;94;2;8;13;278;16
09113;SÃO DOMINGOS DO MARANHÃO;0060;0195;77;98;1;5;15;211;15
09113;SÃO DOMINGOS DO MARANHÃO;0060;0196;64;70;0;0;5;144;5
09113;SÃO DOMINGOS DO MARANHÃO;0060;0197;55;70;0;2;4;133;2
09113;SÃO DOMINGOS DO MARANHÃO;0060;0198;86;77;1;5;8;182;5
09113;SÃO DOMINGOS DO MARANHÃO;0060;0200;87;98;1;4;10;217;17
09113;SÃO DOMINGOS DO MARANHÃO;0060;0201;48;93;1;6;3;154;3
09113;SÃO DOMINGOS DO MARANHÃO;0060;0202;28;95;0;4;7;137;3
09130;SÃO FÉLIX DE BALSAS;0062;0015;96;86;1;4;21;233;25
09130;SÃO FÉLIX DE BALSAS;0062;0022;82;55;2;0;10;166;17
09130;SÃO FÉLIX DE BALSAS;0062;0038;75;54;3;4;16;174;22
09130;SÃO FÉLIX DE BALSAS;0062;0039;100;89;1;3;12;216;11
09130;SÃO FÉLIX DE BALSAS;0062;0045;131;112;7;5;10;291;26
09130;SÃO FÉLIX DE BALSAS;0062;0079;94;68;2;1;13;202;24
09130;SÃO FÉLIX DE BALSAS;0062;0080;43;67;0;1;5;126;10
09130;SÃO FÉLIX DE BALSAS;0062;0082;59;68;3;2;13;160;15
09130;SÃO FÉLIX DE BALSAS;0062;0083;84;60;3;3;11;173;12
09130;SÃO FÉLIX DE BALSAS;0062;0084;71;58;1;0;13;172;29
09130;SÃO FÉLIX DE BALSAS;0062;0085;146;88;7;3;12;279;23
09130;SÃO FÉLIX DE BALSAS;0062;0086;62;56;1;2;1;133;11
09130;SÃO FÉLIX DE BALSAS;0062;0087;70;72;2;2;8;177;23
09130;SÃO FÉLIX DE BALSAS;0062;0088;84;61;2;3;4;167;13
09130;SÃO FÉLIX DE BALSAS;0062;0089;79;100;1;2;21;216;13
09130;SÃO FÉLIX DE BALSAS;0062;0090;102;64;0;0;13;192;13
09130;SÃO FÉLIX DE BALSAS;0062;0091;97;97;1;1;17;220;7
09156;SÃO FRANCISCO DO MARANHÃO;0021;0030;89;162;0;10;18;296;17
09156;SÃO FRANCISCO DO MARANHÃO;0021;0038;115;53;0;6;6;199;19
09156;SÃO FRANCISCO DO MARANHÃO;0021;0040;84;116;0;5;28;274;41
09156;SÃO FRANCISCO DO MARANHÃO;0021;0041;63;83;2;5;10;179;16
09156;SÃO FRANCISCO DO MARANHÃO;0021;0046;88;63;3;13;13;198;18
09156;SÃO FRANCISCO DO MARANHÃO;0021;0048;79;47;0;15;13;165;11
09156;SÃO FRANCISCO DO MARANHÃO;0021;0056;115;70;1;8;8;219;17
09156;SÃO FRANCISCO DO MARANHÃO;0021;0060;93;79;2;7;10;208;17
09156;SÃO FRANCISCO DO MARANHÃO;0021;0063;100;71;0;14;9;209;15
09156;SÃO FRANCISCO DO MARANHÃO;0021;0064;44;39;0;2;7;103;11
09156;SÃO FRANCISCO DO MARANHÃO;0021;0072;116;69;0;8;14;227;20
09156;SÃO FRANCISCO DO MARANHÃO;0021;0073;107;48;1;8;5;183;14
09156;SÃO FRANCISCO DO MARANHÃO;0021;0074;92;39;0;7;8;156;10
09156;SÃO FRANCISCO DO MARANHÃO;0021;0075;116;75;2;14;18;242;17
09156;SÃO FRANCISCO DO MARANHÃO;0021;0077;84;53;3;6;6;165;13
09156;SÃO FRANCISCO DO MARANHÃO;0021;0078;93;70;1;11;19;211;17
09156;SÃO FRANCISCO DO MARANHÃO;0021;0079;103;60;3;7;14;199;12
09156;SÃO FRANCISCO DO MARANHÃO;0021;0080;113;59;1;20;11;219;15
09156;SÃO FRANCISCO DO MARANHÃO;0021;0081;94;69;1;7;18;211;22
09156;SÃO FRANCISCO DO MARANHÃO;0021;0082;84;34;0;6;15;152;13
09156;SÃO FRANCISCO DO MARANHÃO;0021;0083;77;50;4;7;15;168;15
09156;SÃO FRANCISCO DO MARANHÃO;0021;0084;83;48;2;4;11;161;13
09156;SÃO FRANCISCO DO MARANHÃO;0021;0085;74;54;2;6;13;160;11
09156;SÃO FRANCISCO DO MARANHÃO;0021;0086;52;138;4;3;18;241;26
09156;SÃO FRANCISCO DO MARANHÃO;0021;0087;65;122;2;6;17;237;25
09156;SÃO FRANCISCO DO MARANHÃO;0021;0088;34;70;1;2;9;133;17
09156;SÃO FRANCISCO DO MARANHÃO;0021;0091;87;68;1;5;9;191;21
09156;SÃO FRANCISCO DO MARANHÃO;0021;0092;80;68;0;8;10;179;13
09156;SÃO FRANCISCO DO MARANHÃO;0021;0093;156;80;1;11;18;313;47
09156;SÃO FRANCISCO DO MARANHÃO;0021;0095;70;41;0;3;9;146;23
09156;SÃO FRANCISCO DO MARANHÃO;0021;0097;101;58;1;7;11;190;12
09156;SÃO FRANCISCO DO MARANHÃO;0021;0098;101;60;1;7;6;193;18
09156;SÃO FRANCISCO DO MARANHÃO;0021;0099;141;77;1;12;13;262;18
09156;SÃO FRANCISCO DO MARANHÃO;0021;0101;126;92;2;8;14;256;14
09156;SÃO FRANCISCO DO MARANHÃO;0021;0103;134;31;0;1;3;175;6
09156;SÃO FRANCISCO DO MARANHÃO;0021;0104;117;55;1;11;13;226;29
09296;SÍTIO NOVO;0099;0065;149;106;5;2;6;291;23
09296;SÍTIO NOVO;0099;0066;156;86;2;2;14;284;24
09296;SÍTIO NOVO;0099;0067;153;88;4;2;15;290;28
09296;SÍTIO NOVO;0099;0068;154;88;3;6;13;287;23
09296;SÍTIO NOVO;0099;0069;135;101;3;4;12;286;31
09296;SÍTIO NOVO;0099;0070;149;92;6;3;12;293;31
09296;SÍTIO NOVO;0099;0071;167;89;4;2;11;289;16
09296;SÍTIO NOVO;0099;0072;156;75;3;5;13;268;16
09296;SÍTIO NOVO;0099;0073;105;65;0;6;12;207;19
09296;SÍTIO NOVO;0099;0074;73;92;1;3;9;197;19
09296;SÍTIO NOVO;0099;0075;113;71;3;4;8;213;14
09296;SÍTIO NOVO;0099;0076;96;69;3;4;12;196;12
09296;SÍTIO NOVO;0099;0077;89;69;4;2;14;196;18
09296;SÍTIO NOVO;0099;0078;93;81;3;4;9;208;18
09296;SÍTIO NOVO;0099;0079;88;77;2;3;6;194;18
09296;SÍTIO NOVO;0099;0080;90;72;4;0;6;189;17
09296;SÍTIO NOVO;0099;0081;106;72;1;4;9;201;9
09296;SÍTIO NOVO;0099;0082;107;73;0;3;9;207;15
09296;SÍTIO NOVO;0099;0083;112;52;2;0;12;206;28
09296;SÍTIO NOVO;0099;0084;99;77;2;2;7;205;18
09296;SÍTIO NOVO;0099;0086;130;136;0;3;20;306;17
09296;SÍTIO NOVO;0099;0087;127;121;5;0;22;294;19
09296;SÍTIO NOVO;0099;0088;139;133;2;3;15;309;17
09296;SÍTIO NOVO;0099;0089;122;87;1;1;7;228;10
09296;SÍTIO NOVO;0099;0090;120;96;2;0;8;236;10
09296;SÍTIO NOVO;0099;0091;96;87;0;3;22;223;15
09296;SÍTIO NOVO;0099;0092;120;86;13;0;12;240;9
09296;SÍTIO NOVO;0099;0093;89;53;5;3;12;182;20
09296;SÍTIO NOVO;0099;0094;92;55;1;3;6;174;17
09296;SÍTIO NOVO;0099;0095;93;47;3;4;3;167;17
09296;SÍTIO NOVO;0099;0096;93;59;1;2;9;174;10
09296;SÍTIO NOVO;0099;0097;80;60;3;1;7;163;12
09296;SÍTIO NOVO;0099;0098;65;51;0;1;4;126;5
09296;SÍTIO NOVO;0099;0099;78;50;6;1;7;151;9
09296;SÍTIO NOVO;0099;0101;82;70;0;2;7;165;4
09296;SÍTIO NOVO;0099;0102;127;96;0;3;8;267;33
09296;SÍTIO NOVO;0099;0103;94;57;2;1;8;182;20
09296;SÍTIO NOVO;0099;0104;85;68;1;1;8;174;11
09296;SÍTIO NOVO;0099;0105;85;77;4;0;8;184;10
09296;SÍTIO NOVO;0099;0106;88;75;6;6;8;193;10
09296;SÍTIO NOVO;0099;0107;103;69;2;4;5;198;15
09296;SÍTIO NOVO;0099;0108;84;44;0;0;1;139;10
09296;SÍTIO NOVO;0099;0109;103;225;3;3;4;375;37
09296;SÍTIO NOVO;0099;0112;94;44;0;4;6;150;2
09296;SÍTIO NOVO;0099;0117;151;97;2;3;3;271;15
09296;SÍTIO NOVO;0099;0121;150;85;8;4;11;275;17
09296;SÍTIO NOVO;0099;0125;154;88;3;6;6;278;21
09296;SÍTIO NOVO;0099;0131;112;78;1;3;10;214;10
09296;SÍTIO NOVO;0099;0132;58;64;0;0;3;136;11
09296;SÍTIO NOVO;0099;0138;88;68;2;0;5;179;16
09296;SÍTIO NOVO;0099;0143;123;73;8;3;3;218;8
09296;SÍTIO NOVO;0099;0145;79;47;1;2;3;147;15
09296;SÍTIO NOVO;0099;0146;156;71;3;3;10;259;16
09296;SÍTIO NOVO;0099;0156;46;88;2;2;8;162;16
09296;SÍTIO NOVO;0099;0166;32;41;0;2;2;81;4
09334;TASSO FRAGOSO;0011;0023;55;123;4;6;22;227;17
09334;TASSO FRAGOSO;0011;0024;84;111;8;5;16;244;20
09334;TASSO FRAGOSO;0011;0025;89;120;2;6;21;259;21
09334;TASSO FRAGOSO;0011;0032;73;111;0;7;12;225;22
09334;TASSO FRAGOSO;0011;0035;33;92;0;0;8;145;12
09334;TASSO FRAGOSO;0011;0036;100;84;3;3;18;222;14
09334;TASSO FRAGOSO;0011;0037;32;83;3;2;12;154;22
09334;TASSO FRAGOSO;0011;0038;44;77;3;1;12;153;16
09334;TASSO FRAGOSO;0011;0041;102;91;0;0;12;219;14
09334;TASSO FRAGOSO;0011;0042;73;103;5;3;11;204;9
09334;TASSO FRAGOSO;0011;0046;69;137;2;4;19;246;15
09334;TASSO FRAGOSO;0011;0047;98;181;4;7;19;327;18
09334;TASSO FRAGOSO;0011;0048;76;122;4;7;12;238;17
09334;TASSO FRAGOSO;0011;0049;60;68;4;1;9;154;12
09334;TASSO FRAGOSO;0011;0050;66;109;1;3;17;206;10
09334;TASSO FRAGOSO;0011;0051;91;90;6;2;8;210;13
09334;TASSO FRAGOSO;0011;0052;111;155;3;4;13;299;13
09334;TASSO FRAGOSO;0011;0053;107;163;6;6;12;309;15
09334;TASSO FRAGOSO;0011;0054;104;163;8;3;17;308;13
09334;TASSO FRAGOSO;0011;0055;63;120;3;2;19;219;12
09334;TASSO FRAGOSO;0011;0056;72;115;0;11;14;223;11
09334;TASSO FRAGOSO;0011;0057;72;138;3;4;20;255;18
09334;TASSO FRAGOSO;0011;0058;64;138;3;4;19;244;16
09334;TASSO FRAGOSO;0011;0059;112;143;5;6;21;303;16
09555;BOM JARDIM;0078;0001;74;64;2;2;7;170;21
09555;BOM JARDIM;0078;0002;78;60;0;6;7;170;19
09555;BOM JARDIM;0078;0003;65;76;0;0;11;167;15
09555;BOM JARDIM;0078;0004;114;70;5;4;9;225;23
09555;BOM JARDIM;0078;0005;108;63;0;4;14;215;26
09555;BOM JARDIM;0078;0006;121;85;1;6;15;252;24
09555;BOM JARDIM;0078;0008;89;57;4;6;9;182;17
09555;BOM JARDIM;0078;0010;83;77;1;2;4;179;12
09555;BOM JARDIM;0078;0011;109;63;3;3;16;220;26
09555;BOM JARDIM;0078;0012;88;48;4;4;5;162;13
09555;BOM JARDIM;0078;0013;96;49;2;4;5;168;12
09555;BOM JARDIM;0078;0014;96;70;0;6;14;212;26
09555;BOM JARDIM;0078;0015;96;73;2;9;13;218;25
09555;BOM JARDIM;0078;0016;100;58;2;1;8;188;19
09555;BOM JARDIM;0078;0017;110;52;2;4;6;190;16
09555;BOM JARDIM;0078;0018;104;76;5;9;11;229;24
09555;BOM JARDIM;0078;0019;98;93;3;3;14;231;20
09555;BOM JARDIM;0078;0020;95;88;3;7;13;230;24
09555;BOM JARDIM;0078;0021;91;62;4;8;11;204;28
09555;BOM JARDIM;0078;0022;119;76;3;3;5;228;22
09555;BOM JARDIM;0078;0023;87;90;2;7;9;216;21
09555;BOM JARDIM;0078;0024;72;74;3;4;5;182;24
09555;BOM JARDIM;0078;0025;72;87;1;6;5;206;35
09555;BOM JARDIM;0078;0026;40;84;0;1;14;148;9
09555;BOM JARDIM;0078;0028;61;145;1;2;12;230;9
09555;BOM JARDIM;0078;0030;74;91;0;2;9;202;26
09555;BOM JARDIM;0078;0032;55;114;1;11;17;217;19
09555;BOM JARDIM;0078;0037;39;103;1;1;9;174;21
09555;BOM JARDIM;0078;0038;92;139;0;1;17;268;19
09555;BOM JARDIM;0078;0041;78;118;0;8;18;235;13
09555;BOM JARDIM;0078;0042;46;57;1;5;5;121;7
09555;BOM JARDIM;0078;0054;59;121;0;3;21;220;16
09555;BOM JARDIM;0078;0057;53;145;1;0;8;217;10
09555;BOM JARDIM;0078;0062;15;114;0;3;14;158;12
09555;BOM JARDIM;0078;0065;63;103;1;0;11;195;17
09555;BOM JARDIM;0078;0067;72;121;4;7;19;256;33
09555;BOM JARDIM;0078;0069;104;109;4;3;18;253;15
09555;BOM JARDIM;0078;0073;91;56;3;2;7;183;24
09555;BOM JARDIM;0078;0074;92;59;2;7;3;182;19
09555;BOM JARDIM;0078;0075;56;143;0;3;13;228;13
09555;BOM JARDIM;0078;0120;100;74;3;2;14;222;29
09555;BOM JARDIM;0078;0121;118;77;2;5;3;221;16
09555;BOM JARDIM;0078;0122;103;88;1;6;10;229;21
09555;BOM JARDIM;0078;0123;117;86;6;10;17;262;26
09555;BOM JARDIM;0078;0124;88;47;1;6;10;172;20
09555;BOM JARDIM;0078;0126;81;80;1;9;14;216;31
09555;BOM JARDIM;0078;0127;62;106;2;6;15;211;20
09555;BOM JARDIM;0078;0128;58;91;0;0;14;169;6
09555;BOM JARDIM;0078;0129;20;28;0;1;2;60;9
09555;BOM JARDIM;0078;0132;35;105;0;1;5;154;8
09555;BOM JARDIM;0078;0134;53;72;4;2;3;153;19
09555;BOM JARDIM;0078;0135;116;108;3;5;10;275;33
09555;BOM JARDIM;0078;0136;46;99;2;3;16;186;20
09555;BOM JARDIM;0078;0137;33;69;0;0;4;107;1
09555;BOM JARDIM;0078;0138;30;136;0;11;5;191;9
09555;BOM JARDIM;0078;0139;40;144;0;2;5;207;16
09555;BOM JARDIM;0078;0140;16;59;0;0;2;85;8
09555;BOM JARDIM;0078;0144;127;68;2;2;16;241;26
09555;BOM JARDIM;0078;0145;80;89;3;0;11;207;24
09555;BOM JARDIM;0078;0148;60;67;0;3;6;146;10
09555;BOM JARDIM;0078;0149;50;136;1;3;12;213;11
09555;BOM JARDIM;0078;0154;24;63;7;1;4;109;10
09555;BOM JARDIM;0078;0155;33;55;0;4;6;132;34
09555;BOM JARDIM;0078;0161;14;36;0;0;1;58;7
09555;BOM JARDIM;0078;0164;20;53;0;1;10;93;9
09555;BOM JARDIM;0078;0167;22;218;1;8;10;329;70
09555;BOM JARDIM;0078;0169;15;47;0;2;1;103;38
09555;BOM JARDIM;0078;0174;58;94;1;2;9;175;11
09555;BOM JARDIM;0078;0177;112;70;1;5;15;225;22
09555;BOM JARDIM;0078;0181;97;77;1;5;17;217;20
09555;BOM JARDIM;0078;0184;94;59;1;1;3;171;13
09555;BOM JARDIM;0078;0195;91;77;0;3;16;223;36
09555;BOM JARDIM;0078;0196;65;51;4;3;15;159;21
09555;BOM JARDIM;0078;0203;44;60;1;3;3;127;16
09555;BOM JARDIM;0078;0204;50;43;3;2;9;121;14
09555;BOM JARDIM;0078;0227;43;110;5;0;7;184;19
09555;BOM JARDIM;0078;0233;117;66;15;0;18;232;16
09555;BOM JARDIM;0078;0240;131;70;16;1;28;281;35
09555;BOM JARDIM;0078;0241;61;50;2;2;18;154;21
09555;BOM JARDIM;0078;0242;64;96;1;1;4;183;17
09555;BOM JARDIM;0078;0244;108;97;1;1;11;238;20
09555;BOM JARDIM;0078;0245;29;39;3;1;6;84;6
09555;BOM JARDIM;0078;0246;26;28;0;1;2;62;5
09555;BOM JARDIM;0078;0247;32;123;0;0;8;187;24
09555;BOM JARDIM;0078;0248;144;37;9;2;22;227;13
09555;BOM JARDIM;0078;0249;21;83;6;0;2;120;8
09555;BOM JARDIM;0078;0251;11;47;1;3;1;88;25
09555;BOM JARDIM;0078;0252;118;73;3;9;7;230;20
09555;BOM JARDIM;0078;0253;73;105;4;7;10;215;16
09555;BOM JARDIM;0078;0256;29;34;4;0;5;74;2
09555;BOM JARDIM;0078;0257;68;34;1;0;6;114;5
09555;BOM JARDIM;0078;0260;6;37;1;0;4;57;9
09555;BOM JARDIM;0078;0261;16;48;1;2;1;74;6
09555;BOM JARDIM;0078;0262;50;134;2;1;5;210;18
09555;BOM JARDIM;0078;0263;17;31;0;0;2;53;3
09555;BOM JARDIM;0078;0264;79;92;2;4;11;213;25
09555;BOM JARDIM;0078;0268;15;39;0;1;0;59;4
09555;BOM JARDIM;0078;0269;96;82;2;7;17;227;23
09555;BOM JARDIM;0078;0272;23;217;3;5;6;319;65
09555;BOM JARDIM;0078;0274;19;58;0;0;6;90;7
09555;BOM JARDIM;0078;0275;55;64;3;1;8;180;49
09555;BOM JARDIM;0078;0276;133;75;12;2;24;283;37
09555;BOM JARDIM;0078;0277;95;74;1;11;11;216;24
09555;BOM JARDIM;0078;0278;60;86;2;2;2;175;23
09555;BOM JARDIM;0078;0279;84;96;1;9;4;218;24
09555;BOM JARDIM;0078;0281;101;99;0;10;14;249;25
09555;BOM JARDIM;0078;0283;35;135;0;1;2;181;8
09555;BOM JARDIM;0078;0284;72;92;5;9;18;220;24
09555;BOM JARDIM;0078;0285;99;94;1;4;16;244;30
09555;BOM JARDIM;0078;0286;78;46;0;5;6;153;18
09555;BOM JARDIM;0078;0292;91;80;0;9;6;203;17
09555;BOM JARDIM;0078;0293;11;31;0;1;4;57;10
09555;BOM JARDIM;0078;0296;12;42;1;0;0;69;14
09555;BOM JARDIM;0078;0297;8;38;1;1;1;51;2
09555;BOM JARDIM;0078;0298;14;3;0;0;3;131;111
07013;AFONSO CUNHA;0028;0073;100;32;3;1;4;159;19
07013;AFONSO CUNHA;0028;0096;156;48;0;3;6;229;16
07013;AFONSO CUNHA;0028;0098;107;25;0;1;3;153;17
07013;AFONSO CUNHA;0028;0102;105;31;1;2;6;163;18
07013;AFONSO CUNHA;0028;0142;129;58;0;0;26;245;32
07013;AFONSO CUNHA;0028;0143;121;45;0;0;9;200;25
07013;AFONSO CUNHA;0028;0144;130;105;0;2;7;265;21
07013;AFONSO CUNHA;0028;0145;137;48;0;1;10;211;15
07013;AFONSO CUNHA;0028;0146;129;69;0;2;11;238;27
07013;AFONSO CUNHA;0028;0151;112;85;1;0;6;215;11
07013;AFONSO CUNHA;0028;0157;135;56;0;3;9;222;19
07013;AFONSO CUNHA;0028;0170;121;38;0;1;8;177;9
07013;AFONSO CUNHA;0028;0173;131;48;0;1;2;202;20
07013;AFONSO CUNHA;0028;0175;100;39;0;1;5;163;18
07013;AFONSO CUNHA;0028;0176;130;33;0;3;4;196;26
07013;AFONSO CUNHA;0028;0178;143;50;0;3;7;227;24
07013;AFONSO CUNHA;0028;0181;158;46;0;3;9;241;25
07013;AFONSO CUNHA;0028;0182;128;39;2;1;5;193;18
07013;AFONSO CUNHA;0028;0184;128;37;0;1;8;188;14
07013;AFONSO CUNHA;0028;0186;134;43;2;3;8;218;28
07013;AFONSO CUNHA;0028;0188;136;38;0;2;10;200;14
07013;AFONSO CUNHA;0028;0190;126;38;0;7;3;193;19
07013;AFONSO CUNHA;0028;0192;146;58;2;1;5;234;22
07013;AFONSO CUNHA;0028;0195;102;32;1;2;5;153;11
07013;AFONSO CUNHA;0028;0196;200;69;0;7;15;317;26
07013;AFONSO CUNHA;0028;0198;97;30;1;2;7;153;16
07013;AFONSO CUNHA;0028;0201;155;43;0;1;8;228;21
07013;AFONSO CUNHA;0028;0203;152;54;0;2;12;237;17
07013;AFONSO CUNHA;0028;0208;47;33;0;2;0;83;1
07013;AFONSO CUNHA;0028;0209;61;51;0;1;7;132;12
07234;BACABAL;0013;0002;96;78;5;4;9;207;15
07234;BACABAL;0013;0003;97;74;0;6;10;205;18
07234;BACABAL;0013;0006;114;74;6;10;7;231;20
07234;BACABAL;0013;0009;80;53;5;5;8;165;14
07234;BACABAL;0013;0010;82;69;1;5;11;191;23
07234;BACABAL;0013;0012;107;77;9;3;9;226;21
07234;BACABAL;0013;0013;118;73;5;6;6;224;16
07234;BACABAL;0013;0015;100;87;1;8;11;224;17
07234;BACABAL;0013;0018;101;83;6;4;9;217;14
07234;BACABAL;0013;0019;113;60;6;9;8;219;23
07234;BACABAL;0013;0020;111;77;5;3;9;221;16
07234;BACABAL;0013;0021;114;78;7;6;6;227;16
07234;BACABAL;0013;0022;111;87;3;7;7;234;19
07234;BACABAL;0013;0023;98;56;1;7;3;184;19
07234;BACABAL;0013;0024;92;48;5;7;8;177;17
07234;BACABAL;0013;0025;93;47;7;5;5;173;16
07234;BACABAL;0013;0026;94;60;4;3;7;184;16
07234;BACABAL;0013;0027;95;85;3;9;6;215;17
07234;BACABAL;0013;0028;104;68;5;7;8;210;18
07234;BACABAL;0013;0029;156;79;5;7;9;285;29
07234;BACABAL;0013;0030;133;90;6;11;16;288;32
07234;BACABAL;0013;0031;107;88;3;10;13;265;44
07234;BACABAL;0013;0032;124;97;8;11;13;279;26
07234;BACABAL;0013;0033;133;75;11;8;15;269;27
07234;BACABAL;0013;0034;144;95;5;8;3;281;26
07234;BACABAL;0013;0036;133;83;4;10;15;268;23
07234;BACABAL;0013;0040;88;81;7;3;12;210;19
07234;BACABAL;0013;0041;130;55;7;8;8;222;14
07234;BACABAL;0013;0042;130;72;6;6;6;237;17
07234;BACABAL;0013;0043;132;70;5;6;8;246;25
07234;BACABAL;0013;0044;130;74;5;5;10;237;13
07234;BACABAL;0013;0045;128;72;9;6;6;237;16
07234;BACABAL;0013;0046;137;93;6;16;16;299;31
07234;BACABAL;0013;0047;150;99;9;12;12;304;22
07234;BACABAL;0013;0048;152;87;6;14;4;293;30
07234;BACABAL;0013;0049;149;93;7;13;15;299;22
07234;BACABAL;0013;0050;160;97;8;10;10;308;23
07234;BACABAL;0013;0051;157;96;5;7;15;301;21
07234;BACABAL;0013;0052;152;107;6;12;10;310;23
07234;BACABAL;0013;0053;158;93;5;11;7;291;17
07234;BACABAL;0013;0054;148;87;9;4;10;274;16
07234;BACABAL;0013;0055;136;100;9;12;7;290;26
07234;BACABAL;0013;0056;144;88;7;7;14;280;20
07234;BACABAL;0013;0057;124;91;8;9;3;272;37
07234;BACABAL;0013;0058;79;53;8;4;9;170;17
07234;BACABAL;0013;0063;142;110;10;3;14;304;25
07234;BACABAL;0013;0065;128;95;6;11;19;281;22
07234;BACABAL;0013;0066;119;67;6;5;4;222;21
07234;BACABAL;0013;0067;122;73;7;3;5;229;19
07234;BACABAL;0013;0068;100;84;8;4;9;222;17
07234;BACABAL;0013;0073;124;98;6;4;14;278;32
07234;BACABAL;0013;0074;131;90;2;14;11;268;20
07234;BACABAL;0013;0076;147;83;3;5;12;268;18
07234;BACABAL;0013;0077;115;71;6;9;12;230;17
07234;BACABAL;0013;0078;114;81;3;4;10;230;18
07234;BACABAL;0013;0079;128;70;4;7;7;236;20
07234;BACABAL;0013;0094;102;111;2;17;13;268;23
07234;BACABAL;0013;0095;109;94;2;15;14;257;23
07234;BACABAL;0013;0096;111;109;2;11;11;273;29
07234;BACABAL;0013;0097;129;106;2;10;19;303;37
07234;BACABAL;0013;0098;124;104;3;12;17;288;28
07234;BACABAL;0013;0099;134;112;1;14;7;298;30
07234;BACABAL;0013;0100;65;67;1;9;11;176;23
07234;BACABAL;0013;0101;65;73;1;9;10;180;22
07234;BACABAL;0013;0102;155;98;11;8;12;309;25
07234;BACABAL;0013;0103;154;97;6;12;8;311;34
07234;BACABAL;0013;0104;134;105;15;5;16;311;36
07234;BACABAL;0013;0105;165;99;14;5;10;320;27
07234;BACABAL;0013;0107;156;66;9;8;10;280;31
07234;BACABAL;0013;0108;138;77;12;4;11;267;25
07234;BACABAL;0013;0109;140;73;13;8;6;253;13
07234;BACABAL;0013;0112;139;77;10;1;7;255;21
07234;BACABAL;0013;0113;104;90;6;4;15;233;14
07234;BACABAL;0013;0115;136;107;11;10;12;308;32
07234;BACABAL;0013;0116;107;94;8;10;9;245;17
07234;BACABAL;0013;0118;162;75;8;10;8;276;13
07234;BACABAL;0013;0119;70;72;2;14;14;198;26
07234;BACABAL;0013;0121;56;63;3;4;9;167;32
07234;BACABAL;0013;0124;98;46;4;8;7;175;12
07234;BACABAL;0013;0127;109;66;7;11;7;215;15
07234;BACABAL;0013;0129;123;114;8;8;18;290;19
07234;BACABAL;0013;0130;130;85;12;7;10;267;23
07234;BACABAL;0013;0132;105;90;7;7;13;240;18
07234;BACABAL;0013;0134;132;112;3;6;23;305;29
07234;BACABAL;0013;0136;142;109;8;7;12;320;42
07234;BACABAL;0013;0139;87;85;5;8;13;210;12
07234;BACABAL;0013;0142;66;61;2;10;5;167;23
07234;BACABAL;0013;0143;102;77;5;9;13;227;21
07234;BACABAL;0013;0145;133;138;2;8;5;312;26
07234;BACABAL;0013;0146;125;91;3;21;8;280;32
07234;BACABAL;0013;0160;89;60;2;5;5;172;11
07234;BACABAL;0013;0172;113;69;9;6;6;221;18
07234;BACABAL;0013;0173;151;113;3;12;15;315;21
07234;BACABAL;0013;0174;101;83;6;3;14;226;19
07234;BACABAL;0013;0223;126;78;2;11;19;271;35
07234;BACABAL;0013;0228;110;75;6;14;23;248;20
07234;BACABAL;0013;0232;98;59;3;5;2;180;13
07234;BACABAL;0013;0234;150;98;5;6;10;288;19
07234;BACABAL;0013;0235;156;111;1;9;13;325;35
07234;BACABAL;0013;0236;123;65;6;8;4;222;16
07234;BACABAL;0013;0238;74;69;1;10;8;179;17
07234;BACABAL;0013;0239;137;75;8;7;6;252;19
07234;BACABAL;0013;0243;78;90;1;3;11;207;24
07234;BACABAL;0013;0244;163;98;2;12;13;305;17
07234;BACABAL;0013;0247;65;53;1;7;6;153;21
07234;BACABAL;0013;0248;106;66;2;5;8;206;19
07234;BACABAL;0013;0253;133;112;4;9;24;317;35
07234;BACABAL;0013;0256;88;78;7;9;18;217;17
07234;BACABAL;0013;0258;102;90;4;7;14;232;15
07234;BACABAL;0013;0259;158;94;8;14;10;301;17
07234;BACABAL;0013;0260;124;75;5;9;14;242;15
07234;BACABAL;0013;0264;129;59;9;5;8;225;15
07234;BACABAL;0013;0267;133;77;13;8;5;252;16
07234;BACABAL;0013;0268;94;58;7;5;8;187;15
07234;BACABAL;0013;0269;133;80;5;3;10;246;15
07234;BACABAL;0013;0272;75;43;3;5;6;147;15
07234;BACABAL;0013;0274;77;49;4;8;8;160;14
07234;BACABAL;0013;0278;76;77;1;6;18;197;19
07234;BACABAL;0013;0279;47;115;0;3;10;190;15
07234;BACABAL;0013;0283;70;93;1;7;7;197;19
07234;BACABAL;0013;0284;65;60;0;3;4;148;16
07234;BACABAL;0013;0285;123;71;6;14;9;244;21
07234;BACABAL;0013;0288;112;69;8;11;16;248;32
07234;BACABAL;0013;0290;119;78;4;17;15;254;21
07234;BACABAL;0013;0292;122;81;3;9;15;252;22
07234;BACABAL;0013;0293;73;151;5;7;12;262;14
07234;BACABAL;0013;0295;29;65;0;2;6;114;12
07234;BACABAL;0013;0296;68;55;4;7;13;172;25
07234;BACABAL;0013;0297;96;45;0;5;10;169;13
07234;BACABAL;0013;0298;72;53;1;8;9;159;16
07234;BACABAL;0013;0299;54;57;4;9;8;153;21
07234;BACABAL;0013;0300;74;52;5;13;15;176;17
07234;BACABAL;0013;0301;109;145;0;6;12;299;27
07234;BACABAL;0013;0304;129;62;5;20;20;266;30
07234;BACABAL;0013;0305;116;76;2;12;12;249;31
07234;BACABAL;0013;0306;107;61;0;4;20;215;23
07234;BACABAL;0013;0307;90;65;0;9;22;199;13
07234;BACABAL;0013;0309;95;57;0;4;11;177;10
07234;BACABAL;0013;0310;65;90;0;3;5;179;16
07234;BACABAL;0013;0311;76;59;1;8;8;164;12
07234;BACABAL;0013;0312;89;139;0;6;17;272;21
07234;BACABAL;0013;0314;47;84;0;2;11;156;12
07234;BACABAL;0013;0315;63;81;0;3;6;164;11
07234;BACABAL;0013;0317;81;141;0;4;24;282;32
07234;BACABAL;0013;0318;46;105;1;4;12;181;13
07234;BACABAL;0013;0319;55;91;1;11;7;176;11
07234;BACABAL;0013;0320;56;158;1;2;8;238;13
07234;BACABAL;0013;0323;94;104;0;5;5;227;19
07234;BACABAL;0013;0325;44;81;1;5;6;156;19
07234;BACABAL;0013;0326;50;85;0;4;3;154;12
07234;BACABAL;0013;0327;50;82;0;2;19;173;20
07234;BACABAL;0013;0328;65;87;0;2;17;185;14
07234;BACABAL;0013;0329;101;78;8;10;12;230;21
07234;BACABAL;0013;0330;115;79;4;11;11;235;15
07234;BACABAL;0013;0331;130;62;3;11;8;236;22
07234;BACABAL;0013;0332;118;81;4;9;9;233;12
07234;BACABAL;0013;0333;88;84;5;10;22;235;26
07234;BACABAL;0013;0334;134;60;3;6;16;240;21
07234;BACABAL;0013;0335;124;72;3;6;16;238;17
07234;BACABAL;0013;0336;112;67;8;6;11;221;17
07234;BACABAL;0013;0337;114;70;2;12;13;236;25
07234;BACABAL;0013;0338;115;68;1;9;17;240;30
07234;BACABAL;0013;0339;112;75;5;17;17;246;20
07234;BACABAL;0013;0340;133;69;3;8;8;232;11
07234;BACABAL;0013;0341;81;44;2;3;9;151;12
07234;BACABAL;0013;0348;51;41;1;6;15;120;6
07234;BACABAL;0013;0349;59;53;2;0;10;135;11
07234;BACABAL;0013;0350;53;83;0;14;20;192;22
07234;BACABAL;0013;0351;52;76;0;6;4;162;24
07234;BACABAL;0013;0352;128;53;0;8;15;220;16
07234;BACABAL;0013;0353;139;59;0;5;7;229;19
07234;BACABAL;0013;0354;156;85;9;13;24;308;21
07234;BACABAL;0013;0355;152;84;7;12;23;310;32
07234;BACABAL;0013;0356;142;82;6;11;27;291;23
07234;BACABAL;0013;0357;186;80;3;11;14;314;20
07234;BACABAL;0013;0358;161;78;4;19;15;311;34
07234;BACABAL;0013;0359;88;79;3;4;16;194;4
07234;BACABAL;0013;0360;69;80;4;4;20;189;12
07234;BACABAL;0013;0361;83;76;5;1;11;186;10
07234;BACABAL;0013;0362;77;45;4;3;5;145;11
07234;BACABAL;0013;0364;59;125;0;3;9;212;16
07234;BACABAL;0013;0365;57;65;0;4;7;147;14
07234;BACABAL;0013;0366;120;80;5;8;12;249;24
07234;BACABAL;0013;0367;124;91;2;6;14;258;21
07234;BACABAL;0013;0368;131;81;9;11;9;265;24
07234;BACABAL;0013;0369;138;70;5;14;12;258;19
07234;BACABAL;0013;0370;138;69;6;14;6;256;23
07234;BACABAL;0013;0371;134;75;4;14;9;259;23
07234;BACABAL;0013;0372;140;83;6;7;14;269;19
07234;BACABAL;0013;0373;121;78;2;12;10;241;18
07234;BACABAL;0013;0374;40;80;0;1;10;143;12
07234;BACABAL;0013;0375;88;90;0;4;7;214;25
07234;BACABAL;0013;0379;136;62;5;9;14;253;27
07234;BACABAL;0013;0380;124;76;2;12;15;250;21
07234;BACABAL;0013;0381;131;66;4;14;15;245;15
07234;BACABAL;0013;0382;112;53;8;19;12;228;24
07234;BACABAL;0013;0383;79;125;1;1;20;253;27
07234;BACABAL;0013;0385;100;108;0;2;21;248;17
07234;BACABAL;0013;0388;144;119;0;5;12;299;19
07234;BACABAL;0013;0390;85;123;0;5;18;247;16
07234;BACABAL;0013;0392;96;125;1;5;10;251;14
07234;BACABAL;0013;0394;83;121;2;10;12;262;34
07234;BACABAL;0013;0395;112;153;4;12;11;322;30
07234;BACABAL;0013;0397;124;143;5;10;20;329;27
07234;BACABAL;0013;0399;102;65;0;4;4;185;10
07234;BACABAL;0013;0400;38;111;0;5;3;169;12
07234;BACABAL;0013;0402;124;150;0;1;16;318;27
07234;BACABAL;0013;0404;172;73;5;12;21;312;29
07234;BACABAL;0013;0405;162;81;3;10;22;313;35
07234;BACABAL;0013;0406;158;95;5;11;13;306;24
07234;BACABAL;0013;0407;165;89;7;9;20;314;24
07234;BACABAL;0013;0408;158;82;7;6;11;292;28
07234;BACABAL;0013;0409;168;102;5;17;11;317;14
07234;BACABAL;0013;0410;147;91;3;10;29;306;26
07234;BACABAL;0013;0411;144;85;9;12;15;299;34
07234;BACABAL;0013;0412;97;82;6;13;14;231;19
07234;BACABAL;0013;0413;113;79;7;17;13;241;12
07234;BACABAL;0013;0414;101;68;3;12;8;218;26
07234;BACABAL;0013;0418;123;81;7;11;11;259;26
07234;BACABAL;0013;0421;105;65;1;6;11;197;9
07234;BACABAL;0013;0422;142;83;9;12;5;279;28
07234;BACABAL;0013;0423;127;58;6;9;10;237;27
07234;BACABAL;0013;0425;129;55;1;15;8;226;18
07234;BACABAL;0013;0426;48;97;0;5;8;182;24
07234;BACABAL;0013;0427;130;72;10;6;18;251;15
07234;BACABAL;0013;0428;161;80;7;3;6;271;14
07234;BACABAL;0013;0429;165;91;5;10;13;307;23
07234;BACABAL;0013;0430;55;137;2;3;6;219;16
07234;BACABAL;0013;0431;93;51;4;5;10;177;14
07234;BACABAL;0013;0432;132;65;2;12;10;235;14
07234;BACABAL;0013;0433;136;69;7;7;10;251;22
07234;BACABAL;0013;0434;123;80;4;11;8;235;9
07234;BACABAL;0013;0436;74;64;3;1;1;146;3
07234;BACABAL;0013;0440;103;65;6;6;5;200;15
07234;BACABAL;0013;0443;90;51;5;10;8;179;15
07234;BACABAL;0013;0445;103;45;0;11;6;176;11
07234;BACABAL;0013;0446;84;76;2;5;4;192;21
07234;BACABAL;0013;0447;103;67;8;12;10;220;20
07234;BACABAL;0013;0448;107;98;1;3;8;226;9
07234;BACABAL;0013;0449;81;42;3;7;13;159;13
07234;BACABAL;0013;0453;127;56;3;5;9;218;18
07234;BACABAL;0013;0456;145;59;6;12;6;233;5
07234;BACABAL;0013;0458;83;75;2;2;10;181;9
07234;BACABAL;0013;0459;58;57;1;2;7;129;4
07234;BACABAL;0013;0461;44;77;1;4;5;139;8
07234;BACABAL;0013;0462;57;82;1;2;8;156;6
07234;BACABAL;0013;0465;95;58;1;5;3;173;11
07234;BACABAL;0013;0474;146;70;2;10;6;248;14
07234;BACABAL;0013;0475;153;78;3;11;14;277;18
07234;BACABAL;0013;0476;68;32;0;6;8;119;5
07234;BACABAL;0013;0480;51;66;1;0;5;132;9
07234;BACABAL;0013;0481;115;75;2;13;18;247;24
07234;BACABAL;0013;0482;61;34;3;5;6;118;9
07250;BACURI;0107;0001;81;59;0;1;6;160;13
07250;BACURI;0107;0002;82;53;4;0;7;164;18
07250;BACURI;0107;0003;94;48;2;0;6;164;14
07250;BACURI;0107;0004;82;38;0;2;3;139;14
07250;BACURI;0107;0006;161;84;0;1;5;273;22
07250;BACURI;0107;0007;104;44;0;7;9;183;19
07250;BACURI;0107;0008;104;54;1;6;6;192;21
07250;BACURI;0107;0009;68;123;0;0;5;205;9
07250;BACURI;0107;0010;77;98;1;2;1;188;9
07250;BACURI;0107;0011;143;61;0;2;13;228;9
07250;BACURI;0107;0012;131;81;0;0;3;227;12
07250;BACURI;0107;0013;96;82;0;2;7;203;16
07250;BACURI;0107;0014;87;82;0;1;5;192;17
07250;BACURI;0107;0015;96;82;2;3;4;199;12
07250;BACURI;0107;0016;95;68;0;0;1;172;8
07250;BACURI;0107;0017;103;53;0;3;5;172;8
07250;BACURI;0107;0018;85;111;1;1;17;237;22
07250;BACURI;0107;0019;89;103;2;3;9;216;10
07250;BACURI;0107;0020;80;76;0;1;1;159;1
07250;BACURI;0107;0021;116;67;0;3;14;226;26
07250;BACURI;0107;0022;111;93;1;3;5;225;12
07250;BACURI;0107;0023;93;70;1;5;9;197;19
07250;BACURI;0107;0024;113;62;2;2;6;206;21
07250;BACURI;0107;0025;101;72;2;1;10;209;23
07250;BACURI;0107;0027;49;28;0;0;3;86;6
07250;BACURI;0107;0028;87;100;0;3;7;214;17
07250;BACURI;0107;0029;95;77;1;5;4;199;17
07250;BACURI;0107;0030;129;56;6;3;8;224;22
07250;BACURI;0107;0031;119;66;3;6;11;216;11
07250;BACURI;0107;0032;128;76;2;4;7;252;35
07250;BACURI;0107;0033;124;81;0;5;12;248;26
07250;BACURI;0107;0034;140;83;1;4;9;251;14
07250;BACURI;0107;0035;140;78;1;6;3;242;14
07250;BACURI;0107;0036;102;48;0;2;5;179;22
07250;BACURI;0107;0037;100;61;1;1;8;182;11
07250;BACURI;0107;0103;61;91;0;0;9;171;10
07250;BACURI;0107;0104;84;60;3;3;9;177;18
07250;BACURI;0107;0109;108;67;0;1;4;192;12
07250;BACURI;0107;0110;89;42;0;5;5;149;8
07250;BACURI;0107;0115;91;70;5;3;3;177;5
07250;BACURI;0107;0117;98;68;0;3;9;190;12
07250;BACURI;0107;0120;75;66;0;0;0;143;2
07250;BACURI;0107;0121;46;55;0;1;8;114;4
07250;BACURI;0107;0122;108;139;0;2;11;282;22
07250;BACURI;0107;0134;97;86;0;1;6;202;12
07250;BACURI;0107;0137;81;71;0;2;4;184;26
07250;BACURI;0107;0138;126;70;1;7;5;228;19
07250;BACURI;0107;0140;164;111;0;3;6;302;18
07250;BACURI;0107;0141;99;40;0;2;5;156;10
07250;BACURI;0107;0148;116;67;3;4;4;201;7
07250;BACURI;0107;0150;75;52;4;3;3;147;10
07250;BACURI;0107;0151;125;75;1;4;12;242;25
07250;BACURI;0107;0152;95;65;0;0;5;174;9
07250;BACURI;0107;0155;103;59;0;4;3;172;3
07250;BACURI;0107;0160;70;75;1;2;6;185;31
07250;BACURI;0107;0171;30;32;0;0;0;63;1
07269;BOM JESUS DAS SELVAS;0095;0108;113;96;0;0;14;236;13
07269;BOM JESUS DAS SELVAS;0095;0109;103;99;2;5;12;234;13
07269;BOM JESUS DAS SELVAS;0095;0110;96;64;6;3;13;194;12
07269;BOM JESUS DAS SELVAS;0095;0111;92;77;2;2;11;197;13
07269;BOM JESUS DAS SELVAS;0095;0112;96;62;6;0;7;194;23
07269;BOM JESUS DAS SELVAS;0095;0113;104;62;4;3;7;195;15
07269;BOM JESUS DAS SELVAS;0095;0114;99;71;0;6;8;198;14
07269;BOM JESUS DAS SELVAS;0095;0115;114;86;1;3;16;232;12
07269;BOM JESUS DAS SELVAS;0095;0116;111;85;2;4;15;231;14
07269;BOM JESUS DAS SELVAS;0095;0117;90;71;4;2;8;191;16
07269;BOM JESUS DAS SELVAS;0095;0121;111;64;5;4;14;215;17
07269;BOM JESUS DAS SELVAS;0095;0122;112;88;2;4;11;227;10
07269;BOM JESUS DAS SELVAS;0095;0123;101;89;1;1;19;223;12
07269;BOM JESUS DAS SELVAS;0095;0124;115;73;4;4;9;218;13
07269;BOM JESUS DAS SELVAS;0095;0125;119;69;1;4;9;218;16
07269;BOM JESUS DAS SELVAS;0095;0126;97;87;4;8;12;224;16
07269;BOM JESUS DAS SELVAS;0095;0127;109;86;4;6;9;227;13
07269;BOM JESUS DAS SELVAS;0095;0128;105;67;6;0;12;196;6
07269;BOM JESUS DAS SELVAS;0095;0129;100;68;0;2;10;191;11
07269;BOM JESUS DAS SELVAS;0095;0130;167;86;5;3;10;285;14
07269;BOM JESUS DAS SELVAS;0095;0131;159;96;1;3;14;294;21
07269;BOM JESUS DAS SELVAS;0095;0132;150;96;4;4;16;286;16
07269;BOM JESUS DAS SELVAS;0095;0133;152;83;6;7;16;283;19
07269;BOM JESUS DAS SELVAS;0095;0134;155;106;5;4;8;295;17
07269;BOM JESUS DAS SELVAS;0095;0135;148;89;5;3;24;279;10
07269;BOM JESUS DAS SELVAS;0095;0136;150;105;7;5;13;294;14
07269;BOM JESUS DAS SELVAS;0095;0137;117;71;4;4;9;221;16
07269;BOM JESUS DAS SELVAS;0095;0138;120;79;3;2;12;226;10
07269;BOM JESUS DAS SELVAS;0095;0139;80;82;2;1;8;181;8
07269;BOM JESUS DAS SELVAS;0095;0140;105;113;6;3;7;276;42
07269;BOM JESUS DAS SELVAS;0095;0141;70;109;3;4;19;221;16
07269;BOM JESUS DAS SELVAS;0095;0142;72;67;11;3;10;200;37
07269;BOM JESUS DAS SELVAS;0095;0143;25;69;2;1;2;115;16
07269;BOM JESUS DAS SELVAS;0095;0144;24;60;4;1;5;100;6
07269;BOM JESUS DAS SELVAS;0095;0145;67;54;2;3;10;171;35
07269;BOM JESUS DAS SELVAS;0095;0146;64;66;0;3;17;169;19
07269;BOM JESUS DAS SELVAS;0095;0147;75;67;1;4;9;177;21
07269;BOM JESUS DAS SELVAS;0095;0149;78;68;5;6;11;191;23
07269;BOM JESUS DAS SELVAS;0095;0150;73;86;6;0;5;200;30
07269;BOM JESUS DAS SELVAS;0095;0152;70;133;5;2;12;240;18
07269;BOM JESUS DAS SELVAS;0095;0153;114;99;1;12;20;273;27
07269;BOM JESUS DAS SELVAS;0095;0154;121;77;1;2;10;231;20
07269;BOM JESUS DAS SELVAS;0095;0155;90;98;9;2;30;253;24
07269;BOM JESUS DAS SELVAS;0095;0161;63;64;2;4;10;168;25
07269;BOM JESUS DAS SELVAS;0095;0162;37;66;5;0;8;126;10
07269;BOM JESUS DAS SELVAS;0095;0172;105;80;1;3;8;203;6
07269;BOM JESUS DAS SELVAS;0095;0174;43;59;1;0;8;136;25
07269;BOM JESUS DAS SELVAS;0095;0175;16;58;0;0;5;86;7
07269;BOM JESUS DAS SELVAS;0095;0190;32;12;1;0;3;52;4
07269;BOM JESUS DAS SELVAS;0095;0194;19;22;1;0;2;50;6
07269;BOM JESUS DAS SELVAS;0095;0195;44;34;0;2;8;91;3
07269;BOM JESUS DAS SELVAS;0095;0196;17;31;3;0;3;54;0
07269;BOM JESUS DAS SELVAS;0095;0197;34;60;15;1;8;132;14
07269;BOM JESUS DAS SELVAS;0095;0199;22;19;2;0;3;55;9
07269;BOM JESUS DAS SELVAS;0095;0210;38;37;1;0;6;94;12
07269;BOM JESUS DAS SELVAS;0095;0220;116;85;5;5;17;239;11
07269;BOM JESUS DAS SELVAS;0095;0222;13;24;0;0;2;43;4
07269;BOM JESUS DAS SELVAS;0095;0229;79;77;3;3;12;199;25
07269;BOM JESUS DAS SELVAS;0095;0234;125;105;2;6;13;267;16
07269;BOM JESUS DAS SELVAS;0095;0235;22;47;1;0;1;79;8
07269;BOM JESUS DAS SELVAS;0095;0237;148;97;6;1;19;284;13
07269;BOM JESUS DAS SELVAS;0095;0238;96;77;8;5;10;208;12
07269;BOM JESUS DAS SELVAS;0095;0240;123;97;3;4;13;254;14
07269;BOM JESUS DAS SELVAS;0095;0241;131;108;3;4;11;272;15
07269;BOM JESUS DAS SELVAS;0095;0253;118;100;2;4;18;256;14
07269;BOM JESUS DAS SELVAS;0095;0254;156;99;6;1;8;279;9
07269;BOM JESUS DAS SELVAS;0095;0256;98;86;5;1;9;213;14
07269;BOM JESUS DAS SELVAS;0095;0257;83;71;3;1;8;199;33
07269;BOM JESUS DAS SELVAS;0095;0259;115;103;2;2;19;261;20
07269;BOM JESUS DAS SELVAS;0095;0260;106;77;0;2;13;214;16
07269;BOM JESUS DAS SELVAS;0095;0262;134;86;2;4;11;246;9
07269;BOM JESUS DAS SELVAS;0095;0263;114;85;8;2;15;245;21
07269;BOM JESUS DAS SELVAS;0095;0264;100;69;5;6;13;223;30
07269;BOM JESUS DAS SELVAS;0095;0265;91;71;5;1;6;189;15
07269;BOM JESUS DAS SELVAS;0095;0266;130;94;1;5;7;251;14
07269;BOM JESUS DAS SELVAS;0095;0267;80;75;5;2;6;193;25
07315;BARRA DO CORDA;0023;0015;91;82;0;2;5;206;26
07315;BARRA DO CORDA;0023;0016;75;91;0;5;9;200;20
07315;BARRA DO CORDA;0023;0017;75;107;0;1;4;195;8
07315;BARRA DO CORDA;0023;0018;77;109;0;7;4;206;9
07315;BARRA DO CORDA;0023;0019;20;39;0;5;0;71;7
07315;BARRA DO CORDA;0023;0026;33;43;0;0;3;85;6
07315;BARRA DO CORDA;0023;0063;131;90;0;7;14;279;37
07315;BARRA DO CORDA;0023;0064;98;157;5;0;13;287;14
07315;BARRA DO CORDA;0023;0066;98;136;5;3;13;272;17
07315;BARRA DO CORDA;0023;0067;73;110;0;11;9;218;15
07315;BARRA DO CORDA;0023;0069;65;119;0;5;5;210;16
07315;BARRA DO CORDA;0023;0071;67;96;1;7;1;177;5
07315;BARRA DO CORDA;0023;0072;76;88;0;5;1;179;9
07315;BARRA DO CORDA;0023;0073;73;95;1;5;2;181;5
07315;BARRA DO CORDA;0023;0074;57;53;1;2;4;126;9
07315;BARRA DO CORDA;0023;0075;26;43;0;5;8;88;6
07315;BARRA DO CORDA;0023;0076;94;56;3;16;11;197;17
07315;BARRA DO CORDA;0023;0077;125;61;6;8;13;240;27
07315;BARRA DO CORDA;0023;0078;132;74;5;4;10;251;26
07315;BARRA DO CORDA;0023;0079;119;61;3;11;18;249;37
07315;BARRA DO CORDA;0023;0084;142;63;5;7;12;254;25
07315;BARRA DO CORDA;0023;0085;59;47;3;3;4;135;19
07315;BARRA DO CORDA;0023;0089;143;79;8;10;5;263;18
07315;BARRA DO CORDA;0023;0099;164;70;7;9;9;284;25
07315;BARRA DO CORDA;0023;0104;90;52;1;4;10;168;11
07315;BARRA DO CORDA;0023;0105;101;47;2;4;5;174;15
07315;BARRA DO CORDA;0023;0106;95;46;4;4;4;172;19
07315;BARRA DO CORDA;0023;0107;102;48;4;5;8;175;8
07315;BARRA DO CORDA;0023;0108;102;82;6;3;6;216;17
07315;BARRA DO CORDA;0023;0109;132;79;6;9;12;253;15
07315;BARRA DO CORDA;0023;0110;120;82;7;6;26;268;27
07315;BARRA DO CORDA;0023;0111;45;27;1;2;1;83;7
07315;BARRA DO CORDA;0023;0112;135;56;4;19;20;257;23
07315;BARRA DO CORDA;0023;0113;150;61;5;9;8;269;36
07315;BARRA DO CORDA;0023;0114;147;64;5;7;16;260;21
07315;BARRA DO CORDA;0023;0115;142;75;4;8;8;265;28
07315;BARRA DO CORDA;0023;0125;108;55;5;7;9;199;15
07315;BARRA DO CORDA;0023;0127;136;89;4;4;16;273;24
07315;BARRA DO CORDA;0023;0128;122;65;4;10;7;228;20
07315;BARRA DO CORDA;0023;0129;122;78;1;4;14;243;24
07315;BARRA DO CORDA;0023;0130;140;89;9;11;12;286;25
07315;BARRA DO CORDA;0023;0131;166;78;6;7;9;297;31
07315;BARRA DO CORDA;0023;0132;67;60;3;7;6;153;10
07315;BARRA DO CORDA;0023;0133;163;75;2;17;4;280;19
07315;BARRA DO CORDA;0023;0134;153;75;2;8;12;273;23
07315;BARRA DO CORDA;0023;0135;144;62;5;17;19;269;22
07315;BARRA DO CORDA;0023;0136;146;65;6;14;11;272;30
07315;BARRA DO CORDA;0023;0137;150;70;5;6;12;272;29
07315;BARRA DO CORDA;0023;0138;144;92;10;3;13;292;30
07315;BARRA DO CORDA;0023;0141;133;85;7;7;9;262;21
07315;BARRA DO CORDA;0023;0145;156;76;7;7;14;279;19
07315;BARRA DO CORDA;0023;0150;28;30;2;1;1;64;2
07315;BARRA DO CORDA;0023;0155;61;57;0;2;6;172;46
07315;BARRA DO CORDA;0023;0166;29;25;0;1;1;59;3
07315;BARRA DO CORDA;0023;0167;63;59;0;6;11;156;17
07315;BARRA DO CORDA;0023;0168;59;39;3;6;3;115;5
07315;BARRA DO CORDA;0023;0169;86;81;0;5;10;204;22
07315;BARRA DO CORDA;0023;0171;113;73;2;4;9;231;30
07315;BARRA DO CORDA;0023;0175;38;44;1;3;6;96;4
07315;BARRA DO CORDA;0023;0177;147;69;4;14;15;271;22
07315;BARRA DO CORDA;0023;0179;144;87;4;5;10;270;20
07315;BARRA DO CORDA;0023;0181;111;77;2;7;22;239;20
07315;BARRA DO CORDA;0023;0183;148;67;10;14;18;275;18
07315;BARRA DO CORDA;0023;0185;140;87;9;11;13;281;21
07315;BARRA DO CORDA;0023;0186;112;116;6;11;7;278;26
07315;BARRA DO CORDA;0023;0191;123;58;4;15;23;253;30
07315;BARRA DO CORDA;0023;0193;150;70;6;9;5;262;22
07315;BARRA DO CORDA;0023;0194;66;35;4;7;1;126;13
07315;BARRA DO CORDA;0023;0200;12;36;1;0;1;57;7
07315;BARRA DO CORDA;0023;0202;20;38;1;2;12;82;9
07315;BARRA DO CORDA;0023;0208;150;78;3;13;10;272;18
07315;BARRA DO CORDA;0023;0220;96;50;2;3;4;171;16
07315;BARRA DO CORDA;0023;0231;140;60;3;10;22;254;19
07315;BARRA DO CORDA;0023;0235;102;42;2;6;8;168;8
07315;BARRA DO CORDA;0023;0241;73;41;2;6;13;157;22
07315;BARRA DO CORDA;0023;0246;102;124;3;3;6;266;28
07315;BARRA DO CORDA;0023;0250;83;35;3;7;13;153;12
07315;BARRA DO CORDA;0023;0251;124;86;8;10;10;258;20
07315;BARRA DO CORDA;0023;0252;127;90;1;3;16;263;26
07315;BARRA DO CORDA;0023;0253;8;157;1;0;4;184;14
07315;BARRA DO CORDA;0023;0254;72;83;9;4;17;212;27
07315;BARRA DO CORDA;0023;0255;63;67;0;7;9;172;26
07315;BARRA DO CORDA;0023;0256;116;54;4;8;10;209;17
07315;BARRA DO CORDA;0023;0257;14;186;0;0;1;221;20
07315;BARRA DO CORDA;0023;0258;92;43;3;11;12;170;9
07315;BARRA DO CORDA;0023;0261;127;84;6;14;14;274;29
07315;BARRA DO CORDA;0023;0262;50;98;1;3;1;161;8
07315;BARRA DO CORDA;0023;0263;118;59;4;9;14;231;27
07315;BARRA DO CORDA;0023;0265;54;62;0;6;3;132;7
07315;BARRA DO CORDA;0023;0266;159;74;9;9;12;280;17
07315;BARRA DO CORDA;0023;0267;113;48;5;4;7;187;10
07315;BARRA DO CORDA;0023;0268;11;147;1;0;6;180;15
07315;BARRA DO CORDA;0023;0269;7;193;0;0;3;209;6
07315;BARRA DO CORDA;0023;0271;130;55;1;17;9;231;19
07315;BARRA DO CORDA;0023;0272;142;74;9;10;8;270;27
07315;BARRA DO CORDA;0023;0273;61;27;0;4;4;115;19
07315;BARRA DO CORDA;0023;0275;31;65;7;2;5;129;19
07315;BARRA DO CORDA;0023;0276;22;106;3;0;4;152;17
07315;BARRA DO CORDA;0023;0277;14;90;1;6;10;138;17
07315;BARRA DO CORDA;0023;0278;65;84;2;3;3;177;20
07315;BARRA DO CORDA;0023;0282;83;51;5;4;13;170;14
07315;BARRA DO CORDA;0023;0283;156;49;6;19;13;261;18
07315;BARRA DO CORDA;0023;0290;147;76;3;4;16;269;23
07315;BARRA DO CORDA;0023;0291;6;157;1;1;3;185;17
07315;BARRA DO CORDA;0023;0300;13;150;1;0;7;209;38
07315;BARRA DO CORDA;0023;0303;127;81;3;10;27;268;20
07315;BARRA DO CORDA;0023;0305;110;56;7;7;3;206;23
07315;BARRA DO CORDA;0023;0306;121;70;3;9;14;242;25
07315;BARRA DO CORDA;0023;0307;130;80;7;9;14;264;24
07315;BARRA DO CORDA;0023;0317;139;66;4;10;11;247;17
07315;BARRA DO CORDA;0023;0320;12;137;1;0;3;159;6
07315;BARRA DO CORDA;0023;0321;128;59;4;6;19;231;15
07315;BARRA DO CORDA;0023;0322;134;61;3;5;11;236;22
07315;BARRA DO CORDA;0023;0325;162;62;9;7;12;270;18
07315;BARRA DO CORDA;0023;0326;89;37;5;6;8;162;17
07315;BARRA DO CORDA;0023;0327;112;54;2;7;8;194;11
07315;BARRA DO CORDA;0023;0328;138;76;6;12;16;274;26
07315;BARRA DO CORDA;0023;0329;143;131;0;0;2;292;16
07315;BARRA DO CORDA;0023;0330;115;60;5;8;13;223;22
07315;BARRA DO CORDA;0023;0331;124;71;6;17;13;253;22
07315;BARRA DO CORDA;0023;0332;31;32;0;2;5;79;9
07315;BARRA DO CORDA;0023;0333;69;35;3;1;2;114;4
07315;BARRA DO CORDA;0023;0334;142;71;9;9;14;263;18
07315;BARRA DO CORDA;0023;0336;32;43;1;0;1;78;1
07315;BARRA DO CORDA;0023;0337;120;77;8;13;20;264;26
07315;BARRA DO CORDA;0023;0338;125;58;4;9;12;224;16
07315;BARRA DO CORDA;0023;0340;32;18;0;3;0;57;4
07315;BARRA DO CORDA;0023;0341;96;140;2;2;7;268;21
07315;BARRA DO CORDA;0023;0343;32;8;0;0;2;43;1
07315;BARRA DO CORDA;0023;0344;37;38;1;6;2;92;8
07315;BARRA DO CORDA;0023;0347;143;88;9;9;17;286;20
07315;BARRA DO CORDA;0023;0348;139;82;11;6;13;273;22
07315;BARRA DO CORDA;0023;0349;146;80;8;12;19;290;25
07315;BARRA DO CORDA;0023;0350;153;84;9;7;11;284;20
07315;BARRA DO CORDA;0023;0354;78;46;2;5;4;144;9
07315;BARRA DO CORDA;0023;0355;150;93;7;11;25;301;15
07315;BARRA DO CORDA;0023;0357;174;57;4;15;9;287;28
07315;BARRA DO CORDA;0023;0358;156;74;5;12;16;288;25
07315;BARRA DO CORDA;0023;0359;157;79;3;12;12;288;25
07315;BARRA DO CORDA;0023;0360;166;61;6;4;22;286;27
07315;BARRA DO CORDA;0023;0361;76;35;0;3;3;139;22
07315;BARRA DO CORDA;0023;0362;140;72;2;8;16;267;29
07315;BARRA DO CORDA;0023;0363;133;85;2;5;11;275;39
07315;BARRA DO CORDA;0023;0364;126;93;7;12;13;278;27
07315;BARRA DO CORDA;0023;0365;134;77;12;8;19;273;23
07315;BARRA DO CORDA;0023;0366;129;80;4;9;15;267;30
07315;BARRA DO CORDA;0023;0368;69;59;0;2;15;167;22
07315;BARRA DO CORDA;0023;0369;44;61;0;2;1;112;4
07315;BARRA DO CORDA;0023;0370;149;65;6;12;13;269;24
07315;BARRA DO CORDA;0023;0371;142;65;6;8;13;254;20
07315;BARRA DO CORDA;0023;0372;141;73;7;8;13;261;19
07315;BARRA DO CORDA;0023;0373;133;85;5;10;9;257;15
07315;BARRA DO CORDA;0023;0375;140;45;2;0;4;210;19
07315;BARRA DO CORDA;0023;0377;118;69;3;2;10;219;17
07315;BARRA DO CORDA;0023;0378;116;67;0;2;13;219;21
07315;BARRA DO CORDA;0023;0379;112;62;1;8;7;203;13
07315;BARRA DO CORDA;0023;0380;122;57;4;4;7;205;11
07315;BARRA DO CORDA;0023;0381;105;52;3;11;9;200;20
07315;BARRA DO CORDA;0023;0382;110;64;1;11;9;214;19
07315;BARRA DO CORDA;0023;0383;103;45;2;7;21;202;24
07315;BARRA DO CORDA;0023;0384;116;61;3;6;7;215;22
07315;BARRA DO CORDA;0023;0385;107;58;6;11;10;203;11
07315;BARRA DO CORDA;0023;0386;90;53;6;14;18;211;30
07315;BARRA DO CORDA;0023;0387;72;49;2;8;16;165;18
07315;BARRA DO CORDA;0023;0389;104;47;3;3;6;181;18
07315;BARRA DO CORDA;0023;0391;78;91;3;1;11;196;12
07315;BARRA DO CORDA;0023;0392;77;96;0;6;6;207;22
07315;BARRA DO CORDA;0023;0393;79;69;4;2;7;175;14
07315;BARRA DO CORDA;0023;0394;113;74;2;3;13;228;23
07315;BARRA DO CORDA;0023;0395;100;97;5;3;9;232;18
07315;BARRA DO CORDA;0023;0396;108;87;5;4;9;226;13
07315;BARRA DO CORDA;0023;0397;113;79;3;6;5;226;20
07315;BARRA DO CORDA;0023;0398;113;53;4;6;7;197;14
07315;BARRA DO CORDA;0023;0399;102;48;8;6;7;186;15
07315;BARRA DO CORDA;0023;0400;111;44;6;4;8;188;15
07315;BARRA DO CORDA;0023;0401;116;46;4;3;6;190;15
07315;BARRA DO CORDA;0023;0402;51;60;1;11;9;150;18
07315;BARRA DO CORDA;0023;0403;73;46;2;6;2;138;9
07315;BARRA DO CORDA;0023;0404;195;74;0;1;13;302;19
07315;BARRA DO CORDA;0023;0406;10;58;0;1;1;71;1
07315;BARRA DO CORDA;0023;0407;118;110;5;9;9;257;6
07315;BARRA DO CORDA;0023;0408;103;118;4;6;13;256;12
07315;BARRA DO CORDA;0023;0409;116;111;2;6;10;262;17
07315;BARRA DO CORDA;0023;0410;114;95;6;5;15;245;10
07315;BARRA DO CORDA;0023;0411;16;31;1;2;0;53;3
07315;BARRA DO CORDA;0023;0412;161;60;7;3;13;255;11
07315;BARRA DO CORDA;0023;0413;135;64;6;6;14;251;26
07315;BARRA DO CORDA;0023;0414;37;58;0;3;4;116;14
07315;BARRA DO CORDA;0023;0415;72;72;0;7;6;166;9
07315;BARRA DO CORDA;0023;0416;135;54;7;6;17;239;20
07315;BARRA DO CORDA;0023;0419;107;99;3;4;13;239;13
07315;BARRA DO CORDA;0023;0420;96;105;3;6;8;233;15
07315;BARRA DO CORDA;0023;0421;115;95;3;2;5;226;6
07315;BARRA DO CORDA;0023;0422;153;50;6;9;15;252;19
07315;BARRA DO CORDA;0023;0423;136;54;6;14;19;253;24
07315;BARRA DO CORDA;0023;0424;140;64;5;9;18;255;19
07315;BARRA DO CORDA;0023;0425;143;58;5;11;12;248;19
07315;BARRA DO CORDA;0023;0426;147;62;3;13;12;255;18
07315;BARRA DO CORDA;0023;0427;170;59;4;15;13;278;17
07315;BARRA DO CORDA;0023;0428;149;73;7;11;9;269;20
07315;BARRA DO CORDA;0023;0429;140;69;2;7;18;253;17
07315;BARRA DO CORDA;0023;0430;153;66;9;17;8;271;18
07315;BARRA DO CORDA;0023;0431;163;73;2;4;20;277;15
07315;BARRA DO CORDA;0023;0432;97;78;9;6;20;238;28
07315;BARRA DO CORDA;0023;0433;87;79;6;9;12;221;28
07315;BARRA DO CORDA;0023;0434;101;39;1;5;5;167;16
07315;BARRA DO CORDA;0023;0435;101;31;1;13;11;170;13
07315;BARRA DO CORDA;0023;0436;110;33;0;5;8;173;17
07315;BARRA DO CORDA;0023;0437;65;65;1;4;4;147;8
07315;BARRA DO CORDA;0023;0438;51;42;1;3;9;121;15
07315;BARRA DO CORDA;0023;0439;98;90;1;11;10;230;20
07315;BARRA DO CORDA;0023;0441;149;46;3;10;16;237;13
07315;BARRA DO CORDA;0023;0442;158;57;10;11;13;264;15
07315;BARRA DO CORDA;0023;0443;161;48;5;9;14;256;19
07315;BARRA DO CORDA;0023;0444;146;54;5;9;6;235;15
07315;BARRA DO CORDA;0023;0445;79;35;0;8;8;139;9
07315;BARRA DO CORDA;0023;0446;140;85;1;15;17;285;27
07315;BARRA DO CORDA;0023;0448;173;63;0;15;14;289;24
07315;BARRA DO CORDA;0023;0450;65;28;0;15;3;123;12
07315;BARRA DO CORDA;0023;0451;127;70;10;10;9;241;15
07315;BARRA DO CORDA;0023;0452;148;55;8;4;11;238;12
07315;BARRA DO CORDA;0023;0453;112;75;6;7;14;244;30
07315;BARRA DO CORDA;0023;0454;123;79;7;14;13;257;21
07315;BARRA DO CORDA;0023;0455;123;57;7;12;8;218;11
07315;BARRA DO CORDA;0023;0457;144;79;11;12;14;289;29
07315;BARRA DO CORDA;0023;0458;139;70;14;7;12;279;37
07315;BARRA DO CORDA;0023;0459;40;97;2;2;7;167;19
07315;BARRA DO CORDA;0023;0460;23;35;1;2;6;82;15
07315;BARRA DO CORDA;0023;0461;156;64;5;11;13;264;15
07315;BARRA DO CORDA;0023;0462;153;76;4;9;15;284;27
07315;BARRA DO CORDA;0023;0463;119;85;5;8;10;245;18
07315;BARRA DO CORDA;0023;0464;102;72;3;11;10;213;15
07315;BARRA DO CORDA;0023;0465;84;105;3;2;5;208;9
07315;BARRA DO CORDA;0023;0466;109;56;0;6;20;208;17
07315;BARRA DO CORDA;0023;0467;109;58;8;5;12;206;14
07315;BARRA DO CORDA;0023;0468;4;212;0;0;8;248;24
07315;BARRA DO CORDA;0023;0469;4;55;0;0;0;61;2
07315;BARRA DO CORDA;0023;0470;3;68;0;0;2;76;3
07315;BARRA DO CORDA;0023;0471;13;82;0;1;12;123;15
07315;BARRA DO CORDA;0023;0472;21;24;1;0;7;55;2
07315;BARRA DO CORDA;0023;0475;153;68;5;13;16;281;26
07374;BEQUIMÃO;0111;0094;129;76;1;3;6;235;20
07374;BEQUIMÃO;0111;0095;116;98;2;5;8;242;13
07374;BEQUIMÃO;0111;0096;139;87;1;3;8;248;10
07374;BEQUIMÃO;0111;0097;162;85;3;5;13;290;22
07374;BEQUIMÃO;0111;0099;69;46;0;4;7;136;10
07374;BEQUIMÃO;0111;0100;136;94;1;4;8;268;25
07374;BEQUIMÃO;0111;0101;185;66;0;5;3;276;17
07374;BEQUIMÃO;0111;0102;178;72;4;6;12;282;10
07374;BEQUIMÃO;0111;0103;163;82;1;12;5;274;11
07374;BEQUIMÃO;0111;0104;155;87;1;7;7;272;15
07374;BEQUIMÃO;0111;0105;153;60;2;11;3;240;11
07374;BEQUIMÃO;0111;0106;112;78;0;8;11;245;36
07374;BEQUIMÃO;0111;0107;130;64;0;10;9;241;28
07374;BEQUIMÃO;0111;0108;122;81;0;3;6;245;33
07374;BEQUIMÃO;0111;0109;156;61;1;6;7;257;26
07374;BEQUIMÃO;0111;0110;84;79;1;5;13;199;17
07374;BEQUIMÃO;0111;0111;117;66;0;9;10;220;18
07374;BEQUIMÃO;0111;0112;104;78;0;4;14;217;17
07374;BEQUIMÃO;0111;0113;118;64;1;9;7;214;15
07374;BEQUIMÃO;0111;0114;123;82;1;8;8;233;11
07374;BEQUIMÃO;0111;0115;145;71;1;3;9;244;15
07374;BEQUIMÃO;0111;0116;134;71;2;5;10;237;15
07374;BEQUIMÃO;0111;0117;93;57;0;6;4;178;18
07374;BEQUIMÃO;0111;0118;118;47;1;8;14;208;20
07374;BEQUIMÃO;0111;0119;120;54;0;1;9;205;21
07374;BEQUIMÃO;0111;0120;104;51;1;7;8;193;22
07374;BEQUIMÃO;0111;0121;112;61;0;3;4;184;4
07374;BEQUIMÃO;0111;0122;100;43;0;7;12;178;16
07374;BEQUIMÃO;0111;0123;109;55;0;5;8;186;9
07374;BEQUIMÃO;0111;0124;94;54;1;3;8;171;11
07374;BEQUIMÃO;0111;0125;149;77;0;5;15;267;21
07374;BEQUIMÃO;0111;0126;170;57;3;4;8;261;19
07374;BEQUIMÃO;0111;0127;172;68;1;3;11;269;14
07374;BEQUIMÃO;0111;0128;130;80;0;2;11;233;10
07374;BEQUIMÃO;0111;0129;119;85;0;2;9;225;10
07374;BEQUIMÃO;0111;0130;128;80;0;4;5;223;6
07374;BEQUIMÃO;0111;0131;107;86;0;1;6;215;15
07374;BEQUIMÃO;0111;0132;127;76;1;4;8;235;19
07374;BEQUIMÃO;0111;0133;117;90;1;5;6;241;22
07374;BEQUIMÃO;0111;0134;92;73;0;5;10;198;18
07374;BEQUIMÃO;0111;0135;95;79;1;5;2;198;16
07374;BEQUIMÃO;0111;0136;91;81;2;7;7;209;21
07374;BEQUIMÃO;0111;0137;107;90;1;1;10;221;12
07374;BEQUIMÃO;0111;0138;143;61;0;3;9;226;10
07374;BEQUIMÃO;0111;0139;126;81;0;3;6;235;19
07374;BEQUIMÃO;0111;0140;144;77;1;2;7;248;17
07374;BEQUIMÃO;0111;0141;133;88;3;9;9;266;24
07374;BEQUIMÃO;0111;0142;137;93;0;14;12;276;20
07374;BEQUIMÃO;0111;0143;121;112;0;10;6;259;10
07374;BEQUIMÃO;0111;0144;156;61;0;5;7;239;10
07374;BEQUIMÃO;0111;0146;160;69;0;13;5;257;10
07374;BEQUIMÃO;0111;0148;118;61;0;8;5;205;13
07374;BEQUIMÃO;0111;0150;117;46;0;8;4;229;54
07374;BEQUIMÃO;0111;0151;94;42;0;6;3;191;46
07374;BEQUIMÃO;0111;0152;125;44;0;7;0;201;25
07374;BEQUIMÃO;0111;0153;132;85;0;2;12;251;20
07374;BEQUIMÃO;0111;0155;62;62;0;6;5;154;19
07374;BEQUIMÃO;0111;0156;94;73;0;2;12;204;23
07374;BEQUIMÃO;0111;0158;102;70;0;4;2;190;12
07374;BEQUIMÃO;0111;0159;116;69;0;3;1;198;9
07374;BEQUIMÃO;0111;0160;162;76;1;9;5;261;8
07374;BEQUIMÃO;0111;0198;152;79;0;7;5;258;15
07374;BEQUIMÃO;0111;0199;162;79;0;7;6;265;11
07374;BEQUIMÃO;0111;0200;117;62;0;7;4;229;39
07404;CAPINZAL DO NORTE;0069;0199;83;95;0;9;24;231;20
07404;CAPINZAL DO NORTE;0069;0200;115;89;1;5;11;238;17
07404;CAPINZAL DO NORTE;0069;0201;105;92;1;6;11;227;12
07404;CAPINZAL DO NORTE;0069;0202;111;93;1;5;12;241;19
07404;CAPINZAL DO NORTE;0069;0203;78;84;1;3;17;200;17
07404;CAPINZAL DO NORTE;0069;0204;75;86;0;2;12;192;17
07404;CAPINZAL DO NORTE;0069;0205;97;96;0;2;10;225;20
07404;CAPINZAL DO NORTE;0069;0206;93;75;1;8;16;205;12
07404;CAPINZAL DO NORTE;0069;0207;102;111;1;3;7;239;15
07404;CAPINZAL DO NORTE;0069;0208;84;104;1;2;15;227;21
07404;CAPINZAL DO NORTE;0069;0209;96;91;2;5;11;224;19
07404;CAPINZAL DO NORTE;0069;0210;101;107;3;5;9;236;11
07404;CAPINZAL DO NORTE;0069;0211;86;113;0;7;11;238;21
07404;CAPINZAL DO NORTE;0069;0212;59;74;2;6;19;186;26
07404;CAPINZAL DO NORTE;0069;0213;73;68;1;3;13;168;10
07404;CAPINZAL DO NORTE;0069;0214;67;77;0;4;11;171;12
07404;CAPINZAL DO NORTE;0069;0215;70;64;2;5;13;165;11
07404;CAPINZAL DO NORTE;0069;0216;69;79;0;3;9;171;11
07404;CAPINZAL DO NORTE;0069;0217;64;71;2;4;13;172;18
07404;CAPINZAL DO NORTE;0069;0218;63;67;0;6;16;170;18
07404;CAPINZAL DO NORTE;0069;0219;83;102;2;2;15;228;24
07404;CAPINZAL DO NORTE;0069;0220;90;109;1;6;8;234;20
07404;CAPINZAL DO NORTE;0069;0221;77;126;2;6;9;234;14
07404;CAPINZAL DO NORTE;0069;0222;81;134;0;7;15;262;25
07404;CAPINZAL DO NORTE;0069;0223;81;105;1;5;14;230;24
07404;CAPINZAL DO NORTE;0069;0224;83;116;1;4;17;237;16
07404;CAPINZAL DO NORTE;0069;0225;51;73;0;3;13;158;18
07404;CAPINZAL DO NORTE;0069;0226;56;58;0;6;13;145;12
07404;CAPINZAL DO NORTE;0069;0227;54;82;2;7;10;176;21
07404;CAPINZAL DO NORTE;0069;0228;74;84;3;6;19;199;13
07404;CAPINZAL DO NORTE;0069;0229;87;100;2;5;13;224;17
07404;CAPINZAL DO NORTE;0069;0293;32;50;1;4;5;105;13
07404;CAPINZAL DO NORTE;0069;0295;18;63;0;1;10;126;34
07404;CAPINZAL DO NORTE;0069;0296;83;89;0;4;10;201;15
07404;CAPINZAL DO NORTE;0069;0297;92;102;3;8;4;222;13
07552;CARUTAPERA;0055;0001;91;61;2;3;9;191;25
07552;CARUTAPERA;0055;0002;101;50;1;5;6;193;30
07552;CARUTAPERA;0055;0003;103;62;2;7;13;217;30
07552;CARUTAPERA;0055;0004;108;58;1;4;9;211;31
07552;CARUTAPERA;0055;0005;108;59;2;1;7;203;26
07552;CARUTAPERA;0055;0006;114;59;1;1;9;224;40
07552;CARUTAPERA;0055;0007;74;73;3;2;12;192;28
07552;CARUTAPERA;0055;0008;97;37;0;5;11;171;21
07552;CARUTAPERA;0055;0009;107;79;1;4;13;248;44
07552;CARUTAPERA;0055;0010;96;45;2;3;16;194;32
07552;CARUTAPERA;0055;0011;39;27;0;2;0;71;3
07552;CARUTAPERA;0055;0012;127;82;1;8;5;253;30
07552;CARUTAPERA;0055;0013;111;54;1;7;7;214;34
07552;CARUTAPERA;0055;0014;101;42;0;1;6;171;21
07552;CARUTAPERA;0055;0015;97;128;2;3;9;262;23
07552;CARUTAPERA;0055;0016;93;105;3;5;11;240;23
07552;CARUTAPERA;0055;0017;88;123;2;4;7;252;28
07552;CARUTAPERA;0055;0018;49;44;1;1;7;115;13
07552;CARUTAPERA;0055;0054;105;53;0;3;14;198;23
07552;CARUTAPERA;0055;0055;126;72;1;4;5;255;47
07552;CARUTAPERA;0055;0057;103;54;1;0;10;192;24
07552;CARUTAPERA;0055;0060;102;74;2;2;11;227;36
07552;CARUTAPERA;0055;0062;100;38;1;4;18;188;27
07552;CARUTAPERA;0055;0066;121;68;2;6;9;230;24
07552;CARUTAPERA;0055;0068;105;124;0;6;15;276;26
07552;CARUTAPERA;0055;0069;13;28;1;0;0;48;6
07552;CARUTAPERA;0055;0070;8;21;1;1;4;36;1
07552;CARUTAPERA;0055;0073;98;135;1;2;6;265;23
07552;CARUTAPERA;0055;0074;117;63;4;6;14;229;25
07552;CARUTAPERA;0055;0077;101;64;1;5;11;215;33
07552;CARUTAPERA;0055;0078;126;59;1;2;9;224;27
07552;CARUTAPERA;0055;0083;137;68;2;4;13;268;44
07552;CARUTAPERA;0055;0084;127;63;1;3;16;242;32
07552;CARUTAPERA;0055;0085;64;51;2;0;6;127;4
07552;CARUTAPERA;0055;0086;131;67;1;8;18;257;32
07552;CARUTAPERA;0055;0087;128;73;3;3;12;268;49
07552;CARUTAPERA;0055;0091;70;59;1;0;9;151;12
07552;CARUTAPERA;0055;0093;130;74;1;7;9;252;31
07552;CARUTAPERA;0055;0096;94;47;2;7;3;180;27
07552;CARUTAPERA;0055;0097;113;49;2;3;9;202;26
07552;CARUTAPERA;0055;0098;65;65;0;1;2;133;0
07552;CARUTAPERA;0055;0099;51;51;2;2;13;147;28
07552;CARUTAPERA;0055;0103;135;67;2;6;12;253;31
07552;CARUTAPERA;0055;0109;95;57;0;4;16;185;13
07552;CARUTAPERA;0055;0112;89;53;1;8;6;180;23
07552;CARUTAPERA;0055;0114;94;39;0;5;7;174;29
07552;CARUTAPERA;0055;0116;98;65;1;4;8;197;21
07552;CARUTAPERA;0055;0119;102;73;0;4;4;209;26
07552;CARUTAPERA;0055;0120;101;64;1;6;10;192;10
07552;CARUTAPERA;0055;0122;144;56;0;4;15;257;38
07552;CARUTAPERA;0055;0123;97;124;1;4;7;253;20
07552;CARUTAPERA;0055;0124;121;68;4;9;11;243;30
07552;CARUTAPERA;0055;0125;104;60;1;5;18;208;20
07552;CARUTAPERA;0055;0126;133;79;1;5;7;253;28
07552;CARUTAPERA;0055;0127;124;72;1;5;18;251;31
07552;CARUTAPERA;0055;0128;101;47;1;4;7;182;22
07552;CARUTAPERA;0055;0131;74;64;0;4;8;177;27
07552;CARUTAPERA;0055;0132;108;57;5;4;9;209;26
07552;CARUTAPERA;0055;0133;132;52;1;9;11;255;50
07552;CARUTAPERA;0055;0134;90;130;0;2;5;253;26
07552;CARUTAPERA;0055;0135;58;65;2;2;7;148;14
07552;CARUTAPERA;0055;0136;55;60;0;0;11;148;22
07552;CARUTAPERA;0055;0137;25;61;0;2;6;104;10
07552;CARUTAPERA;0055;0138;38;49;0;2;6;103;8
07552;CARUTAPERA;0055;0140;148;62;1;4;10;259;34
07552;CARUTAPERA;0055;0141;131;83;3;13;6;273;37
07552;CARUTAPERA;0055;0143;129;66;3;8;12;258;40
07552;CARUTAPERA;0055;0144;109;71;4;10;10;240;36
07552;CARUTAPERA;0055;0154;108;71;2;7;15;235;32
07552;CARUTAPERA;0055;0155;125;69;3;13;5;241;26
07552;CARUTAPERA;0055;0156;116;45;1;5;11;204;26
07552;CARUTAPERA;0055;0159;46;38;0;0;6;97;7
07552;CARUTAPERA;0055;0160;88;72;2;2;6;218;48
07609;GOVERNADOR EDISON LOBÃO;0103;0029;108;81;7;9;9;243;29
07609;GOVERNADOR EDISON LOBÃO;0103;0030;124;76;3;8;11;239;17
07609;GOVERNADOR EDISON LOBÃO;0103;0031;126;84;3;4;7;243;19
07609;GOVERNADOR EDISON LOBÃO;0103;0032;117;93;5;6;10;247;16
07609;GOVERNADOR EDISON LOBÃO;0103;0033;113;86;7;5;15;241;15
07609;GOVERNADOR EDISON LOBÃO;0103;0034;117;79;4;6;15;240;19
07609;GOVERNADOR EDISON LOBÃO;0103;0035;115;77;6;12;8;238;20
07609;GOVERNADOR EDISON LOBÃO;0103;0036;139;123;4;3;14;305;22
07609;GOVERNADOR EDISON LOBÃO;0103;0037;146;115;7;3;13;315;31
07609;GOVERNADOR EDISON LOBÃO;0103;0038;143;107;7;1;24;313;31
07609;GOVERNADOR EDISON LOBÃO;0103;0039;153;111;11;5;16;321;25
07609;GOVERNADOR EDISON LOBÃO;0103;0040;150;122;7;5;13;328;31
07609;GOVERNADOR EDISON LOBÃO;0103;0041;151;93;10;4;12;290;20
07609;GOVERNADOR EDISON LOBÃO;0103;0042;146;84;7;6;16;280;21
07609;GOVERNADOR EDISON LOBÃO;0103;0043;140;110;3;10;17;305;25
07609;GOVERNADOR EDISON LOBÃO;0103;0044;143;113;4;10;16;314;28
07609;GOVERNADOR EDISON LOBÃO;0103;0045;167;102;0;5;16;326;36
07609;GOVERNADOR EDISON LOBÃO;0103;0046;117;120;3;5;23;305;37
07609;GOVERNADOR EDISON LOBÃO;0103;0047;138;96;6;1;12;266;13
07609;GOVERNADOR EDISON LOBÃO;0103;0048;158;113;5;5;15;327;31
07609;GOVERNADOR EDISON LOBÃO;0103;0049;153;102;14;8;20;322;25
07609;GOVERNADOR EDISON LOBÃO;0103;0050;173;106;7;6;13;332;27
07609;GOVERNADOR EDISON LOBÃO;0103;0051;95;137;8;6;10;281;25
07609;GOVERNADOR EDISON LOBÃO;0103;0067;154;99;6;9;16;313;29
07609;GOVERNADOR EDISON LOBÃO;0103;0069;138;95;13;7;18;306;35
07609;GOVERNADOR EDISON LOBÃO;0103;0070;166;100;16;6;10;319;21
07609;GOVERNADOR EDISON LOBÃO;0103;0071;158;100;6;6;19;315;26
07609;GOVERNADOR EDISON LOBÃO;0103;0075;126;111;3;6;6;257;5
07609;GOVERNADOR EDISON LOBÃO;0103;0076;163;99;7;4;13;303;17
07609;GOVERNADOR EDISON LOBÃO;0103;0077;93;106;17;7;7;258;28
07609;GOVERNADOR EDISON LOBÃO;0103;0078;145;97;3;10;12;299;32
07609;GOVERNADOR EDISON LOBÃO;0103;0079;144;102;9;2;21;301;23
07609;GOVERNADOR EDISON LOBÃO;0103;0081;141;88;7;9;9;278;24
07609;GOVERNADOR EDISON LOBÃO;0103;0082;82;99;8;5;7;259;58
07609;GOVERNADOR EDISON LOBÃO;0103;0083;71;90;11;7;11;240;50
07609;GOVERNADOR EDISON LOBÃO;0103;0085;141;92;7;9;16;289;24
07609;GOVERNADOR EDISON LOBÃO;0103;0086;121;98;12;11;5;271;24
07609;GOVERNADOR EDISON LOBÃO;0103;0087;126;118;8;10;14;294;18
07609;GOVERNADOR EDISON LOBÃO;0103;0088;150;84;13;2;10;283;24
07609;GOVERNADOR EDISON LOBÃO;0103;0089;130;104;14;10;14;284;12
07609;GOVERNADOR EDISON LOBÃO;0103;0090;150;96;12;8;8;294;20
07609;GOVERNADOR EDISON LOBÃO;0103;0094;120;97;3;9;12;260;19
07609;GOVERNADOR EDISON LOBÃO;0103;0096;104;63;6;3;6;188;6
07609;GOVERNADOR EDISON LOBÃO;0103;0097;101;74;4;5;2;197;11
07722;ITINGA DO MARANHÃO;0098;0001;73;113;28;6;14;241;7
07722;ITINGA DO MARANHÃO;0098;0002;105;97;16;5;19;255;13
07722;ITINGA DO MARANHÃO;0098;0003;91;119;11;9;15;259;14
07722;ITINGA DO MARANHÃO;0098;0004;110;78;12;5;14;228;9
07722;ITINGA DO MARANHÃO;0098;0005;88;95;21;7;13;232;8
07722;ITINGA DO MARANHÃO;0098;0006;48;94;13;9;12;187;11
07722;ITINGA DO MARANHÃO;0098;0007;47;106;16;7;16;205;13
07722;ITINGA DO MARANHÃO;0098;0008;54;109;11;6;10;208;18
07722;ITINGA DO MARANHÃO;0098;0009;54;99;18;4;15;213;23
07722;ITINGA DO MARANHÃO;0098;0010;64;93;19;6;13;207;12
07722;ITINGA DO MARANHÃO;0098;0011;61;106;18;2;17;214;10
07722;ITINGA DO MARANHÃO;0098;0012;79;96;12;2;17;219;13
07722;ITINGA DO MARANHÃO;0098;0013;74;109;11;6;7;218;11
07722;ITINGA DO MARANHÃO;0098;0014;81;105;10;2;9;217;10
07722;ITINGA DO MARANHÃO;0098;0015;88;100;10;7;10;225;10
07722;ITINGA DO MARANHÃO;0098;0016;72;110;12;5;12;222;11
07722;ITINGA DO MARANHÃO;0098;0017;71;105;23;6;11;231;15
07722;ITINGA DO MARANHÃO;0098;0018;79;102;15;9;13;226;8
07722;ITINGA DO MARANHÃO;0098;0019;86;107;11;4;14;229;7
07722;ITINGA DO MARANHÃO;0098;0020;82;118;11;9;18;244;6
07722;ITINGA DO MARANHÃO;0098;0021;86;112;13;3;14;248;20
07722;ITINGA DO MARANHÃO;0098;0022;90;111;11;4;12;238;10
07722;ITINGA DO MARANHÃO;0098;0023;99;114;15;7;10;257;12
07722;ITINGA DO MARANHÃO;0098;0024;103;98;18;6;15;254;14
07722;ITINGA DO MARANHÃO;0098;0025;107;103;23;2;15;263;13
07722;ITINGA DO MARANHÃO;0098;0026;109;115;18;11;10;277;14
07722;ITINGA DO MARANHÃO;0098;0027;105;108;18;5;19;269;14
07722;ITINGA DO MARANHÃO;0098;0028;66;84;10;3;16;188;9
07722;ITINGA DO MARANHÃO;0098;0029;60;88;13;5;9;189;14
07722;ITINGA DO MARANHÃO;0098;0030;59;78;11;1;16;172;7
07722;ITINGA DO MARANHÃO;0098;0031;54;96;11;4;13;191;13
07722;ITINGA DO MARANHÃO;0098;0032;87;138;13;3;14;272;17
07722;ITINGA DO MARANHÃO;0098;0033;56;113;9;8;11;210;13
07722;ITINGA DO MARANHÃO;0098;0034;75;106;13;3;10;225;18
07722;ITINGA DO MARANHÃO;0098;0035;54;121;8;4;23;220;10
07722;ITINGA DO MARANHÃO;0098;0036;62;104;2;5;10;193;10
07722;ITINGA DO MARANHÃO;0098;0037;64;109;9;6;11;212;13
07722;ITINGA DO MARANHÃO;0098;0038;74;76;17;3;15;201;16
07722;ITINGA DO MARANHÃO;0098;0039;69;85;14;6;12;195;9
07722;ITINGA DO MARANHÃO;0098;0040;67;95;10;6;16;208;14
07722;ITINGA DO MARANHÃO;0098;0041;73;99;11;4;12;209;10
07722;ITINGA DO MARANHÃO;0098;0042;62;83;12;2;13;186;14
07722;ITINGA DO MARANHÃO;0098;0043;76;80;16;3;10;196;11
07722;ITINGA DO MARANHÃO;0098;0044;88;112;11;5;20;252;16
07722;ITINGA DO MARANHÃO;0098;0045;115;99;17;5;16;264;12
07722;ITINGA DO MARANHÃO;0098;0046;86;122;18;9;15;262;12
07722;ITINGA DO MARANHÃO;0098;0047;75;83;6;8;12;193;9
07722;ITINGA DO MARANHÃO;0098;0048;66;84;13;2;14;190;11
07722;ITINGA DO MARANHÃO;0098;0049;18;100;5;7;13;176;33
07722;ITINGA DO MARANHÃO;0098;0050;27;92;12;3;15;179;30
07722;ITINGA DO MARANHÃO;0098;0051;28;62;11;4;14;130;11
07722;ITINGA DO MARANHÃO;0098;0052;22;57;6;3;12;111;11
07722;ITINGA DO MARANHÃO;0098;0053;28;68;17;3;8;134;10
07722;ITINGA DO MARANHÃO;0098;0054;26;86;8;1;9;138;8
07722;ITINGA DO MARANHÃO;0098;0055;12;79;10;1;3;112;7
07722;ITINGA DO MARANHÃO;0098;0057;56;133;12;4;13;241;23
07722;ITINGA DO MARANHÃO;0098;0118;73;88;8;2;16;197;10
07722;ITINGA DO MARANHÃO;0098;0122;52;106;8;6;11;194;11
07722;ITINGA DO MARANHÃO;0098;0124;76;102;14;6;8;219;13
07722;ITINGA DO MARANHÃO;0098;0128;64;92;10;9;15;199;9
07722;ITINGA DO MARANHÃO;0098;0202;19;80;7;4;9;149;30
07722;ITINGA DO MARANHÃO;0098;0205;71;96;14;4;8;198;5
07722;ITINGA DO MARANHÃO;0098;0206;72;138;15;4;17;259;13
07722;ITINGA DO MARANHÃO;0098;0207;56;106;11;10;9;198;6
07722;ITINGA DO MARANHÃO;0098;0208;95;97;11;1;18;237;15
07722;ITINGA DO MARANHÃO;0098;0209;103;118;16;7;11;263;8
07722;ITINGA DO MARANHÃO;0098;0210;40;93;19;6;8;174;8
07749;JATOBÁ;0029;0031;48;114;1;4;15;200;18
07749;JATOBÁ;0029;0032;35;98;0;0;7;153;13
07749;JATOBÁ;0029;0033;38;99;0;3;4;157;13
07749;JATOBÁ;0029;0034;68;134;2;3;10;230;13
07749;JATOBÁ;0029;0057;68;123;0;6;9;222;16
07749;JATOBÁ;0029;0062;88;139;0;2;12;251;10
07749;JATOBÁ;0029;0063;44;125;2;1;7;193;14
07749;JATOBÁ;0029;0066;72;119;0;3;6;211;11
07749;JATOBÁ;0029;0068;57;147;3;1;13;244;23
07749;JATOBÁ;0029;0069;44;120;0;3;6;184;11
07749;JATOBÁ;0029;0070;73;118;1;1;12;217;12
07749;JATOBÁ;0029;0074;64;113;0;5;9;205;14
07749;JATOBÁ;0029;0075;37;138;0;2;11;204;16
07749;JATOBÁ;0029;0079;64;142;0;3;8;242;25
07749;JATOBÁ;0029;0082;35;120;1;4;7;184;17
07749;JATOBÁ;0029;0085;64;124;0;2;7;213;16
07749;JATOBÁ;0029;0086;78;135;0;4;11;242;14
07749;JATOBÁ;0029;0092;46;115;0;2;8;183;12
07749;JATOBÁ;0029;0098;59;131;1;1;6;212;14
07749;JATOBÁ;0029;0103;71;122;0;2;3;206;8
07749;JATOBÁ;0029;0104;80;139;0;6;10;251;16
07749;JATOBÁ;0029;0106;64;145;0;0;14;245;22
07749;JATOBÁ;0029;0108;46;147;0;3;14;230;20
07749;JATOBÁ;0029;0111;70;151;3;2;12;253;15
07749;JATOBÁ;0029;0112;54;114;0;1;7;186;10
07749;JATOBÁ;0029;0113;36;111;0;3;4;164;10
07749;JATOBÁ;0029;0114;50;94;0;1;3;151;3
07935;GRAJAÚ;0015;0001;137;64;11;4;10;238;12
07935;GRAJAÚ;0015;0002;123;85;10;5;13;250;14
07935;GRAJAÚ;0015;0003;132;70;5;8;12;250;23
07935;GRAJAÚ;0015;0004;132;65;7;5;12;249;28
07935;GRAJAÚ;0015;0005;126;73;8;4;16;249;22
07935;GRAJAÚ;0015;0006;152;52;7;4;9;247;23
07935;GRAJAÚ;0015;0007;103;72;4;5;8;208;16
07935;GRAJAÚ;0015;0008;114;70;3;5;9;214;13
07935;GRAJAÚ;0015;0009;115;69;7;1;12;219;15
07935;GRAJAÚ;0015;0011;101;70;3;6;8;208;20
07935;GRAJAÚ;0015;0013;134;86;9;4;11;261;17
07935;GRAJAÚ;0015;0015;145;81;7;5;8;263;17
07935;GRAJAÚ;0015;0016;133;99;3;5;7;269;22
07935;GRAJAÚ;0015;0020;117;60;3;5;9;204;10
07935;GRAJAÚ;0015;0021;109;62;8;4;6;201;12
07935;GRAJAÚ;0015;0022;99;55;2;4;8;186;18
07935;GRAJAÚ;0015;0023;118;50;2;5;6;198;17
07935;GRAJAÚ;0015;0024;105;61;7;7;7;202;15
07935;GRAJAÚ;0015;0025;107;65;4;6;5;204;17
07935;GRAJAÚ;0015;0026;123;58;6;3;5;210;15
07935;GRAJAÚ;0015;0027;125;61;3;7;6;209;7
07935;GRAJAÚ;0015;0028;124;58;3;5;4;211;17
07935;GRAJAÚ;0015;0029;120;50;4;4;5;200;17
07935;GRAJAÚ;0015;0030;106;56;6;5;8;196;15
07935;GRAJAÚ;0015;0031;132;55;3;4;15;221;12
07935;GRAJAÚ;0015;0032;111;62;3;8;8;205;13
07935;GRAJAÚ;0015;0033;134;52;4;4;17;222;11
07935;GRAJAÚ;0015;0034;113;58;4;6;11;210;18
07935;GRAJAÚ;0015;0035;125;47;1;4;18;216;21
07935;GRAJAÚ;0015;0036;103;52;1;2;10;181;13
07935;GRAJAÚ;0015;0037;131;82;9;8;21;277;26
07935;GRAJAÚ;0015;0038;140;81;11;6;9;260;13
07935;GRAJAÚ;0015;0039;57;64;4;4;7;157;21
07935;GRAJAÚ;0015;0040;61;65;8;3;8;164;19
07935;GRAJAÚ;0015;0041;74;67;6;4;6;178;21
07935;GRAJAÚ;0015;0042;76;67;2;10;3;170;12
07935;GRAJAÚ;0015;0069;71;100;2;5;3;202;21
07935;GRAJAÚ;0015;0071;72;77;4;0;2;171;16
07935;GRAJAÚ;0015;0073;93;70;0;4;5;190;18
07935;GRAJAÚ;0015;0077;108;119;0;4;6;265;28
07935;GRAJAÚ;0015;0078;77;103;1;1;12;232;38
07935;GRAJAÚ;0015;0092;157;21;1;1;1;208;27
07935;GRAJAÚ;0015;0094;127;62;4;9;12;230;16
07935;GRAJAÚ;0015;0096;109;74;5;4;8;223;23
07935;GRAJAÚ;0015;0097;154;71;6;5;9;257;12
07935;GRAJAÚ;0015;0098;134;91;4;8;15;292;40
07935;GRAJAÚ;0015;0100;124;71;1;5;12;231;18
07935;GRAJAÚ;0015;0103;143;49;6;4;13;229;14
07935;GRAJAÚ;0015;0105;72;95;4;7;17;234;39
07935;GRAJAÚ;0015;0106;125;67;6;8;8;237;23
07935;GRAJAÚ;0015;0108;96;70;8;4;11;210;21
07935;GRAJAÚ;0015;0109;118;109;8;3;16;293;39
07935;GRAJAÚ;0015;0110;138;58;4;7;15;238;16
07935;GRAJAÚ;0015;0114;143;72;17;1;16;275;26
07935;GRAJAÚ;0015;0115;117;110;1;7;12;287;40
07935;GRAJAÚ;0015;0118;204;61;10;5;18;315;17
07935;GRAJAÚ;0015;0150;218;60;8;9;18;333;20
07935;GRAJAÚ;0015;0152;107;55;1;0;11;185;11
07935;GRAJAÚ;0015;0153;57;77;4;3;6;167;20
07935;GRAJAÚ;0015;0154;143;66;2;1;13;242;17
07935;GRAJAÚ;0015;0165;217;73;8;7;12;335;18
07935;GRAJAÚ;0015;0167;153;75;5;4;12;272;23
07935;GRAJAÚ;0015;0170;205;76;4;10;14;325;16
07935;GRAJAÚ;0015;0171;100;109;2;5;12;264;36
07935;GRAJAÚ;0015;0172;124;97;3;6;11;273;32
07935;GRAJAÚ;0015;0174;84;68;1;0;3;171;15
07935;GRAJAÚ;0015;0175;131;99;2;7;17;284;28
07935;GRAJAÚ;0015;0176;127;67;2;7;8;233;22
07935;GRAJAÚ;0015;0184;107;71;11;4;8;243;42
07935;GRAJAÚ;0015;0186;79;112;0;3;12;235;29
07935;GRAJAÚ;0015;0198;139;53;4;9;10;231;16
07935;GRAJAÚ;0015;0202;139;95;1;12;12;291;32
07935;GRAJAÚ;0015;0210;68;63;1;11;5;174;26
07935;GRAJAÚ;0015;0212;145;62;1;2;9;237;18
07935;GRAJAÚ;0015;0215;208;65;7;9;14;329;26
07935;GRAJAÚ;0015;0219;108;97;2;7;11;268;43
07935;GRAJAÚ;0015;0220;114;102;3;4;14;275;38
07935;GRAJAÚ;0015;0224;130;54;4;7;9;223;19
07935;GRAJAÚ;0015;0225;122;52;12;4;13;216;13
07935;GRAJAÚ;0015;0226;134;47;6;4;15;227;21
07935;GRAJAÚ;0015;0227;128;52;8;3;13;225;21
07935;GRAJAÚ;0015;0228;141;56;4;5;8;225;11
07935;GRAJAÚ;0015;0229;188;82;7;6;24;329;22
07935;GRAJAÚ;0015;0232;150;68;11;4;12;268;23
07935;GRAJAÚ;0015;0233;156;71;9;9;12;273;16
07935;GRAJAÚ;0015;0234;136;95;4;8;22;284;19
07935;GRAJAÚ;0015;0235;131;99;4;6;11;278;27
07935;GRAJAÚ;0015;0249;110;61;2;4;7;198;14
07935;GRAJAÚ;0015;0250;121;48;6;6;8;195;6
07935;GRAJAÚ;0015;0251;117;70;6;8;7;223;15
07935;GRAJAÚ;0015;0252;156;22;0;0;0;215;37
07935;GRAJAÚ;0015;0254;119;73;0;9;6;236;29
07935;GRAJAÚ;0015;0255;120;65;7;5;9;220;14
07935;GRAJAÚ;0015;0260;147;89;3;12;15;287;21
07935;GRAJAÚ;0015;0261;66;167;3;0;11;272;25
07935;GRAJAÚ;0015;0264;141;52;20;4;9;242;16
07935;GRAJAÚ;0015;0271;90;69;1;2;3;181;16
07935;GRAJAÚ;0015;0276;62;76;2;2;9;170;19
07935;GRAJAÚ;0015;0283;165;85;10;6;10;306;30
07935;GRAJAÚ;0015;0286;181;87;6;1;5;299;19
07935;GRAJAÚ;0015;0287;159;84;5;5;14;285;18
07935;GRAJAÚ;0015;0288;80;60;5;7;9;175;14
07935;GRAJAÚ;0015;0289;121;84;3;11;26;271;26
07935;GRAJAÚ;0015;0290;188;68;8;6;19;309;20
07935;GRAJAÚ;0015;0291;171;81;5;7;11;307;32
07935;GRAJAÚ;0015;0293;190;52;9;1;3;272;17
07935;GRAJAÚ;0015;0297;70;70;0;5;14;171;12
07935;GRAJAÚ;0015;0300;109;94;1;1;9;236;22
07935;GRAJAÚ;0015;0301;141;67;4;1;8;229;8
07935;GRAJAÚ;0015;0302;18;14;0;3;4;44;5
07935;GRAJAÚ;0015;0305;89;110;0;8;12;244;25
07935;GRAJAÚ;0015;0308;13;165;0;5;0;217;34
07935;GRAJAÚ;0015;0309;19;115;0;1;1;162;26
07935;GRAJAÚ;0015;0310;181;57;4;7;9;275;17
07935;GRAJAÚ;0015;0312;74;54;0;1;1;144;14
07935;GRAJAÚ;0015;0313;185;75;5;8;18;313;22
07935;GRAJAÚ;0015;0321;197;80;4;13;6;320;20
07935;GRAJAÚ;0015;0322;175;73;13;5;11;292;15
07935;GRAJAÚ;0015;0324;102;128;0;1;9;261;21
07935;GRAJAÚ;0015;0325;184;64;9;8;10;300;25
07935;GRAJAÚ;0015;0326;22;98;0;1;7;146;18
07935;GRAJAÚ;0015;0327;178;86;6;4;20;309;15
07935;GRAJAÚ;0015;0330;118;93;4;7;14;268;32
07935;GRAJAÚ;0015;0331;163;89;6;3;9;294;24
07935;GRAJAÚ;0015;0333;124;67;6;4;10;227;16
07935;GRAJAÚ;0015;0334;107;30;2;2;11;162;10
07935;GRAJAÚ;0015;0335;70;65;2;3;6;163;17
07935;GRAJAÚ;0015;0337;163;40;2;3;5;222;9
07935;GRAJAÚ;0015;0338;156;57;4;3;13;253;20
07935;GRAJAÚ;0015;0339;47;57;1;3;7;143;28
07935;GRAJAÚ;0015;0342;131;65;13;11;16;256;20
07935;GRAJAÚ;0015;0343;151;52;6;4;13;235;9
07935;GRAJAÚ;0015;0345;146;97;4;6;12;297;32
07935;GRAJAÚ;0015;0346;67;80;2;2;4;173;18
07935;GRAJAÚ;0015;0348;145;87;2;9;7;266;16
07935;GRAJAÚ;0015;0349;169;43;2;5;6;235;10
07935;GRAJAÚ;0015;0350;201;72;3;9;12;317;20
07935;GRAJAÚ;0015;0352;116;88;4;8;14;259;29
07935;GRAJAÚ;0015;0353;161;63;4;7;15;267;17
07935;GRAJAÚ;0015;0354;196;70;3;12;10;308;17
07935;GRAJAÚ;0015;0355;150;69;4;4;11;261;23
07935;GRAJAÚ;0015;0356;107;70;0;1;13;220;29
07935;GRAJAÚ;0015;0357;105;50;9;5;10;190;11
07935;GRAJAÚ;0015;0358;154;81;6;7;12;283;23
07935;GRAJAÚ;0015;0360;171;77;7;4;21;299;19
07935;GRAJAÚ;0015;0364;210;66;5;9;8;325;27
07935;GRAJAÚ;0015;0365;139;80;7;2;12;278;38
07935;GRAJAÚ;0015;0367;148;98;5;5;18;298;24
07935;GRAJAÚ;0015;0368;138;82;5;4;17;263;17
07935;GRAJAÚ;0015;0369;158;84;3;3;17;291;26
07935;GRAJAÚ;0015;0370;127;87;7;7;14;284;42
07935;GRAJAÚ;0015;0371;179;78;8;5;13;307;24
07935;GRAJAÚ;0015;0372;128;93;7;5;15;265;17
07935;GRAJAÚ;0015;0374;156;84;5;4;16;285;20
07935;GRAJAÚ;0015;0377;173;71;5;3;14;302;36
07935;GRAJAÚ;0015;0378;133;94;7;6;15;286;31
07935;GRAJAÚ;0015;0379;135;78;8;4;10;258;23
07935;GRAJAÚ;0015;0380;158;92;3;3;13;290;21
07935;GRAJAÚ;0015;0381;162;84;2;5;8;287;26
07935;GRAJAÚ;0015;0382;14;157;0;2;2;206;31
07935;GRAJAÚ;0015;0383;93;48;0;5;9;170;15
07935;GRAJAÚ;0015;0384;121;81;5;1;20;260;32
07935;GRAJAÚ;0015;0385;14;108;0;2;6;147;17
07935;GRAJAÚ;0015;0387;31;81;3;2;10;137;10
07935;GRAJAÚ;0015;0388;17;102;1;2;3;155;30
07935;GRAJAÚ;0015;0389;137;28;0;0;3;201;33
07935;GRAJAÚ;0015;0390;78;107;0;1;14;240;40
07935;GRAJAÚ;0015;0391;169;66;6;6;7;275;21
07935;GRAJAÚ;0015;0392;119;62;2;5;15;217;14
07935;GRAJAÚ;0015;0393;71;42;7;2;4;138;12
07935;GRAJAÚ;0015;0394;67;45;1;2;9;148;24
07935;GRAJAÚ;0015;0396;133;92;5;14;16;281;21
07935;GRAJAÚ;0015;0399;22;50;4;1;1;86;8
07935;GRAJAÚ;0015;0400;65;38;9;4;8;136;12
07935;GRAJAÚ;0015;0401;21;66;0;1;6;104;10
07935;GRAJAÚ;0015;0402;168;75;2;4;12;280;19
07935;GRAJAÚ;0015;0405;41;48;0;0;6;106;11
07935;GRAJAÚ;0015;0406;40;15;1;0;4;66;6
07935;GRAJAÚ;0015;0407;151;76;8;5;16;283;27
07935;GRAJAÚ;0015;0408;35;20;0;0;4;61;2
07935;GRAJAÚ;0015;0409;7;4;0;6;0;21;4
07994;ICATU;0031;0001;121;102;2;5;4;254;20
07994;ICATU;0031;0003;142;87;5;2;9;267;22
07994;ICATU;0031;0004;121;87;1;3;10;227;5
07994;ICATU;0031;0005;116;87;3;6;7;229;10
07994;ICATU;0031;0006;151;67;0;3;7;248;20
07994;ICATU;0031;0007;156;71;0;5;6;251;13
07994;ICATU;0031;0008;139;74;0;0;6;241;22
07994;ICATU;0031;0009;38;36;0;4;2;87;7
07994;ICATU;0031;0011;125;96;2;10;8;263;22
07994;ICATU;0031;0012;128;92;6;10;11;272;25
07994;ICATU;0031;0013;87;114;2;3;6;238;26
07994;ICATU;0031;0014;113;119;0;3;13;277;29
07994;ICATU;0031;0015;104;141;0;1;8;278;24
07994;ICATU;0031;0016;123;117;1;1;9;272;21
07994;ICATU;0031;0017;128;128;1;3;6;289;23
07994;ICATU;0031;0018;72;88;1;4;3;189;21
07994;ICATU;0031;0019;123;111;0;2;9;262;17
07994;ICATU;0031;0020;105;122;0;2;9;256;18
07994;ICATU;0031;0021;102;76;0;2;4;207;23
07994;ICATU;0031;0022;69;89;1;1;6;176;10
07994;ICATU;0031;0023;79;85;0;1;6;191;20
07994;ICATU;0031;0024;96;36;0;2;4;148;10
07994;ICATU;0031;0025;92;48;0;2;7;156;7
07994;ICATU;0031;0026;79;41;1;2;4;145;18
07994;ICATU;0031;0027;88;63;0;2;1;168;14
07994;ICATU;0031;0029;118;91;2;3;6;239;19
07994;ICATU;0031;0030;110;71;2;5;8;209;13
07994;ICATU;0031;0031;118;97;5;5;10;251;16
07994;ICATU;0031;0032;54;108;0;3;4;185;16
07994;ICATU;0031;0033;94;78;0;2;8;194;12
07994;ICATU;0031;0034;128;129;2;1;3;276;13
07994;ICATU;0031;0035;63;109;1;6;13;216;24
07994;ICATU;0031;0036;71;121;1;1;10;218;14
07994;ICATU;0031;0037;88;125;0;1;7;241;20
07994;ICATU;0031;0038;135;71;1;1;8;235;19
07994;ICATU;0031;0039;140;71;0;1;4;232;16
07994;ICATU;0031;0040;147;83;0;6;5;255;14
07994;ICATU;0031;0041;89;52;0;0;2;147;4
07994;ICATU;0031;0043;68;55;0;3;11;158;21
07994;ICATU;0031;0046;109;80;0;2;6;210;13
07994;ICATU;0031;0047;119;96;1;5;8;250;21
07994;ICATU;0031;0050;63;119;0;1;4;197;10
07994;ICATU;0031;0051;44;81;0;0;3;144;16
07994;ICATU;0031;0053;96;134;0;1;9;261;21
07994;ICATU;0031;0057;62;81;0;0;6;166;17
07994;ICATU;0031;0058;97;120;0;0;6;232;9
07994;ICATU;0031;0060;78;71;0;2;8;175;16
07994;ICATU;0031;0069;117;96;1;3;6;243;20
07994;ICATU;0031;0070;90;101;1;3;7;228;26
07994;ICATU;0031;0071;102;57;0;2;1;172;10
07994;ICATU;0031;0072;79;123;2;9;8;245;24
07994;ICATU;0031;0073;147;104;5;3;15;292;18
07994;ICATU;0031;0074;82;72;2;4;8;178;10
07994;ICATU;0031;0075;108;77;4;4;7;210;10
07994;ICATU;0031;0099;70;153;0;4;16;274;31
07994;ICATU;0031;0101;153;126;1;4;12;318;22
07994;ICATU;0031;0107;123;63;5;4;4;213;14
07994;ICATU;0031;0111;114;108;0;1;6;245;16
07994;ICATU;0031;0113;136;116;1;4;4;280;19
07994;ICATU;0031;0116;93;127;0;0;2;245;23
07994;ICATU;0031;0127;118;122;2;9;10;277;16
07994;ICATU;0031;0131;61;28;0;3;5;137;40
07994;ICATU;0031;0135;182;105;0;2;11;315;15
07994;ICATU;0031;0142;84;56;0;2;5;162;15
07994;ICATU;0031;0149;50;30;0;0;6;92;6
07994;ICATU;0031;0155;71;40;0;3;7;129;8
07994;ICATU;0031;0158;40;12;1;0;2;60;5
07994;ICATU;0031;0166;170;66;0;3;3;274;32
07994;ICATU;0031;0168;59;41;0;1;1;110;8
07994;ICATU;0031;0174;88;63;1;2;5;167;8
07994;ICATU;0031;0175;155;88;5;2;6;267;11
07994;ICATU;0031;0179;151;84;3;11;3;264;12
07994;ICATU;0031;0181;75;86;1;6;2;175;5
07994;ICATU;0031;0184;37;47;0;0;2;97;11
07994;ICATU;0031;0190;106;121;0;2;6;251;16
07994;ICATU;0031;0191;53;48;0;1;1;109;6
07994;ICATU;0031;0193;143;68;0;1;4;229;13
07994;ICATU;0031;0195;177;108;0;5;9;320;21
07994;ICATU;0031;0197;56;16;0;0;0;80;8
07994;ICATU;0031;0198;53;79;0;2;2;146;10
07994;ICATU;0031;0200;122;107;1;4;6;255;15
07994;ICATU;0031;0203;67;100;0;2;4;184;11
07994;ICATU;0031;0204;159;118;0;4;8;312;23
07994;ICATU;0031;0207;132;51;1;1;4;200;11
07994;ICATU;0031;0208;22;32;2;0;3;60;1
07994;ICATU;0031;0209;37;16;0;0;0;59;6
07994;ICATU;0031;0210;30;67;0;3;2;106;4
07994;ICATU;0031;0211;9;48;1;0;2;69;9
07994;ICATU;0031;0230;143;74;0;3;3;238;15
07994;ICATU;0031;0231;9;56;0;3;1;71;2
07994;ICATU;0031;0232;37;33;1;2;3;92;16
07994;ICATU;0031;0234;30;58;0;0;1;102;13
07994;ICATU;0031;0235;54;48;1;0;6;120;11
07994;ICATU;0031;0236;40;37;0;1;2;88;8
07994;ICATU;0031;0238;50;40;0;0;3;97;4
07994;ICATU;0031;0244;86;30;2;0;5;128;5
08095;JOÃO LISBOA;0058;0010;88;95;12;0;11;234;28
08095;JOÃO LISBOA;0058;0012;101;98;9;5;10;234;11
08095;JOÃO LISBOA;0058;0013;89;82;11;2;11;217;22
08095;JOÃO LISBOA;0058;0014;69;103;21;7;20;235;15
08095;JOÃO LISBOA;0058;0015;106;88;13;3;12;239;17
08095;JOÃO LISBOA;0058;0016;100;93;7;3;12;234;19
08095;JOÃO LISBOA;0058;0017;83;70;5;2;5;180;15
08095;JOÃO LISBOA;0058;0018;87;56;3;8;4;167;9
08095;JOÃO LISBOA;0058;0019;70;74;8;4;8;179;15
08095;JOÃO LISBOA;0058;0020;85;74;6;6;6;182;5
08095;JOÃO LISBOA;0058;0021;65;76;12;8;8;178;9
08095;JOÃO LISBOA;0058;0022;137;103;6;5;12;283;20
08095;JOÃO LISBOA;0058;0023;81;126;2;8;8;241;16
08095;JOÃO LISBOA;0058;0024;98;86;8;6;5;222;19
08095;JOÃO LISBOA;0058;0026;118;104;12;0;15;261;12
08095;JOÃO LISBOA;0058;0029;76;74;13;9;17;210;21
08095;JOÃO LISBOA;0058;0031;106;73;12;8;12;226;15
08095;JOÃO LISBOA;0058;0032;87;112;7;3;18;244;17
08095;JOÃO LISBOA;0058;0033;59;71;5;6;8;159;10
08095;JOÃO LISBOA;0058;0034;71;76;3;4;2;177;21
08095;JOÃO LISBOA;0058;0035;76;68;5;7;6;173;11
08095;JOÃO LISBOA;0058;0036;65;85;8;5;12;186;11
08095;JOÃO LISBOA;0058;0037;80;82;8;8;5;194;11
08095;JOÃO LISBOA;0058;0038;76;87;8;4;12;205;18
08095;JOÃO LISBOA;0058;0039;69;87;3;9;8;196;20
08095;JOÃO LISBOA;0058;0040;77;76;7;3;9;193;21
08095;JOÃO LISBOA;0058;0041;67;80;6;11;15;193;14
08095;JOÃO LISBOA;0058;0069;82;69;8;2;6;184;17
08095;JOÃO LISBOA;0058;0071;61;41;2;1;5;116;6
08095;JOÃO LISBOA;0058;0075;77;102;7;3;10;228;29
08095;JOÃO LISBOA;0058;0076;79;86;7;5;9;211;25
08095;JOÃO LISBOA;0058;0077;90;105;5;2;8;227;17
08095;JOÃO LISBOA;0058;0080;27;177;6;2;12;241;17
08095;JOÃO LISBOA;0058;0081;37;166;2;10;10;241;16
08095;JOÃO LISBOA;0058;0082;28;179;5;2;4;231;13
08095;JOÃO LISBOA;0058;0083;48;94;1;4;10;176;19
08095;JOÃO LISBOA;0058;0084;54;80;2;3;11;161;11
08095;JOÃO LISBOA;0058;0085;78;118;4;4;13;231;14
08095;JOÃO LISBOA;0058;0096;76;103;5;4;4;212;20
08095;JOÃO LISBOA;0058;0100;31;176;3;2;6;229;11
08095;JOÃO LISBOA;0058;0110;54;122;1;3;5;192;7
08095;JOÃO LISBOA;0058;0111;71;161;2;6;18;280;22
08095;JOÃO LISBOA;0058;0114;111;113;13;6;12;273;18
08095;JOÃO LISBOA;0058;0115;94;112;6;10;12;261;27
08095;JOÃO LISBOA;0058;0116;85;103;3;3;8;225;23
08095;JOÃO LISBOA;0058;0118;113;102;16;4;12;268;21
08095;JOÃO LISBOA;0058;0119;95;104;9;4;15;247;20
08095;JOÃO LISBOA;0058;0122;82;151;2;12;9;283;27
08095;JOÃO LISBOA;0058;0124;18;87;1;1;0;115;8
08095;JOÃO LISBOA;0058;0125;112;121;8;5;8;274;20
08095;JOÃO LISBOA;0058;0129;77;119;8;7;14;257;32
08095;JOÃO LISBOA;0058;0131;62;55;1;3;1;130;8
08095;JOÃO LISBOA;0058;0132;85;72;4;4;10;182;7
08095;JOÃO LISBOA;0058;0137;113;113;11;3;14;277;23
08095;JOÃO LISBOA;0058;0145;84;77;2;4;8;184;9
08095;JOÃO LISBOA;0058;0149;131;105;10;4;13;284;21
08095;JOÃO LISBOA;0058;0150;89;67;9;4;5;183;9
08095;JOÃO LISBOA;0058;0151;109;135;8;9;14;300;25
08095;JOÃO LISBOA;0058;0153;69;171;4;1;13;275;17
08095;JOÃO LISBOA;0058;0159;84;99;4;5;12;236;32
08095;JOÃO LISBOA;0058;0160;97;92;4;8;12;233;20
08095;JOÃO LISBOA;0058;0162;45;83;3;5;15;162;11
08095;JOÃO LISBOA;0058;0166;121;121;8;7;17;297;23
08095;JOÃO LISBOA;0058;0167;93;135;14;9;15;291;25
08095;JOÃO LISBOA;0058;0168;108;147;6;6;13;297;17
08095;JOÃO LISBOA;0058;0169;87;104;6;8;15;246;26
08095;JOÃO LISBOA;0058;0173;76;85;5;7;8;187;6
08095;JOÃO LISBOA;0058;0175;131;109;6;4;10;278;18
08095;JOÃO LISBOA;0058;0176;24;57;0;2;5;89;1
08095;JOÃO LISBOA;0058;0177;49;104;1;1;9;183;19
08095;JOÃO LISBOA;0058;0179;108;140;5;3;14;289;19
08095;JOÃO LISBOA;0058;0182;103;138;9;5;16;291;20
08095;JOÃO LISBOA;0058;0186;92;145;14;4;9;287;23
08095;JOÃO LISBOA;0058;0187;124;121;7;10;11;304;31
08095;JOÃO LISBOA;0058;0189;147;96;13;4;3;281;18
08095;JOÃO LISBOA;0058;0190;122;107;9;8;18;279;15
08095;JOÃO LISBOA;0058;0192;20;109;1;1;8;229;90
08095;JOÃO LISBOA;0058;0196;24;174;3;2;5;218;10
08095;JOÃO LISBOA;0058;0198;91;120;8;7;9;255;20
08095;JOÃO LISBOA;0058;0199;47;102;3;3;5;172;12
08095;JOÃO LISBOA;0058;0206;12;63;1;0;3;106;27
08133;LAGO DA PEDRA;0074;0001;101;68;5;1;13;201;13
08133;LAGO DA PEDRA;0074;0002;100;75;9;5;8;216;19
08133;LAGO DA PEDRA;0074;0005;159;85;10;7;17;305;27
08133;LAGO DA PEDRA;0074;0007;107;67;4;6;10;202;8
08133;LAGO DA PEDRA;0074;0008;125;106;6;2;9;267;19
08133;LAGO DA PEDRA;0074;0009;119;96;7;3;12;259;22
08133;LAGO DA PEDRA;0074;0010;126;90;9;3;9;259;22
08133;LAGO DA PEDRA;0074;0011;123;92;13;5;21;276;22
08133;LAGO DA PEDRA;0074;0012;118;103;9;4;13;266;19
08133;LAGO DA PEDRA;0074;0013;151;77;8;4;17;279;22
08133;LAGO DA PEDRA;0074;0014;153;80;10;12;16;285;14
08133;LAGO DA PEDRA;0074;0016;145;129;14;7;12;324;17
08133;LAGO DA PEDRA;0074;0017;161;101;13;4;18;314;17
08133;LAGO DA PEDRA;0074;0018;150;116;9;5;22;321;19
08133;LAGO DA PEDRA;0074;0020;153;107;4;11;14;315;26
08133;LAGO DA PEDRA;0074;0021;173;101;12;6;18;328;18
08133;LAGO DA PEDRA;0074;0022;158;95;14;7;17;316;25
08133;LAGO DA PEDRA;0074;0023;175;90;13;7;18;329;26
08133;LAGO DA PEDRA;0074;0024;152;113;8;5;13;313;22
08133;LAGO DA PEDRA;0074;0025;148;75;9;6;14;266;14
08133;LAGO DA PEDRA;0074;0026;155;78;4;7;17;285;24
08133;LAGO DA PEDRA;0074;0027;152;85;9;4;11;277;16
08133;LAGO DA PEDRA;0074;0028;155;81;6;5;15;278;16
08133;LAGO DA PEDRA;0074;0029;145;84;12;3;10;270;16
08133;LAGO DA PEDRA;0074;0030;149;97;8;6;12;294;22
08133;LAGO DA PEDRA;0074;0031;165;90;6;5;14;297;17
08133;LAGO DA PEDRA;0074;0032;165;93;7;3;7;297;22
08133;LAGO DA PEDRA;0074;0034;122;106;0;3;7;245;7
08133;LAGO DA PEDRA;0074;0041;38;82;6;1;4;138;7
08133;LAGO DA PEDRA;0074;0043;69;108;4;3;7;205;14
08133;LAGO DA PEDRA;0074;0046;76;63;1;2;8;167;17
08133;LAGO DA PEDRA;0074;0048;101;99;4;3;8;250;35
08133;LAGO DA PEDRA;0074;0049;70;107;1;1;5;190;6
08133;LAGO DA PEDRA;0074;0050;95;90;0;5;5;203;8
08133;LAGO DA PEDRA;0074;0051;92;124;0;3;3;238;16
08133;LAGO DA PEDRA;0074;0052;63;88;0;4;2;168;11
08133;LAGO DA PEDRA;0074;0054;85;80;2;2;9;189;11
08133;LAGO DA PEDRA;0074;0056;123;61;4;7;11;220;14
08133;LAGO DA PEDRA;0074;0057;121;71;5;2;15;231;17
08133;LAGO DA PEDRA;0074;0058;111;63;7;8;11;216;16
08133;LAGO DA PEDRA;0074;0059;74;102;1;1;11;207;18
08133;LAGO DA PEDRA;0074;0061;109;161;3;0;19;305;13
08133;LAGO DA PEDRA;0074;0064;121;71;9;5;12;231;13
08133;LAGO DA PEDRA;0074;0065;142;86;7;3;13;260;9
08133;LAGO DA PEDRA;0074;0066;104;85;2;5;17;232;19
08133;LAGO DA PEDRA;0074;0068;103;73;3;4;16;217;18
08133;LAGO DA PEDRA;0074;0069;143;92;9;3;16;284;21
08133;LAGO DA PEDRA;0074;0073;142;90;6;4;22;279;15
08133;LAGO DA PEDRA;0074;0074;82;114;0;1;4;206;5
08133;LAGO DA PEDRA;0074;0075;123;81;11;8;18;253;12
08133;LAGO DA PEDRA;0074;0079;156;72;4;5;12;271;22
08133;LAGO DA PEDRA;0074;0085;140;78;8;2;5;242;9
08133;LAGO DA PEDRA;0074;0086;116;64;0;2;18;211;11
08133;LAGO DA PEDRA;0074;0087;51;105;0;1;5;185;23
08133;LAGO DA PEDRA;0074;0090;138;78;3;5;11;249;14
08133;LAGO DA PEDRA;0074;0091;184;51;3;6;12;268;12
08133;LAGO DA PEDRA;0074;0093;53;57;1;0;10;134;13
08133;LAGO DA PEDRA;0074;0094;56;94;2;0;5;176;19
08133;LAGO DA PEDRA;0074;0095;77;91;1;2;9;199;19
08133;LAGO DA PEDRA;0074;0096;42;35;1;1;1;89;9
08133;LAGO DA PEDRA;0074;0100;98;68;10;7;13;204;8
08133;LAGO DA PEDRA;0074;0101;120;71;5;8;6;231;21
08133;LAGO DA PEDRA;0074;0103;135;91;5;2;8;253;12
08133;LAGO DA PEDRA;0074;0114;93;83;9;3;14;211;9
08133;LAGO DA PEDRA;0074;0117;148;69;9;11;18;272;17
08133;LAGO DA PEDRA;0074;0118;113;68;7;2;14;227;23
08133;LAGO DA PEDRA;0074;0119;74;104;2;2;4;203;17
08133;LAGO DA PEDRA;0074;0120;147;71;9;5;14;262;16
08133;LAGO DA PEDRA;0074;0121;97;79;0;4;12;205;13
08133;LAGO DA PEDRA;0074;0122;116;97;5;1;24;269;26
08133;LAGO DA PEDRA;0074;0124;133;87;10;7;6;256;13
08133;LAGO DA PEDRA;0074;0127;33;49;1;0;3;92;6
08133;LAGO DA PEDRA;0074;0132;120;64;4;4;13;220;15
08133;LAGO DA PEDRA;0074;0134;102;97;0;10;11;244;24
08133;LAGO DA PEDRA;0074;0140;18;31;0;2;2;60;7
08133;LAGO DA PEDRA;0074;0141;133;138;7;10;14;328;26
08133;LAGO DA PEDRA;0074;0144;45;95;1;2;4;157;10
08133;LAGO DA PEDRA;0074;0148;94;93;0;0;9;205;9
08133;LAGO DA PEDRA;0074;0151;82;105;0;2;7;206;10
08133;LAGO DA PEDRA;0074;0153;113;101;7;10;21;285;33
08133;LAGO DA PEDRA;0074;0154;93;65;1;2;8;196;27
08133;LAGO DA PEDRA;0074;0156;132;74;4;6;11;248;21
08133;LAGO DA PEDRA;0074;0157;52;73;1;0;11;143;6
08133;LAGO DA PEDRA;0074;0166;134;63;8;4;17;242;16
08133;LAGO DA PEDRA;0074;0168;74;43;0;1;8;146;20
08133;LAGO DA PEDRA;0074;0181;131;74;5;4;14;240;12
08133;LAGO DA PEDRA;0074;0186;110;124;6;9;23;304;32
08133;LAGO DA PEDRA;0074;0187;129;91;6;7;10;257;14
08133;LAGO DA PEDRA;0074;0189;147;96;8;5;16;292;20
08133;LAGO DA PEDRA;0074;0190;132;63;14;2;12;240;17
08133;LAGO DA PEDRA;0074;0199;105;102;5;0;18;241;11
08133;LAGO DA PEDRA;0074;0200;145;93;12;8;14;301;29
08133;LAGO DA PEDRA;0074;0201;124;57;7;3;11;227;25
08133;LAGO DA PEDRA;0074;0212;150;87;5;5;23;298;28
08133;LAGO DA PEDRA;0074;0214;111;93;7;5;12;242;14
08133;LAGO DA PEDRA;0074;0217;146;78;3;5;13;262;17
08133;LAGO DA PEDRA;0074;0219;137;74;4;5;13;241;8
08133;LAGO DA PEDRA;0074;0223;154;86;7;7;23;297;20
08133;LAGO DA PEDRA;0074;0225;113;102;10;9;20;287;33
08133;LAGO DA PEDRA;0074;0231;163;89;8;12;10;312;30
08133;LAGO DA PEDRA;0074;0232;162;86;6;9;15;295;17
08133;LAGO DA PEDRA;0074;0233;105;46;3;2;7;190;27
08133;LAGO DA PEDRA;0074;0234;80;86;1;2;1;181;11
08133;LAGO DA PEDRA;0074;0236;166;82;7;6;19;293;13
08133;LAGO DA PEDRA;0074;0248;154;81;10;10;14;290;21
08133;LAGO DA PEDRA;0074;0250;173;57;4;9;14;270;13
08133;LAGO DA PEDRA;0074;0252;102;65;5;7;9;203;15
08133;LAGO DA PEDRA;0074;0258;28;56;4;0;2;97;7
08133;LAGO DA PEDRA;0074;0281;147;58;15;9;14;256;13
08133;LAGO DA PEDRA;0074;0283;135;74;5;7;11;243;11
08133;LAGO DA PEDRA;0074;0284;141;79;8;7;4;261;22
08133;LAGO DA PEDRA;0074;0291;152;55;4;7;11;248;19
08133;LAGO DA PEDRA;0074;0294;145;86;11;5;17;290;26
08133;LAGO DA PEDRA;0074;0340;25;18;1;0;1;47;2
08141;PRESIDENTE SARNEY;0106;0058;89;48;0;5;4;155;9
08141;PRESIDENTE SARNEY;0106;0059;93;40;1;1;4;153;14
08141;PRESIDENTE SARNEY;0106;0060;85;52;4;1;6;156;8
08141;PRESIDENTE SARNEY;0106;0061;72;49;1;1;6;143;14
08141;PRESIDENTE SARNEY;0106;0062;84;59;0;3;6;164;12
08141;PRESIDENTE SARNEY;0106;0063;79;57;0;2;7;158;13
08141;PRESIDENTE SARNEY;0106;0064;83;47;1;1;3;150;15
08141;PRESIDENTE SARNEY;0106;0065;82;55;1;2;4;151;7
08141;PRESIDENTE SARNEY;0106;0066;92;47;0;2;9;156;6
08141;PRESIDENTE SARNEY;0106;0067;94;47;1;3;4;159;10
08141;PRESIDENTE SARNEY;0106;0068;84;45;1;1;7;145;7
08141;PRESIDENTE SARNEY;0106;0069;85;49;1;2;4;146;5
08141;PRESIDENTE SARNEY;0106;0070;150;80;3;4;9;271;25
08141;PRESIDENTE SARNEY;0106;0071;76;51;1;2;6;149;13
08141;PRESIDENTE SARNEY;0106;0072;150;70;3;4;15;255;13
08141;PRESIDENTE SARNEY;0106;0073;145;84;2;3;12;265;19
08141;PRESIDENTE SARNEY;0106;0074;132;76;3;4;15;249;19
08141;PRESIDENTE SARNEY;0106;0075;170;63;3;2;7;265;20
08141;PRESIDENTE SARNEY;0106;0076;131;84;5;5;6;241;10
08141;PRESIDENTE SARNEY;0106;0077;151;74;2;3;9;244;5
08141;PRESIDENTE SARNEY;0106;0078;139;69;0;1;7;231;15
08141;PRESIDENTE SARNEY;0106;0079;140;72;1;4;5;239;17
08141;PRESIDENTE SARNEY;0106;0080;152;71;1;4;8;252;16
08141;PRESIDENTE SARNEY;0106;0081;130;76;0;5;3;226;12
08141;PRESIDENTE SARNEY;0106;0082;155;111;1;3;5;285;10
08141;PRESIDENTE SARNEY;0106;0083;162;79;0;5;7;276;23
08141;PRESIDENTE SARNEY;0106;0084;61;92;0;2;5;177;17
08141;PRESIDENTE SARNEY;0106;0085;145;75;2;5;12;260;21
08141;PRESIDENTE SARNEY;0106;0086;125;75;0;2;11;226;13
08141;PRESIDENTE SARNEY;0106;0087;123;91;2;4;11;255;24
08141;PRESIDENTE SARNEY;0106;0088;134;95;0;1;6;253;17
08141;PRESIDENTE SARNEY;0106;0089;130;50;1;3;5;203;14
08141;PRESIDENTE SARNEY;0106;0090;88;67;0;0;13;182;14
08141;PRESIDENTE SARNEY;0106;0091;140;71;0;1;5;238;21
08141;PRESIDENTE SARNEY;0106;0092;109;110;0;6;1;237;11
08141;PRESIDENTE SARNEY;0106;0093;76;60;0;3;7;155;9
08141;PRESIDENTE SARNEY;0106;0168;93;93;2;11;1;209;9
08141;PRESIDENTE SARNEY;0106;0169;114;82;2;5;7;233;23
08141;PRESIDENTE SARNEY;0106;0174;115;44;0;2;5;174;8
08141;PRESIDENTE SARNEY;0106;0175;108;85;2;3;3;214;13
08141;PRESIDENTE SARNEY;0106;0176;57;78;0;0;3;149;11
08141;PRESIDENTE SARNEY;0106;0180;142;76;5;2;16;258;17
08141;PRESIDENTE SARNEY;0106;0187;137;71;3;4;10;241;16
08141;PRESIDENTE SARNEY;0106;0189;77;48;0;1;7;144;11
08141;PRESIDENTE SARNEY;0106;0208;54;37;1;1;0;96;3
08141;PRESIDENTE SARNEY;0106;0212;136;65;3;2;11;228;11
08141;PRESIDENTE SARNEY;0106;0215;88;34;3;2;9;145;9
08141;PRESIDENTE SARNEY;0106;0217;87;46;1;0;6;150;10
08141;PRESIDENTE SARNEY;0106;0218;93;50;0;4;6;165;12
08141;PRESIDENTE SARNEY;0106;0223;60;67;1;1;3;144;12
08141;PRESIDENTE SARNEY;0106;0224;94;46;1;1;9;157;6
08141;PRESIDENTE SARNEY;0106;0227;76;29;3;3;4;125;10
08141;PRESIDENTE SARNEY;0106;0230;117;50;0;1;6;197;23
08141;PRESIDENTE SARNEY;0106;0232;74;47;0;0;3;134;10
08141;PRESIDENTE SARNEY;0106;0233;139;54;2;2;6;230;27
08141;PRESIDENTE SARNEY;0106;0240;123;60;3;1;6;204;11
08141;PRESIDENTE SARNEY;0106;0244;37;44;0;0;1;89;7
08141;PRESIDENTE SARNEY;0106;0245;72;43;2;1;3;123;2
08141;PRESIDENTE SARNEY;0106;0248;58;15;0;2;5;89;9
08141;PRESIDENTE SARNEY;0106;0251;117;65;5;4;6;206;9
08230;LUÍS DOMINGUES;0055;0020;109;89;2;7;15;259;37
08230;LUÍS DOMINGUES;0055;0024;164;46;1;1;9;242;21
08230;LUÍS DOMINGUES;0055;0071;117;80;3;5;17;256;34
08230;LUÍS DOMINGUES;0055;0079;139;78;2;5;15;274;35
08230;LUÍS DOMINGUES;0055;0089;112;77;4;10;9;241;29
08230;LUÍS DOMINGUES;0055;0090;76;88;2;4;16;223;37
08230;LUÍS DOMINGUES;0055;0107;116;77;1;7;9;235;25
08230;LUÍS DOMINGUES;0055;0108;105;96;2;5;11;249;30
08230;LUÍS DOMINGUES;0055;0117;116;81;2;5;14;245;27
08230;LUÍS DOMINGUES;0055;0129;126;87;5;11;6;272;37
08230;LUÍS DOMINGUES;0055;0130;75;92;2;11;5;221;36
08230;LUÍS DOMINGUES;0055;0145;84;69;0;5;19;216;39
08230;LUÍS DOMINGUES;0055;0146;100;69;2;3;14;227;39
08230;LUÍS DOMINGUES;0055;0147;94;79;4;2;15;233;39
08230;LUÍS DOMINGUES;0055;0148;114;83;1;7;12;254;37
08230;LUÍS DOMINGUES;0055;0149;99;73;1;7;8;220;32
08230;LUÍS DOMINGUES;0055;0150;121;88;2;10;12;255;22
08230;LUÍS DOMINGUES;0055;0151;114;87;1;5;13;242;22
08230;LUÍS DOMINGUES;0055;0152;54;72;0;2;14;156;14
08230;LUÍS DOMINGUES;0055;0153;97;87;2;7;16;244;35
08281;SÃO FRANCISCO DO BREJÃO;0098;0132;78;151;17;6;16;295;27
08281;SÃO FRANCISCO DO BREJÃO;0098;0133;79;121;12;7;24;288;45
08281;SÃO FRANCISCO DO BREJÃO;0098;0138;113;99;10;3;12;267;30
08281;SÃO FRANCISCO DO BREJÃO;0098;0140;113;104;5;5;14;271;30
08281;SÃO FRANCISCO DO BREJÃO;0098;0142;105;112;7;6;14;271;27
08281;SÃO FRANCISCO DO BREJÃO;0098;0144;102;106;8;3;11;251;21
08281;SÃO FRANCISCO DO BREJÃO;0098;0145;76;95;5;10;24;247;37
08281;SÃO FRANCISCO DO BREJÃO;0098;0146;83;79;8;5;12;214;27
08281;SÃO FRANCISCO DO BREJÃO;0098;0147;70;62;11;7;6;168;12
08281;SÃO FRANCISCO DO BREJÃO;0098;0148;87;71;4;3;5;183;13
08281;SÃO FRANCISCO DO BREJÃO;0098;0149;79;68;2;3;5;172;15
08281;SÃO FRANCISCO DO BREJÃO;0098;0150;71;75;5;4;10;183;18
08281;SÃO FRANCISCO DO BREJÃO;0098;0151;66;82;4;3;10;177;12
08281;SÃO FRANCISCO DO BREJÃO;0098;0152;106;131;14;1;20;294;22
08281;SÃO FRANCISCO DO BREJÃO;0098;0157;70;90;13;6;13;237;45
08281;SÃO FRANCISCO DO BREJÃO;0098;0158;69;90;7;2;10;216;38
08281;SÃO FRANCISCO DO BREJÃO;0098;0163;54;72;5;4;8;161;18
08281;SÃO FRANCISCO DO BREJÃO;0098;0164;51;69;9;6;9;163;19
08281;SÃO FRANCISCO DO BREJÃO;0098;0186;74;83;7;9;12;210;25
08281;SÃO FRANCISCO DO BREJÃO;0098;0187;67;111;7;3;10;211;13
08281;SÃO FRANCISCO DO BREJÃO;0098;0204;56;109;13;8;9;229;34
08281;SÃO FRANCISCO DO BREJÃO;0098;0212;109;123;6;3;11;275;23
08281;SÃO FRANCISCO DO BREJÃO;0098;0213;102;122;4;6;17;276;25
08281;SÃO FRANCISCO DO BREJÃO;0098;0214;82;72;5;5;10;187;13
08281;SÃO FRANCISCO DO BREJÃO;0098;0215;68;61;11;5;3;165;17
08281;SÃO FRANCISCO DO BREJÃO;0098;0216;84;78;13;5;7;213;26
08281;SÃO FRANCISCO DO BREJÃO;0098;0217;122;96;7;4;10;252;13
08281;SÃO FRANCISCO DO BREJÃO;0098;0221;106;102;9;5;10;255;23
08281;SÃO FRANCISCO DO BREJÃO;0098;0223;18;114;3;1;2;151;13
08338;MIRADOR;0072;0001;110;105;0;7;14;250;14
08338;MIRADOR;0072;0002;107;123;0;3;7;256;16
08338;MIRADOR;0072;0003;124;123;2;2;13;269;5
08338;MIRADOR;0072;0004;100;116;1;2;16;250;15
08338;MIRADOR;0072;0005;106;117;0;2;10;258;23
08338;MIRADOR;0072;0006;97;141;0;1;12;273;22
08338;MIRADOR;0072;0007;110;127;0;7;8;271;19
08338;MIRADOR;0072;0008;121;112;0;4;20;272;15
08338;MIRADOR;0072;0009;130;151;3;4;19;322;15
08338;MIRADOR;0072;0010;79;104;2;2;12;213;14
08338;MIRADOR;0072;0011;80;105;0;4;14;226;23
08338;MIRADOR;0072;0012;53;117;1;3;9;192;9
08338;MIRADOR;0072;0013;64;118;0;1;9;200;8
08338;MIRADOR;0072;0014;51;124;0;0;17;205;13
08338;MIRADOR;0072;0015;49;119;1;1;6;194;18
08338;MIRADOR;0072;0016;95;150;0;0;15;273;13
08338;MIRADOR;0072;0017;107;140;0;3;12;277;15
08338;MIRADOR;0072;0018;103;142;0;4;15;283;19
08338;MIRADOR;0072;0019;89;147;0;4;3;254;11
08338;MIRADOR;0072;0020;98;151;0;3;7;271;12
08338;MIRADOR;0072;0021;53;102;0;1;6;174;12
08338;MIRADOR;0072;0022;59;89;0;1;9;176;18
08338;MIRADOR;0072;0023;120;146;1;3;9;291;12
08338;MIRADOR;0072;0024;128;133;2;1;8;284;12
08338;MIRADOR;0072;0042;110;104;2;4;14;249;15
08338;MIRADOR;0072;0044;97;116;1;3;12;247;18
08338;MIRADOR;0072;0045;54;125;2;3;8;201;9
08338;MIRADOR;0072;0046;90;146;1;1;11;264;15
08338;MIRADOR;0072;0047;106;156;1;4;7;285;11
08338;MIRADOR;0072;0048;88;114;0;3;6;231;20
08338;MIRADOR;0072;0049;153;130;1;2;13;317;18
08338;MIRADOR;0072;0050;82;144;0;4;10;262;22
08338;MIRADOR;0072;0051;122;141;1;6;13;299;16
08338;MIRADOR;0072;0053;55;111;0;2;11;200;21
08338;MIRADOR;0072;0054;131;118;0;3;11;276;13
08338;MIRADOR;0072;0056;124;134;2;2;3;276;11
08338;MIRADOR;0072;0057;146;60;0;3;7;236;20
08338;MIRADOR;0072;0061;114;125;0;2;5;262;16
08338;MIRADOR;0072;0062;97;162;0;1;8;277;9
08338;MIRADOR;0072;0063;70;126;2;3;9;221;11
08338;MIRADOR;0072;0067;94;114;1;2;8;227;8
08338;MIRADOR;0072;0068;142;117;0;1;5;280;15
08338;MIRADOR;0072;0069;98;99;2;5;11;221;6
08338;MIRADOR;0072;0070;147;122;0;2;9;292;12
08338;MIRADOR;0072;0071;109;117;2;6;6;251;11
08338;MIRADOR;0072;0072;77;115;0;3;6;215;14
08338;MIRADOR;0072;0074;96;35;0;0;9;157;17
08338;MIRADOR;0072;0081;144;133;0;2;6;297;12
08338;MIRADOR;0072;0082;119;133;4;5;7;283;15
08338;MIRADOR;0072;0083;90;106;0;0;8;211;7
08338;MIRADOR;0072;0084;85;150;2;4;8;281;32
08338;MIRADOR;0072;0085;141;135;0;5;7;297;9
08338;MIRADOR;0072;0086;101;147;1;1;4;265;11
08338;MIRADOR;0072;0087;37;77;0;1;3;119;1
08494;PAÇO DO LUMIAR;0093;0001;149;73;1;12;15;278;28
08494;PAÇO DO LUMIAR;0093;0002;135;76;6;8;6;247;16
08494;PAÇO DO LUMIAR;0093;0003;136;70;3;15;12;260;24
08494;PAÇO DO LUMIAR;0093;0004;134;83;5;5;10;262;25
08494;PAÇO DO LUMIAR;0093;0005;123;89;2;12;14;260;20
08494;PAÇO DO LUMIAR;0093;0006;166;87;2;11;3;296;27
08494;PAÇO DO LUMIAR;0093;0008;157;84;2;12;8;291;28
08494;PAÇO DO LUMIAR;0093;0009;159;102;1;9;7;305;27
08494;PAÇO DO LUMIAR;0093;0010;167;81;3;11;9;294;23
08494;PAÇO DO LUMIAR;0093;0011;156;87;0;14;12;288;19
08494;PAÇO DO LUMIAR;0093;0012;156;80;4;12;8;289;29
08494;PAÇO DO LUMIAR;0093;0013;172;73;3;6;8;291;29
08494;PAÇO DO LUMIAR;0093;0014;105;75;2;20;8;229;19
08494;PAÇO DO LUMIAR;0093;0015;105;83;1;16;2;235;28
08494;PAÇO DO LUMIAR;0093;0016;123;77;0;16;6;246;24
08494;PAÇO DO LUMIAR;0093;0017;129;62;2;13;9;244;29
08494;PAÇO DO LUMIAR;0093;0018;132;62;2;15;5;239;23
08494;PAÇO DO LUMIAR;0093;0019;113;62;2;13;4;217;23
08494;PAÇO DO LUMIAR;0093;0020;91;46;1;8;8;170;16
08494;PAÇO DO LUMIAR;0093;0021;111;44;1;4;6;181;15
08494;PAÇO DO LUMIAR;0093;0022;110;41;1;11;10;184;11
08494;PAÇO DO LUMIAR;0093;0023;113;47;4;9;3;187;11
08494;PAÇO DO LUMIAR;0093;0024;110;55;5;6;4;199;19
08494;PAÇO DO LUMIAR;0093;0025;123;67;7;22;7;253;27
08494;PAÇO DO LUMIAR;0093;0027;98;67;0;11;7;206;23
08494;PAÇO DO LUMIAR;0093;0028;94;76;1;11;6;213;25
08494;PAÇO DO LUMIAR;0093;0029;109;75;6;13;11;240;26
08494;PAÇO DO LUMIAR;0093;0030;132;61;0;15;5;229;16
08494;PAÇO DO LUMIAR;0093;0031;80;53;0;10;3;162;16
08494;PAÇO DO LUMIAR;0093;0033;69;50;6;1;8;148;14
08494;PAÇO DO LUMIAR;0093;0034;93;37;2;7;1;153;13
08494;PAÇO DO LUMIAR;0093;0035;79;46;4;5;6;155;15
08494;PAÇO DO LUMIAR;0093;0036;104;34;2;2;1;155;12
08494;PAÇO DO LUMIAR;0093;0037;171;71;3;9;9;288;25
08494;PAÇO DO LUMIAR;0093;0039;148;87;2;10;10;283;26
08494;PAÇO DO LUMIAR;0093;0041;87;51;1;5;5;165;16
08494;PAÇO DO LUMIAR;0093;0043;73;46;2;10;3;150;16
08494;PAÇO DO LUMIAR;0093;0044;139;70;6;5;5;243;18
08494;PAÇO DO LUMIAR;0093;0045;139;71;5;1;10;243;17
08494;PAÇO DO LUMIAR;0093;0046;140;78;5;6;5;248;14
08494;PAÇO DO LUMIAR;0093;0048;151;91;3;9;10;284;20
08494;PAÇO DO LUMIAR;0093;0049;164;94;5;10;8;295;14
08494;PAÇO DO LUMIAR;0093;0050;166;101;2;6;7;292;10
08494;PAÇO DO LUMIAR;0093;0051;158;51;0;11;8;255;27
08494;PAÇO DO LUMIAR;0093;0052;163;58;6;3;9;260;21
08494;PAÇO DO LUMIAR;0093;0053;157;44;5;9;7;256;34
08494;PAÇO DO LUMIAR;0093;0054;161;56;6;7;7;262;25
08494;PAÇO DO LUMIAR;0093;0055;152;65;2;6;5;251;21
08494;PAÇO DO LUMIAR;0093;0056;165;49;3;9;14;265;25
08494;PAÇO DO LUMIAR;0093;0057;159;72;7;10;8;279;23
08494;PAÇO DO LUMIAR;0093;0058;165;76;4;9;15;302;33
08494;PAÇO DO LUMIAR;0093;0059;195;61;4;3;9;300;28
08494;PAÇO DO LUMIAR;0093;0060;164;75;3;6;11;278;19
08494;PAÇO DO LUMIAR;0093;0061;169;71;6;3;8;292;35
08494;PAÇO DO LUMIAR;0093;0062;169;71;4;11;7;286;24
08494;PAÇO DO LUMIAR;0093;0063;181;70;2;4;10;292;25
08494;PAÇO DO LUMIAR;0093;0064;179;74;7;4;8;298;26
08494;PAÇO DO LUMIAR;0093;0065;171;85;4;3;4;297;30
08494;PAÇO DO LUMIAR;0093;0066;142;64;4;2;7;239;20
08494;PAÇO DO LUMIAR;0093;0067;140;56;2;1;5;241;37
08494;PAÇO DO LUMIAR;0093;0068;158;54;4;4;8;248;20
08494;PAÇO DO LUMIAR;0093;0069;164;64;3;0;14;262;17
08494;PAÇO DO LUMIAR;0093;0070;152;72;4;5;4;258;21
08494;PAÇO DO LUMIAR;0093;0071;134;70;3;7;6;246;26
08494;PAÇO DO LUMIAR;0093;0072;171;44;3;3;4;248;23
08494;PAÇO DO LUMIAR;0093;0073;153;62;2;4;4;241;16
08494;PAÇO DO LUMIAR;0093;0074;175;71;2;3;8;295;36
08494;PAÇO DO LUMIAR;0093;0075;191;69;3;3;8;298;24
08494;PAÇO DO LUMIAR;0093;0076;183;65;1;8;6;295;32
08494;PAÇO DO LUMIAR;0093;0077;178;71;8;5;14;299;23
08494;PAÇO DO LUMIAR;0093;0078;193;77;3;6;7;311;25
08494;PAÇO DO LUMIAR;0093;0079;169;76;6;6;12;299;30
08494;PAÇO DO LUMIAR;0093;0080;185;66;5;3;13;307;35
08494;PAÇO DO LUMIAR;0093;0081;187;70;4;4;15;299;19
08494;PAÇO DO LUMIAR;0093;0082;155;72;3;7;10;276;29
08494;PAÇO DO LUMIAR;0093;0083;147;74;8;6;7;263;21
08494;PAÇO DO LUMIAR;0093;0084;171;64;4;6;8;274;21
08494;PAÇO DO LUMIAR;0093;0085;162;91;4;9;4;292;22
08494;PAÇO DO LUMIAR;0093;0086;155;86;4;2;7;273;19
08494;PAÇO DO LUMIAR;0093;0087;153;85;6;9;5;284;26
08494;PAÇO DO LUMIAR;0093;0088;138;73;2;7;8;245;17
08494;PAÇO DO LUMIAR;0093;0089;132;84;3;5;3;250;23
08494;PAÇO DO LUMIAR;0093;0090;149;72;2;6;3;256;24
08494;PAÇO DO LUMIAR;0093;0091;157;64;6;6;7;263;23
08494;PAÇO DO LUMIAR;0093;0092;154;69;6;9;4;262;20
08494;PAÇO DO LUMIAR;0093;0093;146;70;3;4;5;254;26
08494;PAÇO DO LUMIAR;0093;0094;157;65;1;3;5;250;19
08494;PAÇO DO LUMIAR;0093;0095;194;85;5;4;13;331;30
08494;PAÇO DO LUMIAR;0093;0096;194;84;6;9;12;324;19
08494;PAÇO DO LUMIAR;0093;0097;186;96;4;7;11;328;24
08494;PAÇO DO LUMIAR;0093;0098;179;92;3;14;10;319;21
08494;PAÇO DO LUMIAR;0093;0099;184;81;6;7;8;320;34
08494;PAÇO DO LUMIAR;0093;0100;200;87;4;10;8;338;29
08494;PAÇO DO LUMIAR;0093;0101;203;78;8;7;7;327;24
08494;PAÇO DO LUMIAR;0093;0102;169;62;5;5;7;268;20
08494;PAÇO DO LUMIAR;0093;0103;165;71;8;4;14;281;19
08494;PAÇO DO LUMIAR;0093;0104;157;66;7;8;6;263;19
08494;PAÇO DO LUMIAR;0093;0105;162;63;4;9;2;264;24
08494;PAÇO DO LUMIAR;0093;0106;158;63;7;3;8;261;22
08494;PAÇO DO LUMIAR;0093;0107;161;52;7;4;8;249;17
08494;PAÇO DO LUMIAR;0093;0108;154;121;3;7;10;328;33
08494;PAÇO DO LUMIAR;0093;0109;145;115;2;13;9;325;41
08494;PAÇO DO LUMIAR;0093;0110;164;111;3;9;13;329;29
08494;PAÇO DO LUMIAR;0093;0111;144;112;3;7;7;315;42
08494;PAÇO DO LUMIAR;0093;0113;172;104;2;9;11;329;31
08494;PAÇO DO LUMIAR;0093;0114;126;113;9;5;15;294;26
08494;PAÇO DO LUMIAR;0093;0115;139;107;2;7;14;296;27
08494;PAÇO DO LUMIAR;0093;0116;153;94;2;8;7;287;23
08494;PAÇO DO LUMIAR;0093;0117;115;85;2;11;7;242;22
08494;PAÇO DO LUMIAR;0093;0118;165;94;1;7;15;305;23
08494;PAÇO DO LUMIAR;0093;0119;176;83;3;6;8;302;26
08494;PAÇO DO LUMIAR;0093;0120;162;85;3;10;9;313;44
08494;PAÇO DO LUMIAR;0093;0121;172;70;4;6;9;280;19
08494;PAÇO DO LUMIAR;0093;0122;167;85;5;8;5;290;20
08494;PAÇO DO LUMIAR;0093;0123;163;79;4;5;13;286;22
08494;PAÇO DO LUMIAR;0093;0124;176;46;3;1;7;257;24
08494;PAÇO DO LUMIAR;0093;0125;167;85;2;9;6;292;23
08494;PAÇO DO LUMIAR;0093;0126;103;70;1;7;8;218;29
08494;PAÇO DO LUMIAR;0093;0127;108;71;1;3;6;210;21
08494;PAÇO DO LUMIAR;0093;0128;97;72;10;2;4;220;35
08494;PAÇO DO LUMIAR;0093;0133;140;68;1;6;4;235;16
08494;PAÇO DO LUMIAR;0093;0134;184;75;6;5;10;310;30
08494;PAÇO DO LUMIAR;0093;0135;188;75;7;6;10;313;27
08494;PAÇO DO LUMIAR;0093;0136;177;74;7;14;11;310;27
08494;PAÇO DO LUMIAR;0093;0137;124;76;3;11;15;263;34
08494;PAÇO DO LUMIAR;0093;0138;144;69;8;6;8;252;17
08494;PAÇO DO LUMIAR;0093;0139;145;84;5;3;9;275;29
08494;PAÇO DO LUMIAR;0093;0140;147;64;4;9;5;253;24
08494;PAÇO DO LUMIAR;0093;0141;112;63;0;5;8;204;16
08494;PAÇO DO LUMIAR;0093;0142;153;83;4;10;13;288;25
08494;PAÇO DO LUMIAR;0093;0143;92;45;1;3;4;171;26
08494;PAÇO DO LUMIAR;0093;0145;180;84;3;6;6;307;28
08494;PAÇO DO LUMIAR;0093;0146;170;77;1;12;10;305;35
08494;PAÇO DO LUMIAR;0093;0147;165;79;0;8;6;286;28
08494;PAÇO DO LUMIAR;0093;0148;173;73;8;14;5;293;20
08494;PAÇO DO LUMIAR;0093;0149;199;64;2;6;6;306;29
08494;PAÇO DO LUMIAR;0093;0150;198;67;7;11;5;313;25
08494;PAÇO DO LUMIAR;0093;0151;121;56;1;4;6;212;24
08494;PAÇO DO LUMIAR;0093;0152;123;63;3;2;7;212;14
08494;PAÇO DO LUMIAR;0093;0153;134;52;5;4;4;217;18
08494;PAÇO DO LUMIAR;0093;0154;123;42;5;9;6;209;24
08494;PAÇO DO LUMIAR;0093;0203;174;76;0;13;5;299;31
08494;PAÇO DO LUMIAR;0093;0205;192;64;2;6;6;296;26
08494;PAÇO DO LUMIAR;0093;0206;125;90;7;11;4;257;20
08494;PAÇO DO LUMIAR;0093;0207;145;75;6;9;7;257;15
08494;PAÇO DO LUMIAR;0093;0208;180;81;3;9;10;293;10
08494;PAÇO DO LUMIAR;0093;0210;130;54;3;5;7;219;20
08494;PAÇO DO LUMIAR;0093;0212;77;31;2;7;9;141;15
08494;PAÇO DO LUMIAR;0093;0213;148;71;2;12;8;260;19
08494;PAÇO DO LUMIAR;0093;0215;149;53;2;9;6;230;11
08494;PAÇO DO LUMIAR;0093;0216;82;45;3;6;2;149;11
08494;PAÇO DO LUMIAR;0093;0217;179;70;5;4;10;294;26
08494;PAÇO DO LUMIAR;0093;0218;199;66;5;7;10;322;35
08494;PAÇO DO LUMIAR;0093;0219;175;81;2;5;13;315;39
08494;PAÇO DO LUMIAR;0093;0220;178;58;3;6;11;277;21
08494;PAÇO DO LUMIAR;0093;0221;189;59;3;3;4;275;17
08494;PAÇO DO LUMIAR;0093;0223;189;71;4;3;8;294;19
08494;PAÇO DO LUMIAR;0093;0225;111;70;4;8;12;219;14
08494;PAÇO DO LUMIAR;0093;0227;201;77;2;8;7;316;21
08494;PAÇO DO LUMIAR;0093;0228;189;62;15;11;10;312;25
08494;PAÇO DO LUMIAR;0093;0229;156;84;4;12;8;295;31
08494;PAÇO DO LUMIAR;0093;0230;162;89;5;6;11;290;17
08494;PAÇO DO LUMIAR;0093;0232;162;54;1;3;7;247;20
08494;PAÇO DO LUMIAR;0093;0234;143;68;1;11;13;257;21
08494;PAÇO DO LUMIAR;0093;0237;139;79;3;4;5;248;18
08494;PAÇO DO LUMIAR;0093;0239;134;97;3;11;11;281;25
08494;PAÇO DO LUMIAR;0093;0240;168;81;4;10;12;295;20
08494;PAÇO DO LUMIAR;0093;0241;205;65;2;13;14;329;30
08494;PAÇO DO LUMIAR;0093;0242;146;70;4;7;5;248;16
08494;PAÇO DO LUMIAR;0093;0244;192;80;9;6;10;323;26
08494;PAÇO DO LUMIAR;0093;0245;179;76;6;8;9;300;22
08494;PAÇO DO LUMIAR;0093;0246;161;73;3;12;9;278;20
08494;PAÇO DO LUMIAR;0093;0248;165;77;5;5;6;281;23
08494;PAÇO DO LUMIAR;0093;0249;203;91;5;6;7;335;23
08494;PAÇO DO LUMIAR;0093;0250;139;51;4;2;6;218;16
08494;PAÇO DO LUMIAR;0093;0251;165;90;4;1;3;280;17
08494;PAÇO DO LUMIAR;0093;0254;178;39;4;5;7;260;27
08494;PAÇO DO LUMIAR;0093;0255;186;83;0;7;9;312;27
08494;PAÇO DO LUMIAR;0093;0256;149;74;4;1;4;253;21
08494;PAÇO DO LUMIAR;0093;0259;179;81;4;3;8;309;34
08494;PAÇO DO LUMIAR;0093;0260;182;52;6;7;5;294;42
08494;PAÇO DO LUMIAR;0093;0261;122;52;2;4;9;215;26
08494;PAÇO DO LUMIAR;0093;0263;179;59;5;4;8;279;24
08494;PAÇO DO LUMIAR;0093;0264;193;74;1;4;12;316;32
08494;PAÇO DO LUMIAR;0093;0265;104;44;2;7;3;177;17
08494;PAÇO DO LUMIAR;0093;0266;158;81;4;5;11;287;28
08494;PAÇO DO LUMIAR;0093;0267;194;75;8;3;12;317;25
08494;PAÇO DO LUMIAR;0093;0268;215;73;4;10;10;335;23
08494;PAÇO DO LUMIAR;0093;0273;197;66;4;7;11;315;30
08494;PAÇO DO LUMIAR;0093;0275;139;79;5;3;4;256;26
08494;PAÇO DO LUMIAR;0093;0276;129;49;4;7;7;223;27
08494;PAÇO DO LUMIAR;0093;0277;181;87;2;9;8;317;30
08494;PAÇO DO LUMIAR;0093;0278;146;71;1;3;6;250;23
08494;PAÇO DO LUMIAR;0093;0279;180;70;7;10;11;292;14
08494;PAÇO DO LUMIAR;0093;0280;191;76;12;4;13;313;17
08494;PAÇO DO LUMIAR;0093;0281;156;79;2;8;12;278;21
08494;PAÇO DO LUMIAR;0093;0283;137;82;4;12;7;269;27
08494;PAÇO DO LUMIAR;0093;0284;182;56;1;4;5;270;22
08494;PAÇO DO LUMIAR;0093;0287;111;48;3;9;5;185;9
08494;PAÇO DO LUMIAR;0093;0289;118;67;3;7;8;225;22
08494;PAÇO DO LUMIAR;0093;0290;139;54;4;4;6;227;20
08494;PAÇO DO LUMIAR;0093;0292;145;78;3;6;9;257;16
08494;PAÇO DO LUMIAR;0093;0294;172;48;2;4;12;258;20
08494;PAÇO DO LUMIAR;0093;0295;140;83;0;4;7;254;20
08494;PAÇO DO LUMIAR;0093;0297;173;82;3;10;9;311;34
08494;PAÇO DO LUMIAR;0093;0298;146;71;1;11;4;257;24
08494;PAÇO DO LUMIAR;0093;0299;114;65;0;7;6;210;18
08494;PAÇO DO LUMIAR;0093;0302;194;50;4;5;5;297;39
08494;PAÇO DO LUMIAR;0093;0303;82;36;0;1;2;136;15
08494;PAÇO DO LUMIAR;0093;0304;136;67;1;7;8;242;23
08494;PAÇO DO LUMIAR;0093;0305;171;99;7;5;13;331;36
08494;PAÇO DO LUMIAR;0093;0306;168;46;6;5;8;258;25
08494;PAÇO DO LUMIAR;0093;0307;146;48;4;5;4;220;13
08494;PAÇO DO LUMIAR;0093;0308;177;72;3;8;8;289;21
08494;PAÇO DO LUMIAR;0093;0310;89;33;1;10;4;147;10
08494;PAÇO DO LUMIAR;0093;0311;86;46;1;10;4;153;6
08494;PAÇO DO LUMIAR;0093;0314;103;44;1;14;7;181;12
08494;PAÇO DO LUMIAR;0093;0315;149;75;3;11;6;264;20
08494;PAÇO DO LUMIAR;0093;0316;177;59;4;15;5;297;37
08494;PAÇO DO LUMIAR;0093;0317;120;95;2;11;11;262;23
08494;PAÇO DO LUMIAR;0093;0318;187;39;5;4;4;252;13
08494;PAÇO DO LUMIAR;0093;0319;78;40;0;12;7;149;12
08494;PAÇO DO LUMIAR;0093;0320;162;104;6;10;9;316;25
08494;PAÇO DO LUMIAR;0093;0321;179;67;2;7;5;279;19
08494;PAÇO DO LUMIAR;0093;0322;183;75;7;5;13;305;22
08494;PAÇO DO LUMIAR;0093;0323;128;50;5;9;4;212;16
08494;PAÇO DO LUMIAR;0093;0325;154;57;2;4;7;250;26
08494;PAÇO DO LUMIAR;0093;0326;132;47;1;7;6;209;16
08494;PAÇO DO LUMIAR;0093;0328;124;42;2;5;5;193;15
08494;PAÇO DO LUMIAR;0093;0329;212;71;5;4;12;318;14
08494;PAÇO DO LUMIAR;0093;0330;202;38;8;8;14;293;23
08494;PAÇO DO LUMIAR;0093;0333;60;113;1;9;4;215;28
08494;PAÇO DO LUMIAR;0093;0334;130;90;6;12;4;260;18
08494;PAÇO DO LUMIAR;0093;0335;126;44;2;5;1;199;21
08494;PAÇO DO LUMIAR;0093;0336;208;88;3;8;12;335;16
08494;PAÇO DO LUMIAR;0093;0337;83;36;2;1;1;130;7
08494;PAÇO DO LUMIAR;0093;0338;189;64;6;8;6;298;25
08494;PAÇO DO LUMIAR;0093;0339;188;78;3;11;9;316;27
08494;PAÇO DO LUMIAR;0093;0340;147;42;4;7;4;216;12
08494;PAÇO DO LUMIAR;0093;0341;229;58;4;3;4;320;22
08494;PAÇO DO LUMIAR;0093;0342;114;51;3;7;6;193;12
08494;PAÇO DO LUMIAR;0093;0343;180;63;6;8;6;285;22
08494;PAÇO DO LUMIAR;0093;0344;175;85;1;12;9;310;28
08494;PAÇO DO LUMIAR;0093;0346;176;98;7;9;10;326;26
08494;PAÇO DO LUMIAR;0093;0347;163;98;5;7;12;314;29
08494;PAÇO DO LUMIAR;0093;0348;173;87;3;7;10;300;20
08494;PAÇO DO LUMIAR;0093;0351;152;51;1;6;4;229;15
08494;PAÇO DO LUMIAR;0093;0352;204;61;2;8;11;311;25
08494;PAÇO DO LUMIAR;0093;0353;185;80;4;4;18;326;35
08494;PAÇO DO LUMIAR;0093;0354;178;79;2;11;5;295;20
08494;PAÇO DO LUMIAR;0093;0355;200;87;4;6;11;325;17
08494;PAÇO DO LUMIAR;0093;0356;160;101;2;12;8;314;31
08494;PAÇO DO LUMIAR;0093;0357;198;97;5;4;11;341;26
08494;PAÇO DO LUMIAR;0093;0358;184;77;6;4;9;312;32
08494;PAÇO DO LUMIAR;0093;0359;156;49;3;6;4;232;14
08494;PAÇO DO LUMIAR;0093;0360;199;66;2;8;3;299;21
08494;PAÇO DO LUMIAR;0093;0361;165;75;8;9;9;293;27
08494;PAÇO DO LUMIAR;0093;0362;134;61;8;7;6;236;20
08494;PAÇO DO LUMIAR;0093;0363;173;106;1;15;6;323;22
08494;PAÇO DO LUMIAR;0093;0364;156;89;2;6;8;280;19
08494;PAÇO DO LUMIAR;0093;0365;131;79;2;9;4;246;21
08494;PAÇO DO LUMIAR;0093;0366;147;51;1;5;5;233;24
08494;PAÇO DO LUMIAR;0093;0367;139;99;4;10;11;296;33
08494;PAÇO DO LUMIAR;0093;0368;118;45;8;6;4;200;19
08494;PAÇO DO LUMIAR;0093;0369;183;96;2;10;10;313;12
08494;PAÇO DO LUMIAR;0093;0370;144;40;7;5;12;227;19
08494;PAÇO DO LUMIAR;0093;0373;217;92;3;5;5;335;13
08494;PAÇO DO LUMIAR;0093;0375;149;98;2;11;9;289;20
08494;PAÇO DO LUMIAR;0093;0376;222;74;3;2;5;329;23
08494;PAÇO DO LUMIAR;0093;0377;212;63;1;2;3;309;28
08494;PAÇO DO LUMIAR;0093;0378;154;111;4;4;10;295;12
08494;PAÇO DO LUMIAR;0093;0380;213;83;6;5;7;336;22
08494;PAÇO DO LUMIAR;0093;0382;182;86;4;4;9;307;22
08494;PAÇO DO LUMIAR;0093;0384;187;81;1;4;8;296;15
08494;PAÇO DO LUMIAR;0093;0385;224;68;7;10;13;344;22
08494;PAÇO DO LUMIAR;0093;0387;78;41;0;2;1;135;13
08494;PAÇO DO LUMIAR;0093;0389;207;89;5;12;4;339;22
08494;PAÇO DO LUMIAR;0093;0390;202;69;6;8;11;324;28
08494;PAÇO DO LUMIAR;0093;0392;151;70;1;6;14;267;25
08494;PAÇO DO LUMIAR;0093;0394;238;82;7;3;5;363;28
08494;PAÇO DO LUMIAR;0093;0396;182;96;1;8;7;318;24
08494;PAÇO DO LUMIAR;0093;0397;210;96;5;5;13;358;29
08494;PAÇO DO LUMIAR;0093;0398;185;65;5;0;3;275;17
08494;PAÇO DO LUMIAR;0093;0399;63;25;1;2;4;108;13
08494;PAÇO DO LUMIAR;0093;0400;157;137;7;9;11;342;21
08494;PAÇO DO LUMIAR;0093;0401;94;29;0;4;5;142;10
08494;PAÇO DO LUMIAR;0093;0402;266;60;6;6;2;370;30
08494;PAÇO DO LUMIAR;0093;0403;68;14;0;4;2;96;8
08494;PAÇO DO LUMIAR;0093;0404;52;27;0;1;4;88;4
08494;PAÇO DO LUMIAR;0093;0405;81;28;4;2;2;125;8
08524;SERRANO DO MARANHÃO;0107;0065;32;51;0;1;6;121;31
08524;SERRANO DO MARANHÃO;0107;0066;79;60;1;4;5;167;18
08524;SERRANO DO MARANHÃO;0107;0067;76;62;0;3;4;171;26
08524;SERRANO DO MARANHÃO;0107;0068;80;66;1;3;7;184;27
08524;SERRANO DO MARANHÃO;0107;0069;84;64;0;5;3;177;21
08524;SERRANO DO MARANHÃO;0107;0070;75;64;1;5;10;177;22
08524;SERRANO DO MARANHÃO;0107;0071;41;93;0;3;11;174;26
08524;SERRANO DO MARANHÃO;0107;0074;70;99;0;5;4;217;39
08524;SERRANO DO MARANHÃO;0107;0076;39;101;1;1;11;175;22
08524;SERRANO DO MARANHÃO;0107;0077;56;87;0;7;8;175;17
08524;SERRANO DO MARANHÃO;0107;0078;64;76;0;0;2;158;16
08524;SERRANO DO MARANHÃO;0107;0079;61;73;1;2;9;158;12
08524;SERRANO DO MARANHÃO;0107;0080;51;70;0;0;4;152;27
08524;SERRANO DO MARANHÃO;0107;0081;70;79;0;2;3;176;22
08524;SERRANO DO MARANHÃO;0107;0082;49;55;0;4;6;136;22
08524;SERRANO DO MARANHÃO;0107;0084;168;90;0;11;13;315;33
08524;SERRANO DO MARANHÃO;0107;0085;69;46;0;4;10;163;34
08524;SERRANO DO MARANHÃO;0107;0086;66;40;0;4;8;161;43
08524;SERRANO DO MARANHÃO;0107;0087;33;26;0;3;0;85;23
08524;SERRANO DO MARANHÃO;0107;0088;53;72;0;8;2;173;38
08524;SERRANO DO MARANHÃO;0107;0089;26;31;0;8;3;79;11
08524;SERRANO DO MARANHÃO;0107;0091;99;69;1;8;1;210;32
08524;SERRANO DO MARANHÃO;0107;0092;87;83;2;7;10;214;25
08524;SERRANO DO MARANHÃO;0107;0093;88;70;0;6;8;197;25
08524;SERRANO DO MARANHÃO;0107;0094;91;74;0;8;7;210;30
08524;SERRANO DO MARANHÃO;0107;0095;77;76;0;1;4;194;36
08524;SERRANO DO MARANHÃO;0107;0096;76;25;0;2;9;145;33
08524;SERRANO DO MARANHÃO;0107;0098;85;132;0;17;26;304;44
08524;SERRANO DO MARANHÃO;0107;0101;86;59;0;5;1;179;28
08524;SERRANO DO MARANHÃO;0107;0106;66;61;1;4;5;169;32
08524;SERRANO DO MARANHÃO;0107;0108;49;65;0;7;3;151;27
08524;SERRANO DO MARANHÃO;0107;0112;131;83;0;1;10;248;23
08524;SERRANO DO MARANHÃO;0107;0118;26;74;1;5;14;153;33
08524;SERRANO DO MARANHÃO;0107;0125;51;78;1;2;12;199;55
08524;SERRANO DO MARANHÃO;0107;0128;40;84;2;4;7;172;35
08524;SERRANO DO MARANHÃO;0107;0149;114;73;0;3;15;244;39
08524;SERRANO DO MARANHÃO;0107;0156;23;48;0;3;3;87;10
08524;SERRANO DO MARANHÃO;0107;0165;89;84;1;14;6;243;49
08524;SERRANO DO MARANHÃO;0107;0168;63;76;0;2;8;169;20
08524;SERRANO DO MARANHÃO;0107;0169;11;42;0;0;3;79;23
08540;SUCUPIRA DO RIACHÃO;0053;0026;151;115;0;4;17;299;12
08540;SUCUPIRA DO RIACHÃO;0053;0028;126;129;1;3;12;290;19
08540;SUCUPIRA DO RIACHÃO;0053;0030;77;67;1;2;7;161;7
08540;SUCUPIRA DO RIACHÃO;0053;0034;48;43;1;4;12;114;6
08540;SUCUPIRA DO RIACHÃO;0053;0035;108;81;0;3;12;214;10
08540;SUCUPIRA DO RIACHÃO;0053;0040;90;82;0;3;14;204;15
08540;SUCUPIRA DO RIACHÃO;0053;0041;76;60;1;3;8;161;13
08540;SUCUPIRA DO RIACHÃO;0053;0051;131;119;2;4;14;288;18
08540;SUCUPIRA DO RIACHÃO;0053;0067;122;103;0;5;19;270;21
08540;SUCUPIRA DO RIACHÃO;0053;0068;99;77;0;3;10;202;13
08540;SUCUPIRA DO RIACHÃO;0053;0069;69;62;0;0;10;151;10
08540;SUCUPIRA DO RIACHÃO;0053;0070;130;111;1;6;15;276;13
08540;SUCUPIRA DO RIACHÃO;0053;0075;63;53;0;2;13;150;19
08540;SUCUPIRA DO RIACHÃO;0053;0084;65;73;1;5;6;160;10
08540;SUCUPIRA DO RIACHÃO;0053;0143;114;103;0;4;23;260;16
08540;SUCUPIRA DO RIACHÃO;0053;0144;134;93;2;6;15;264;14
08540;SUCUPIRA DO RIACHÃO;0053;0149;107;87;1;5;7;213;6
08559;PARNARAMA;0036;0001;95;114;2;5;14;246;16
08559;PARNARAMA;0036;0002;89;104;2;8;20;242;19
08559;PARNARAMA;0036;0003;90;102;1;6;15;239;25
08559;PARNARAMA;0036;0004;111;103;2;4;15;258;23
08559;PARNARAMA;0036;0005;109;106;2;5;9;252;21
08559;PARNARAMA;0036;0006;37;107;3;6;17;197;27
08559;PARNARAMA;0036;0007;27;128;1;4;11;194;23
08559;PARNARAMA;0036;0008;38;103;4;8;23;202;26
08559;PARNARAMA;0036;0009;43;128;1;5;10;209;22
08559;PARNARAMA;0036;0010;40;122;0;5;10;195;18
08559;PARNARAMA;0036;0011;32;208;1;2;13;296;40
08559;PARNARAMA;0036;0012;23;197;0;3;15;281;43
08559;PARNARAMA;0036;0013;14;88;0;0;15;133;16
08559;PARNARAMA;0036;0015;51;94;0;1;12;175;17
08559;PARNARAMA;0036;0016;68;75;1;7;15;174;8
08559;PARNARAMA;0036;0017;63;76;0;3;11;168;15
08559;PARNARAMA;0036;0018;49;97;0;3;15;175;11
08559;PARNARAMA;0036;0019;79;65;1;4;13;177;15
08559;PARNARAMA;0036;0020;81;83;0;6;9;200;21
08559;PARNARAMA;0036;0021;127;76;0;10;21;264;30
08559;PARNARAMA;0036;0025;69;46;0;5;3;133;10
08559;PARNARAMA;0036;0026;80;80;1;6;13;201;21
08559;PARNARAMA;0036;0027;64;76;1;8;9;176;18
08559;PARNARAMA;0036;0028;62;92;1;1;11;192;25
08559;PARNARAMA;0036;0029;71;80;1;2;15;188;19
08559;PARNARAMA;0036;0030;55;78;0;6;22;178;17
08559;PARNARAMA;0036;0032;87;108;2;5;21;260;37
08559;PARNARAMA;0036;0033;83;118;1;11;19;271;39
08559;PARNARAMA;0036;0034;58;52;1;6;18;160;25
08559;PARNARAMA;0036;0035;52;64;1;7;9;154;21
08559;PARNARAMA;0036;0036;64;69;1;2;12;168;20
08559;PARNARAMA;0036;0037;56;67;0;5;12;162;22
08559;PARNARAMA;0036;0038;58;69;0;4;19;166;16
08559;PARNARAMA;0036;0039;46;97;0;4;24;204;33
08559;PARNARAMA;0036;0040;55;112;1;5;11;214;30
08559;PARNARAMA;0036;0041;83;99;1;5;16;231;27
08559;PARNARAMA;0036;0042;32;109;1;8;9;170;11
08559;PARNARAMA;0036;0043;52;175;0;10;20;292;35
08559;PARNARAMA;0036;0044;19;110;5;2;22;178;20
08559;PARNARAMA;0036;0045;21;108;7;6;13;180;25
08559;PARNARAMA;0036;0046;99;97;4;3;32;266;31
08559;PARNARAMA;0036;0047;80;102;1;7;19;241;32
08559;PARNARAMA;0036;0048;14;82;2;4;13;154;39
08559;PARNARAMA;0036;0052;25;109;5;9;13;183;22
08559;PARNARAMA;0036;0053;100;120;1;3;12;259;23
08559;PARNARAMA;0036;0060;92;97;0;4;13;238;32
08559;PARNARAMA;0036;0061;109;116;3;2;7;249;12
08559;PARNARAMA;0036;0063;40;124;1;5;17;204;17
08559;PARNARAMA;0036;0065;81;124;3;6;10;245;21
08559;PARNARAMA;0036;0066;78;105;3;11;13;240;30
08559;PARNARAMA;0036;0067;76;52;0;5;20;178;25
08559;PARNARAMA;0036;0068;55;97;2;3;24;194;13
08559;PARNARAMA;0036;0069;47;34;0;1;6;94;6
08559;PARNARAMA;0036;0070;12;70;0;1;6;131;42
08559;PARNARAMA;0036;0071;85;89;1;4;14;214;21
08559;PARNARAMA;0036;0072;59;112;1;9;9;215;25
08559;PARNARAMA;0036;0073;51;62;0;3;7;136;13
08559;PARNARAMA;0036;0075;53;89;0;3;7;162;10
08559;PARNARAMA;0036;0076;59;113;1;1;16;211;21
08559;PARNARAMA;0036;0077;85;95;3;10;16;230;21
08559;PARNARAMA;0036;0078;87;92;2;13;12;232;26
08559;PARNARAMA;0036;0079;98;50;0;6;10;178;14
08559;PARNARAMA;0036;0080;97;114;3;4;9;248;21
08559;PARNARAMA;0036;0081;75;121;1;11;12;248;28
08559;PARNARAMA;0036;0082;28;95;0;4;12;159;20
08559;PARNARAMA;0036;0083;53;76;0;6;7;157;15
08559;PARNARAMA;0036;0084;84;105;1;7;8;237;32
08559;PARNARAMA;0036;0085;89;99;1;9;5;234;31
08559;PARNARAMA;0036;0086;58;92;0;1;7;168;10
08559;PARNARAMA;0036;0087;23;93;7;7;11;181;40
08559;PARNARAMA;0036;0089;90;91;2;3;16;239;37
08559;PARNARAMA;0036;0090;56;123;0;4;6;206;17
08559;PARNARAMA;0036;0091;44;102;3;10;16;189;14
08559;PARNARAMA;0036;0094;57;137;1;4;31;259;29
08559;PARNARAMA;0036;0095;26;160;4;4;15;225;16
08559;PARNARAMA;0036;0096;62;66;0;8;8;157;13
08559;PARNARAMA;0036;0097;95;40;0;4;14;168;15
08559;PARNARAMA;0036;0098;77;115;1;6;10;227;18
08559;PARNARAMA;0036;0100;34;203;3;3;7;278;28
08559;PARNARAMA;0036;0101;29;106;5;2;16;179;21
08559;PARNARAMA;0036;0102;37;158;1;3;21;236;16
08559;PARNARAMA;0036;0103;66;75;0;5;3;157;8
08559;PARNARAMA;0036;0105;86;110;2;7;14;243;24
08559;PARNARAMA;0036;0107;85;109;1;2;19;244;28
08559;PARNARAMA;0036;0110;30;95;2;2;14;180;37
08559;PARNARAMA;0036;0112;22;99;0;3;3;141;14
08559;PARNARAMA;0036;0114;22;42;0;3;11;89;11
08559;PARNARAMA;0036;0121;40;114;2;4;5;187;22
08559;PARNARAMA;0036;0123;90;103;4;8;15;248;28
08559;PARNARAMA;0036;0125;49;101;1;9;8;185;17
08559;PARNARAMA;0036;0126;45;74;0;7;24;176;26
08559;PARNARAMA;0036;0127;67;82;1;5;18;193;20
08559;PARNARAMA;0036;0128;6;70;0;2;3;84;3
08559;PARNARAMA;0036;0129;40;77;3;6;18;164;20
08559;PARNARAMA;0036;0130;67;99;1;6;11;213;29
08559;PARNARAMA;0036;0131;68;71;0;6;10;173;18
08559;PARNARAMA;0036;0132;26;178;8;3;24;278;39
08559;PARNARAMA;0036;0135;67;93;1;3;3;182;15
08559;PARNARAMA;0036;0136;64;118;2;3;19;230;24
08613;PEDREIRAS;0009;0001;96;75;3;2;4;206;26
08613;PEDREIRAS;0009;0002;97;71;5;4;8;215;30
08613;PEDREIRAS;0009;0003;91;80;3;4;9;210;23
08613;PEDREIRAS;0009;0004;76;82;2;6;12;203;25
08613;PEDREIRAS;0009;0005;102;69;2;9;9;211;20
08613;PEDREIRAS;0009;0007;70;69;4;5;10;179;21
08613;PEDREIRAS;0009;0008;101;65;2;6;8;192;10
08613;PEDREIRAS;0009;0009;83;72;4;5;7;188;17
08613;PEDREIRAS;0009;0010;87;70;4;4;3;185;17
08613;PEDREIRAS;0009;0012;89;57;9;4;7;190;24
08613;PEDREIRAS;0009;0013;87;81;4;7;7;203;17
08613;PEDREIRAS;0009;0014;87;81;3;7;8;204;18
08613;PEDREIRAS;0009;0015;71;91;6;3;8;200;21
08613;PEDREIRAS;0009;0016;105;81;1;5;16;235;27
08613;PEDREIRAS;0009;0018;114;80;3;6;8;235;24
08613;PEDREIRAS;0009;0019;109;83;4;6;14;240;24
08613;PEDREIRAS;0009;0020;64;63;1;5;10;159;16
08613;PEDREIRAS;0009;0021;66;53;2;4;17;156;14
08613;PEDREIRAS;0009;0022;75;56;4;8;6;163;14
08613;PEDREIRAS;0009;0023;68;65;3;5;6;166;19
08613;PEDREIRAS;0009;0024;74;52;3;5;6;155;15
08613;PEDREIRAS;0009;0025;120;69;5;6;16;239;23
08613;PEDREIRAS;0009;0027;94;74;9;6;9;221;29
08613;PEDREIRAS;0009;0028;112;85;6;8;7;231;13
08613;PEDREIRAS;0009;0029;110;82;0;9;10;230;19
08613;PEDREIRAS;0009;0030;125;68;8;6;13;232;12
08613;PEDREIRAS;0009;0031;131;61;6;7;4;237;28
08613;PEDREIRAS;0009;0032;81;81;2;5;10;203;24
08613;PEDREIRAS;0009;0033;83;78;0;4;6;185;14
08613;PEDREIRAS;0009;0034;91;69;5;5;8;200;22
08613;PEDREIRAS;0009;0035;86;73;5;5;6;199;24
08613;PEDREIRAS;0009;0036;80;82;4;7;9;193;11
08613;PEDREIRAS;0009;0037;84;73;3;4;4;191;23
08613;PEDREIRAS;0009;0038;78;77;5;7;6;190;17
08613;PEDREIRAS;0009;0039;86;76;2;6;5;192;17
08613;PEDREIRAS;0009;0040;81;75;1;3;5;180;15
08613;PEDREIRAS;0009;0041;87;67;5;7;7;185;12
08613;PEDREIRAS;0009;0042;77;72;1;7;6;194;31
08613;PEDREIRAS;0009;0043;79;78;4;4;6;199;28
08613;PEDREIRAS;0009;0044;129;82;2;5;11;249;20
08613;PEDREIRAS;0009;0045;138;74;4;12;5;243;10
08613;PEDREIRAS;0009;0046;124;72;10;5;9;250;30
08613;PEDREIRAS;0009;0047;95;73;7;7;7;213;24
08613;PEDREIRAS;0009;0071;48;168;0;3;8;238;11
08613;PEDREIRAS;0009;0072;150;122;2;1;17;314;22
08613;PEDREIRAS;0009;0075;119;89;3;4;11;239;13
08613;PEDREIRAS;0009;0076;21;76;0;0;2;105;6
08613;PEDREIRAS;0009;0079;30;60;0;1;11;110;8
08613;PEDREIRAS;0009;0080;76;114;5;3;10;229;21
08613;PEDREIRAS;0009;0081;78;79;5;3;5;195;25
08613;PEDREIRAS;0009;0082;66;95;0;3;9;193;20
08613;PEDREIRAS;0009;0083;85;68;6;7;11;189;12
08613;PEDREIRAS;0009;0084;62;70;4;4;9;173;24
08613;PEDREIRAS;0009;0085;74;61;2;4;5;164;18
08613;PEDREIRAS;0009;0087;125;104;7;6;10;281;29
08613;PEDREIRAS;0009;0088;124;83;4;5;5;244;23
08613;PEDREIRAS;0009;0090;55;107;0;3;3;192;24
08613;PEDREIRAS;0009;0091;63;100;1;3;5;180;8
08613;PEDREIRAS;0009;0092;116;77;3;8;13;244;27
08613;PEDREIRAS;0009;0093;82;73;3;7;13;214;36
08613;PEDREIRAS;0009;0095;121;79;3;5;10;241;23
08613;PEDREIRAS;0009;0097;119;81;8;6;9;241;18
08613;PEDREIRAS;0009;0099;50;110;0;2;4;182;16
08613;PEDREIRAS;0009;0100;147;79;2;7;12;281;34
08613;PEDREIRAS;0009;0101;48;47;0;0;9;120;16
08613;PEDREIRAS;0009;0103;108;69;2;12;15;238;32
08613;PEDREIRAS;0009;0106;107;88;7;3;5;233;23
08613;PEDREIRAS;0009;0107;53;156;0;1;5;227;12
08613;PEDREIRAS;0009;0109;76;188;0;9;4;291;14
08613;PEDREIRAS;0009;0110;86;85;2;6;15;218;24
08613;PEDREIRAS;0009;0111;114;60;2;4;9;210;21
08613;PEDREIRAS;0009;0113;152;67;3;7;11;272;32
08613;PEDREIRAS;0009;0114;83;43;5;5;7;156;13
08613;PEDREIRAS;0009;0116;114;94;2;6;13;250;21
08613;PEDREIRAS;0009;0122;81;101;0;2;5;204;15
08613;PEDREIRAS;0009;0123;106;84;8;7;11;238;22
08613;PEDREIRAS;0009;0125;126;71;4;7;12;242;22
08613;PEDREIRAS;0009;0127;82;80;3;2;13;202;22
08613;PEDREIRAS;0009;0128;113;86;4;4;11;248;30
08613;PEDREIRAS;0009;0129;116;72;4;5;9;222;16
08613;PEDREIRAS;0009;0133;84;79;0;11;8;208;26
08613;PEDREIRAS;0009;0137;112;86;2;5;11;232;16
08613;PEDREIRAS;0009;0139;122;74;4;5;4;242;33
08613;PEDREIRAS;0009;0145;74;67;1;4;4;165;15
08613;PEDREIRAS;0009;0146;147;67;4;6;8;262;30
08613;PEDREIRAS;0009;0147;94;93;5;7;11;223;13
08613;PEDREIRAS;0009;0149;76;57;1;9;6;167;18
08613;PEDREIRAS;0009;0151;134;117;10;6;14;307;26
08613;PEDREIRAS;0009;0152;115;83;6;6;9;237;18
08613;PEDREIRAS;0009;0153;86;85;3;12;7;217;24
08613;PEDREIRAS;0009;0158;103;84;4;9;10;224;14
08613;PEDREIRAS;0009;0160;42;118;1;4;7;189;17
08613;PEDREIRAS;0009;0162;144;79;2;8;9;247;5
08613;PEDREIRAS;0009;0167;97;60;5;5;3;189;19
08613;PEDREIRAS;0009;0168;119;85;3;3;7;241;24
08613;PEDREIRAS;0009;0170;132;87;3;5;3;264;34
08613;PEDREIRAS;0009;0174;140;109;10;8;13;293;13
08613;PEDREIRAS;0009;0175;106;70;7;8;11;221;19
08613;PEDREIRAS;0009;0176;85;50;1;3;6;162;17
08613;PEDREIRAS;0009;0179;108;75;1;7;7;215;17
08613;PEDREIRAS;0009;0180;84;82;1;8;6;206;25
08613;PEDREIRAS;0009;0182;103;75;2;5;12;226;29
08613;PEDREIRAS;0009;0183;24;59;2;3;5;105;12
08613;PEDREIRAS;0009;0186;89;71;9;4;8;196;15
08613;PEDREIRAS;0009;0190;114;69;6;5;12;232;26
08613;PEDREIRAS;0009;0194;7;5;0;4;7;39;16
08613;PEDREIRAS;0009;0196;47;77;0;6;1;149;18
08613;PEDREIRAS;0009;0197;131;91;6;8;14;275;25
08613;PEDREIRAS;0009;0200;149;57;7;5;18;258;22
08613;PEDREIRAS;0009;0201;28;50;0;2;7;100;13
08656;PERI MIRIM;0111;0162;114;82;0;5;7;238;30
08656;PERI MIRIM;0111;0163;120;80;0;5;12;239;22
08656;PERI MIRIM;0111;0164;123;92;0;7;6;249;21
08656;PERI MIRIM;0111;0165;122;70;3;8;9;223;11
08656;PERI MIRIM;0111;0166;107;72;2;5;6;207;15
08656;PERI MIRIM;0111;0167;108;84;1;3;7;213;10
08656;PERI MIRIM;0111;0168;115;99;0;1;13;247;19
08656;PERI MIRIM;0111;0169;134;87;1;4;9;245;10
08656;PERI MIRIM;0111;0170;122;98;0;4;5;250;21
08656;PERI MIRIM;0111;0171;142;80;0;6;2;251;21
08656;PERI MIRIM;0111;0172;129;94;0;7;6;251;15
08656;PERI MIRIM;0111;0173;128;91;0;5;15;264;25
08656;PERI MIRIM;0111;0174;119;102;2;5;9;259;22
08656;PERI MIRIM;0111;0175;118;96;1;4;14;250;17
08656;PERI MIRIM;0111;0176;118;97;0;6;13;252;18
08656;PERI MIRIM;0111;0177;141;101;0;5;7;264;10
08656;PERI MIRIM;0111;0178;137;100;1;7;11;276;20
08656;PERI MIRIM;0111;0179;140;94;1;4;8;273;26
08656;PERI MIRIM;0111;0180;150;99;0;7;15;287;16
08656;PERI MIRIM;0111;0181;150;101;0;4;7;283;21
08656;PERI MIRIM;0111;0182;135;115;0;8;10;282;14
08656;PERI MIRIM;0111;0183;169;101;0;6;2;287;9
08656;PERI MIRIM;0111;0184;65;57;0;5;12;168;29
08656;PERI MIRIM;0111;0185;78;85;1;4;12;202;22
08656;PERI MIRIM;0111;0186;89;105;0;9;17;251;31
08656;PERI MIRIM;0111;0187;90;122;0;8;14;259;25
08656;PERI MIRIM;0111;0188;91;129;0;10;7;260;23
08656;PERI MIRIM;0111;0189;104;112;1;8;13;260;22
08656;PERI MIRIM;0111;0190;108;107;1;4;6;249;23
08656;PERI MIRIM;0111;0191;126;105;0;4;11;260;14
08656;PERI MIRIM;0111;0192;118;110;1;12;10;269;18
08656;PERI MIRIM;0111;0193;118;73;0;3;17;242;31
08656;PERI MIRIM;0111;0194;126;89;0;7;18;264;24
08656;PERI MIRIM;0111;0195;131;90;1;8;14;268;24
08656;PERI MIRIM;0111;0196;131;82;2;7;11;245;12
08656;PERI MIRIM;0111;0197;165;67;1;6;12;268;17
08850;PRIMEIRA CRUZ;0032;0040;82;109;0;0;20;233;22
08850;PRIMEIRA CRUZ;0032;0047;112;55;0;1;9;198;21
08850;PRIMEIRA CRUZ;0032;0048;66;129;2;1;9;217;10
08850;PRIMEIRA CRUZ;0032;0049;106;48;0;5;18;203;26
08850;PRIMEIRA CRUZ;0032;0068;80;147;0;0;1;240;12
08850;PRIMEIRA CRUZ;0032;0069;124;96;1;1;8;242;12
08850;PRIMEIRA CRUZ;0032;0070;126;58;0;1;3;202;14
08850;PRIMEIRA CRUZ;0032;0072;43;61;0;0;5;114;5
08850;PRIMEIRA CRUZ;0032;0075;99;59;1;1;4;185;21
08850;PRIMEIRA CRUZ;0032;0078;130;104;1;1;3;244;5
08850;PRIMEIRA CRUZ;0032;0079;180;86;2;2;1;291;20
08850;PRIMEIRA CRUZ;0032;0087;37;44;0;2;5;91;3
08850;PRIMEIRA CRUZ;0032;0089;39;61;0;0;1;109;8
08850;PRIMEIRA CRUZ;0032;0090;24;12;0;3;5;52;8
08850;PRIMEIRA CRUZ;0032;0091;123;55;2;2;4;199;13
08850;PRIMEIRA CRUZ;0032;0094;24;47;0;0;4;78;3
08850;PRIMEIRA CRUZ;0032;0095;132;89;0;2;9;264;32
08850;PRIMEIRA CRUZ;0032;0096;91;86;1;2;19;212;13
08850;PRIMEIRA CRUZ;0032;0136;119;109;0;3;14;264;19
08850;PRIMEIRA CRUZ;0032;0137;79;46;0;1;4;138;8
08850;PRIMEIRA CRUZ;0032;0144;16;49;0;1;4;75;5
08850;PRIMEIRA CRUZ;0032;0145;92;44;0;0;6;163;21
08850;PRIMEIRA CRUZ;0032;0148;18;148;1;0;8;191;16
08850;PRIMEIRA CRUZ;0032;0150;171;105;2;3;13;302;8
08850;PRIMEIRA CRUZ;0032;0158;91;54;0;3;8;162;6
08850;PRIMEIRA CRUZ;0032;0167;126;34;1;3;4;179;11
08850;PRIMEIRA CRUZ;0032;0179;119;47;0;3;5;185;11
08850;PRIMEIRA CRUZ;0032;0183;116;70;0;5;6;214;17
08850;PRIMEIRA CRUZ;0032;0184;110;67;0;5;3;201;16
08850;PRIMEIRA CRUZ;0032;0185;122;64;0;2;7;216;21
08850;PRIMEIRA CRUZ;0032;0186;182;82;0;6;12;300;18
08850;PRIMEIRA CRUZ;0032;0187;182;74;1;4;9;296;26
08850;PRIMEIRA CRUZ;0032;0188;115;42;0;5;9;189;18
08850;PRIMEIRA CRUZ;0032;0189;103;62;3;3;5;194;18
08850;PRIMEIRA CRUZ;0032;0190;118;59;1;5;6;201;12
08850;PRIMEIRA CRUZ;0032;0191;103;83;0;8;6;220;20
08850;PRIMEIRA CRUZ;0032;0192;97;61;0;4;13;191;16
08850;PRIMEIRA CRUZ;0032;0193;34;13;1;0;3;53;2
08850;PRIMEIRA CRUZ;0032;0194;103;112;0;0;9;236;12
08850;PRIMEIRA CRUZ;0032;0195;101;123;2;0;15;254;13
08850;PRIMEIRA CRUZ;0032;0196;137;85;0;1;9;250;18
08850;PRIMEIRA CRUZ;0032;0198;191;85;0;5;8;303;14
08850;PRIMEIRA CRUZ;0032;0199;89;69;1;4;14;190;13
08850;PRIMEIRA CRUZ;0032;0200;176;77;1;3;11;289;21
08850;PRIMEIRA CRUZ;0032;0201;172;95;0;6;13;299;13
08850;PRIMEIRA CRUZ;0032;0202;31;51;0;0;3;91;6
08893;SÃO JOSÉ DE RIBAMAR;0047;0001;167;86;4;3;5;291;26
08893;SÃO JOSÉ DE RIBAMAR;0047;0002;140;78;4;4;4;249;19
08893;SÃO JOSÉ DE RIBAMAR;0047;0003;146;68;2;9;7;253;21
08893;SÃO JOSÉ DE RIBAMAR;0047;0004;173;72;0;5;8;271;13
08893;SÃO JOSÉ DE RIBAMAR;0047;0005;145;72;3;9;4;262;29
08893;SÃO JOSÉ DE RIBAMAR;0047;0006;148;65;3;7;6;253;24
08893;SÃO JOSÉ DE RIBAMAR;0047;0007;141;79;0;2;5;254;27
08893;SÃO JOSÉ DE RIBAMAR;0047;0008;147;74;3;9;7;262;22
08893;SÃO JOSÉ DE RIBAMAR;0047;0009;133;77;4;6;8;245;17
08893;SÃO JOSÉ DE RIBAMAR;0047;0010;117;52;3;6;1;195;16
08893;SÃO JOSÉ DE RIBAMAR;0047;0011;110;52;1;4;5;180;8
08893;SÃO JOSÉ DE RIBAMAR;0047;0012;177;55;1;4;7;262;18
08893;SÃO JOSÉ DE RIBAMAR;0047;0014;103;57;5;6;4;187;12
08893;SÃO JOSÉ DE RIBAMAR;0047;0015;147;70;0;8;9;255;21
08893;SÃO JOSÉ DE RIBAMAR;0047;0016;126;69;0;9;14;243;25
08893;SÃO JOSÉ DE RIBAMAR;0047;0019;130;59;3;7;7;236;30
08893;SÃO JOSÉ DE RIBAMAR;0047;0020;135;62;0;14;9;249;29
08893;SÃO JOSÉ DE RIBAMAR;0047;0021;148;71;1;6;7;256;23
08893;SÃO JOSÉ DE RIBAMAR;0047;0022;164;59;2;7;10;257;15
08893;SÃO JOSÉ DE RIBAMAR;0047;0023;149;72;4;5;10;260;20
08893;SÃO JOSÉ DE RIBAMAR;0047;0024;139;56;1;14;5;251;36
08893;SÃO JOSÉ DE RIBAMAR;0047;0025;149;64;4;5;5;266;39
08893;SÃO JOSÉ DE RIBAMAR;0047;0026;154;75;5;4;6;271;27
08893;SÃO JOSÉ DE RIBAMAR;0047;0027;129;83;1;7;7;250;23
08893;SÃO JOSÉ DE RIBAMAR;0047;0028;127;77;6;6;2;242;24
08893;SÃO JOSÉ DE RIBAMAR;0047;0030;141;76;2;5;4;251;23
08893;SÃO JOSÉ DE RIBAMAR;0047;0031;165;82;6;8;7;284;16
08893;SÃO JOSÉ DE RIBAMAR;0047;0032;154;72;5;7;6;261;17
08893;SÃO JOSÉ DE RIBAMAR;0047;0033;168;81;3;4;15;288;17
08893;SÃO JOSÉ DE RIBAMAR;0047;0034;155;76;7;9;10;294;37
08893;SÃO JOSÉ DE RIBAMAR;0047;0035;130;53;0;7;11;234;33
08893;SÃO JOSÉ DE RIBAMAR;0047;0037;133;76;4;16;8;274;37
08893;SÃO JOSÉ DE RIBAMAR;0047;0039;140;65;0;9;4;241;23
08893;SÃO JOSÉ DE RIBAMAR;0047;0040;153;71;3;9;6;264;22
08893;SÃO JOSÉ DE RIBAMAR;0047;0041;158;83;1;10;7;282;23
08893;SÃO JOSÉ DE RIBAMAR;0047;0042;172;65;1;10;6;281;27
08893;SÃO JOSÉ DE RIBAMAR;0047;0043;165;77;5;6;9;276;14
08893;SÃO JOSÉ DE RIBAMAR;0047;0044;177;75;4;4;6;293;27
08893;SÃO JOSÉ DE RIBAMAR;0047;0045;112;68;4;20;9;241;28
08893;SÃO JOSÉ DE RIBAMAR;0047;0047;165;48;1;6;7;251;24
08893;SÃO JOSÉ DE RIBAMAR;0047;0048;105;56;2;2;6;181;10
08893;SÃO JOSÉ DE RIBAMAR;0047;0049;108;139;0;2;3;269;17
08893;SÃO JOSÉ DE RIBAMAR;0047;0050;139;120;0;5;6;285;15
08893;SÃO JOSÉ DE RIBAMAR;0047;0051;167;57;1;8;4;256;19
08893;SÃO JOSÉ DE RIBAMAR;0047;0052;141;38;2;4;6;208;17
08893;SÃO JOSÉ DE RIBAMAR;0047;0053;166;44;1;8;8;234;7
08893;SÃO JOSÉ DE RIBAMAR;0047;0054;194;40;3;4;9;274;24
08893;SÃO JOSÉ DE RIBAMAR;0047;0055;153;65;6;5;9;272;34
08893;SÃO JOSÉ DE RIBAMAR;0047;0056;191;65;1;1;7;289;24
08893;SÃO JOSÉ DE RIBAMAR;0047;0057;200;45;1;11;6;285;22
08893;SÃO JOSÉ DE RIBAMAR;0047;0058;172;57;2;6;12;275;26
08893;SÃO JOSÉ DE RIBAMAR;0047;0059;194;46;0;4;13;282;25
08893;SÃO JOSÉ DE RIBAMAR;0047;0060;193;54;1;6;11;284;19
08893;SÃO JOSÉ DE RIBAMAR;0047;0061;131;127;2;3;6;291;22
08893;SÃO JOSÉ DE RIBAMAR;0047;0062;187;45;0;11;5;271;23
08893;SÃO JOSÉ DE RIBAMAR;0047;0063;162;55;2;11;9;261;22
08893;SÃO JOSÉ DE RIBAMAR;0047;0064;154;56;5;7;8;254;24
08893;SÃO JOSÉ DE RIBAMAR;0047;0065;62;24;2;6;3;107;10
08893;SÃO JOSÉ DE RIBAMAR;0047;0066;150;55;1;9;3;242;24
08893;SÃO JOSÉ DE RIBAMAR;0047;0067;152;53;4;6;5;241;21
08893;SÃO JOSÉ DE RIBAMAR;0047;0069;134;70;3;12;14;267;34
08893;SÃO JOSÉ DE RIBAMAR;0047;0070;128;80;2;7;11;263;35
08893;SÃO JOSÉ DE RIBAMAR;0047;0071;113;108;1;12;9;283;40
08893;SÃO JOSÉ DE RIBAMAR;0047;0074;197;53;5;4;8;290;23
08893;SÃO JOSÉ DE RIBAMAR;0047;0075;202;36;2;4;17;277;16
08893;SÃO JOSÉ DE RIBAMAR;0047;0077;174;56;3;8;4;270;25
08893;SÃO JOSÉ DE RIBAMAR;0047;0078;129;67;4;13;13;255;29
08893;SÃO JOSÉ DE RIBAMAR;0047;0079;202;68;2;8;5;308;23
08893;SÃO JOSÉ DE RIBAMAR;0047;0081;148;72;0;8;13;261;20
08893;SÃO JOSÉ DE RIBAMAR;0047;0082;186;47;3;6;3;269;24
08893;SÃO JOSÉ DE RIBAMAR;0047;0083;198;36;1;6;15;274;18
08893;SÃO JOSÉ DE RIBAMAR;0047;0085;203;40;1;4;6;275;21
08893;SÃO JOSÉ DE RIBAMAR;0047;0087;190;62;2;12;13;301;22
08893;SÃO JOSÉ DE RIBAMAR;0047;0088;149;82;3;6;8;266;18
08893;SÃO JOSÉ DE RIBAMAR;0047;0089;112;59;4;7;7;201;12
08893;SÃO JOSÉ DE RIBAMAR;0047;0091;172;66;4;4;6;273;21
08893;SÃO JOSÉ DE RIBAMAR;0047;0093;123;43;0;5;13;196;12
08893;SÃO JOSÉ DE RIBAMAR;0047;0096;201;47;5;4;7;286;22
08893;SÃO JOSÉ DE RIBAMAR;0047;0098;163;97;0;3;5;286;18
08893;SÃO JOSÉ DE RIBAMAR;0047;0099;207;41;2;9;15;286;12
08893;SÃO JOSÉ DE RIBAMAR;0047;0100;148;104;3;14;15;306;22
08893;SÃO JOSÉ DE RIBAMAR;0047;0101;160;84;2;2;6;269;15
08893;SÃO JOSÉ DE RIBAMAR;0047;0102;111;55;3;8;2;188;9
08893;SÃO JOSÉ DE RIBAMAR;0047;0105;184;50;1;11;6;267;15
08893;SÃO JOSÉ DE RIBAMAR;0047;0106;212;39;9;6;9;303;28
08893;SÃO JOSÉ DE RIBAMAR;0047;0107;183;51;6;5;8;285;32
08893;SÃO JOSÉ DE RIBAMAR;0047;0108;211;48;9;7;7;310;28
08893;SÃO JOSÉ DE RIBAMAR;0047;0109;226;57;2;7;8;323;23
08893;SÃO JOSÉ DE RIBAMAR;0047;0110;128;81;0;6;6;243;22
08893;SÃO JOSÉ DE RIBAMAR;0047;0111;149;71;1;11;7;273;34
08893;SÃO JOSÉ DE RIBAMAR;0047;0125;135;66;3;9;8;246;25
08893;SÃO JOSÉ DE RIBAMAR;0047;0127;195;46;4;12;13;292;22
08893;SÃO JOSÉ DE RIBAMAR;0047;0140;174;88;3;18;10;332;39
08893;SÃO JOSÉ DE RIBAMAR;0047;0141;120;56;1;2;6;197;12
08893;SÃO JOSÉ DE RIBAMAR;0047;0142;205;45;4;10;10;292;18
08893;SÃO JOSÉ DE RIBAMAR;0047;0143;185;50;10;3;13;281;20
08893;SÃO JOSÉ DE RIBAMAR;0047;0147;171;59;3;9;4;274;28
08893;SÃO JOSÉ DE RIBAMAR;0047;0148;220;40;3;3;22;314;26
08893;SÃO JOSÉ DE RIBAMAR;0047;0157;207;45;3;8;7;292;22
08893;SÃO JOSÉ DE RIBAMAR;0047;0163;220;55;1;1;12;313;24
08893;SÃO JOSÉ DE RIBAMAR;0047;0165;153;89;5;6;7;277;17
08893;SÃO JOSÉ DE RIBAMAR;0047;0166;90;49;0;7;15;191;30
08893;SÃO JOSÉ DE RIBAMAR;0047;0167;203;40;3;7;6;290;31
08893;SÃO JOSÉ DE RIBAMAR;0047;0168;238;55;2;12;8;339;24
08893;SÃO JOSÉ DE RIBAMAR;0047;0174;148;109;0;8;9;293;19
08893;SÃO JOSÉ DE RIBAMAR;0047;0178;243;50;1;5;8;335;28
08893;SÃO JOSÉ DE RIBAMAR;0047;0180;250;50;1;4;6;336;25
08893;SÃO JOSÉ DE RIBAMAR;0047;0183;206;43;3;7;11;295;25
08893;SÃO JOSÉ DE RIBAMAR;0047;0191;226;52;1;4;15;328;30
08893;SÃO JOSÉ DE RIBAMAR;0047;0193;192;57;1;6;9;297;32
08893;SÃO JOSÉ DE RIBAMAR;0047;0196;229;40;0;8;12;307;18
08893;SÃO JOSÉ DE RIBAMAR;0047;0197;193;45;7;6;13;287;23
08893;SÃO JOSÉ DE RIBAMAR;0047;0205;149;74;3;4;6;248;12
08893;SÃO JOSÉ DE RIBAMAR;0047;0206;168;89;1;5;10;286;13
08893;SÃO JOSÉ DE RIBAMAR;0047;0207;178;45;3;5;9;266;26
08893;SÃO JOSÉ DE RIBAMAR;0047;0208;179;61;4;9;10;296;33
08893;SÃO JOSÉ DE RIBAMAR;0047;0209;157;55;4;7;9;267;35
08893;SÃO JOSÉ DE RIBAMAR;0047;0210;165;60;5;13;15;285;27
08893;SÃO JOSÉ DE RIBAMAR;0047;0211;187;51;4;6;13;291;30
08893;SÃO JOSÉ DE RIBAMAR;0047;0214;174;45;4;11;6;256;16
08893;SÃO JOSÉ DE RIBAMAR;0047;0215;236;50;3;2;7;332;34
08893;SÃO JOSÉ DE RIBAMAR;0047;0216;202;50;4;14;12;307;25
08893;SÃO JOSÉ DE RIBAMAR;0047;0217;189;41;9;7;12;282;24
08893;SÃO JOSÉ DE RIBAMAR;0047;0229;193;44;4;12;13;289;23
08893;SÃO JOSÉ DE RIBAMAR;0047;0233;136;99;2;3;12;281;29
08893;SÃO JOSÉ DE RIBAMAR;0047;0235;212;64;3;4;12;310;15
08893;SÃO JOSÉ DE RIBAMAR;0047;0236;176;66;4;11;7;289;25
08893;SÃO JOSÉ DE RIBAMAR;0047;0255;164;60;2;11;9;265;19
08893;SÃO JOSÉ DE RIBAMAR;0047;0257;137;62;2;9;11;243;22
08893;SÃO JOSÉ DE RIBAMAR;0047;0258;158;107;3;10;14;314;22
08893;SÃO JOSÉ DE RIBAMAR;0047;0259;192;85;3;4;12;321;25
08893;SÃO JOSÉ DE RIBAMAR;0047;0260;132;63;0;3;6;223;19
08893;SÃO JOSÉ DE RIBAMAR;0047;0261;129;62;1;6;6;224;20
08893;SÃO JOSÉ DE RIBAMAR;0047;0262;103;59;2;12;4;188;8
08893;SÃO JOSÉ DE RIBAMAR;0047;0263;119;63;3;3;5;220;27
08893;SÃO JOSÉ DE RIBAMAR;0047;0264;146;128;1;4;0;291;12
08893;SÃO JOSÉ DE RIBAMAR;0047;0265;128;124;3;3;6;280;16
08893;SÃO JOSÉ DE RIBAMAR;0047;0266;226;37;5;8;14;319;29
08893;SÃO JOSÉ DE RIBAMAR;0047;0267;243;31;2;6;8;317;27
08893;SÃO JOSÉ DE RIBAMAR;0047;0268;205;47;1;4;19;289;13
08893;SÃO JOSÉ DE RIBAMAR;0047;0269;145;70;0;12;8;253;18
08893;SÃO JOSÉ DE RIBAMAR;0047;0270;148;64;0;13;13;259;21
08893;SÃO JOSÉ DE RIBAMAR;0047;0271;156;43;1;5;9;237;23
08893;SÃO JOSÉ DE RIBAMAR;0047;0272;206;51;3;4;19;298;15
08893;SÃO JOSÉ DE RIBAMAR;0047;0273;185;60;7;14;14;301;21
08893;SÃO JOSÉ DE RIBAMAR;0047;0274;220;34;4;7;18;319;36
08893;SÃO JOSÉ DE RIBAMAR;0047;0275;228;51;5;6;10;324;24
08893;SÃO JOSÉ DE RIBAMAR;0047;0276;144;35;5;9;6;217;18
08893;SÃO JOSÉ DE RIBAMAR;0047;0277;198;46;5;11;3;289;26
08893;SÃO JOSÉ DE RIBAMAR;0047;0278;210;32;2;4;7;281;26
08893;SÃO JOSÉ DE RIBAMAR;0047;0317;206;64;7;5;13;322;27
08893;SÃO JOSÉ DE RIBAMAR;0047;0318;216;49;1;5;5;301;25
08893;SÃO JOSÉ DE RIBAMAR;0047;0319;149;89;4;7;7;270;14
08893;SÃO JOSÉ DE RIBAMAR;0047;0320;201;44;4;8;10;296;29
08893;SÃO JOSÉ DE RIBAMAR;0047;0321;88;21;1;3;0;120;7
08893;SÃO JOSÉ DE RIBAMAR;0047;0324;145;85;3;1;8;260;18
08893;SÃO JOSÉ DE RIBAMAR;0047;0328;230;54;1;7;21;339;26
08893;SÃO JOSÉ DE RIBAMAR;0047;0329;170;78;2;9;9;286;18
08893;SÃO JOSÉ DE RIBAMAR;0047;0330;207;50;4;5;7;293;20
08893;SÃO JOSÉ DE RIBAMAR;0047;0332;241;38;1;5;9;318;24
08893;SÃO JOSÉ DE RIBAMAR;0047;0333;174;35;1;13;10;274;41
08893;SÃO JOSÉ DE RIBAMAR;0047;0335;180;58;4;12;12;289;23
08893;SÃO JOSÉ DE RIBAMAR;0047;0338;148;71;4;14;15;277;25
08893;SÃO JOSÉ DE RIBAMAR;0047;0339;142;49;2;5;8;225;19
08893;SÃO JOSÉ DE RIBAMAR;0047;0340;211;44;3;7;10;290;15
08893;SÃO JOSÉ DE RIBAMAR;0047;0344;188;74;3;8;13;312;26
08893;SÃO JOSÉ DE RIBAMAR;0047;0345;162;56;1;9;11;266;27
08893;SÃO JOSÉ DE RIBAMAR;0047;0346;140;117;0;6;5;289;21
08893;SÃO JOSÉ DE RIBAMAR;0047;0347;212;44;4;5;7;295;23
08893;SÃO JOSÉ DE RIBAMAR;0047;0348;235;34;0;11;16;323;27
08893;SÃO JOSÉ DE RIBAMAR;0047;0349;241;37;6;6;5;312;17
08893;SÃO JOSÉ DE RIBAMAR;0047;0350;238;42;5;8;9;324;22
08893;SÃO JOSÉ DE RIBAMAR;0047;0351;187;38;3;9;9;271;25
08893;SÃO JOSÉ DE RIBAMAR;0047;0352;202;55;3;6;4;289;19
08893;SÃO JOSÉ DE RIBAMAR;0047;0353;241;34;7;7;6;311;16
08893;SÃO JOSÉ DE RIBAMAR;0047;0354;179;49;1;5;8;260;18
08893;SÃO JOSÉ DE RIBAMAR;0047;0355;225;48;10;4;11;319;21
08893;SÃO JOSÉ DE RIBAMAR;0047;0356;232;50;5;8;12;329;22
08893;SÃO JOSÉ DE RIBAMAR;0047;0357;150;40;2;7;3;218;16
08893;SÃO JOSÉ DE RIBAMAR;0047;0358;230;44;5;5;14;326;28
08893;SÃO JOSÉ DE RIBAMAR;0047;0360;197;39;6;11;8;287;26
08893;SÃO JOSÉ DE RIBAMAR;0047;0361;122;31;2;4;6;192;27
08893;SÃO JOSÉ DE RIBAMAR;0047;0362;227;51;7;6;7;327;29
08893;SÃO JOSÉ DE RIBAMAR;0047;0363;212;40;1;5;9;286;19
08893;SÃO JOSÉ DE RIBAMAR;0047;0364;227;46;1;8;8;299;9
08893;SÃO JOSÉ DE RIBAMAR;0047;0365;237;39;1;6;7;319;29
08893;SÃO JOSÉ DE RIBAMAR;0047;0366;228;39;1;10;12;305;15
08893;SÃO JOSÉ DE RIBAMAR;0047;0367;227;56;10;2;11;328;22
08893;SÃO JOSÉ DE RIBAMAR;0047;0368;168;28;2;4;4;226;20
08893;SÃO JOSÉ DE RIBAMAR;0047;0369;188;31;3;4;10;257;21
08893;SÃO JOSÉ DE RIBAMAR;0047;0370;193;46;7;6;6;285;27
08893;SÃO JOSÉ DE RIBAMAR;0047;0371;98;139;0;1;12;261;11
08893;SÃO JOSÉ DE RIBAMAR;0047;0372;205;41;1;12;10;293;24
08893;SÃO JOSÉ DE RIBAMAR;0047;0373;124;55;1;5;7;220;28
08893;SÃO JOSÉ DE RIBAMAR;0047;0374;204;57;2;5;8;294;18
08893;SÃO JOSÉ DE RIBAMAR;0047;0375;115;114;3;14;9;283;28
08893;SÃO JOSÉ DE RIBAMAR;0047;0376;216;56;6;8;3;313;24
08893;SÃO JOSÉ DE RIBAMAR;0047;0377;201;64;9;5;9;319;31
08893;SÃO JOSÉ DE RIBAMAR;0047;0378;171;73;5;16;15;314;34
08893;SÃO JOSÉ DE RIBAMAR;0047;0379;141;56;0;11;8;231;15
08893;SÃO JOSÉ DE RIBAMAR;0047;0380;193;71;2;13;12;314;23
08893;SÃO JOSÉ DE RIBAMAR;0047;0381;242;44;3;8;11;329;21
08893;SÃO JOSÉ DE RIBAMAR;0047;0382;148;48;2;9;5;229;17
08893;SÃO JOSÉ DE RIBAMAR;0047;0383;229;52;7;4;9;331;30
08893;SÃO JOSÉ DE RIBAMAR;0047;0385;171;75;2;7;7;284;22
08893;SÃO JOSÉ DE RIBAMAR;0047;0386;201;45;1;11;17;295;20
08893;SÃO JOSÉ DE RIBAMAR;0047;0387;200;63;1;7;13;314;30
08893;SÃO JOSÉ DE RIBAMAR;0047;0388;230;33;4;3;4;311;37
08893;SÃO JOSÉ DE RIBAMAR;0047;0389;243;44;5;6;13;339;28
08893;SÃO JOSÉ DE RIBAMAR;0047;0390;239;36;4;15;4;326;28
08893;SÃO JOSÉ DE RIBAMAR;0047;0391;133;44;1;7;6;215;24
08893;SÃO JOSÉ DE RIBAMAR;0047;0392;210;41;1;6;7;276;11
08893;SÃO JOSÉ DE RIBAMAR;0047;0393;173;80;3;6;5;291;24
08893;SÃO JOSÉ DE RIBAMAR;0047;0394;213;46;4;7;9;311;32
08893;SÃO JOSÉ DE RIBAMAR;0047;0395;183;80;1;7;14;310;25
08893;SÃO JOSÉ DE RIBAMAR;0047;0397;171;58;4;15;10;287;29
08893;SÃO JOSÉ DE RIBAMAR;0047;0398;213;35;1;4;16;296;27
08893;SÃO JOSÉ DE RIBAMAR;0047;0399;152;64;3;4;4;254;27
08893;SÃO JOSÉ DE RIBAMAR;0047;0400;232;46;3;2;7;308;18
08893;SÃO JOSÉ DE RIBAMAR;0047;0401;177;57;1;5;5;260;15
08893;SÃO JOSÉ DE RIBAMAR;0047;0402;221;49;7;8;9;323;29
08893;SÃO JOSÉ DE RIBAMAR;0047;0403;240;43;5;8;10;331;25
08893;SÃO JOSÉ DE RIBAMAR;0047;0404;206;48;2;7;11;297;23
08893;SÃO JOSÉ DE RIBAMAR;0047;0405;185;44;1;8;7;270;25
08893;SÃO JOSÉ DE RIBAMAR;0047;0406;172;42;12;3;10;257;18
08893;SÃO JOSÉ DE RIBAMAR;0047;0407;182;81;3;16;8;313;23
08893;SÃO JOSÉ DE RIBAMAR;0047;0408;120;39;0;8;6;190;17
08893;SÃO JOSÉ DE RIBAMAR;0047;0409;131;68;2;6;7;227;13
08893;SÃO JOSÉ DE RIBAMAR;0047;0410;202;42;2;5;7;272;14
08893;SÃO JOSÉ DE RIBAMAR;0047;0411;115;15;2;4;3;149;10
08893;SÃO JOSÉ DE RIBAMAR;0047;0412;217;64;8;8;7;337;33
08893;SÃO JOSÉ DE RIBAMAR;0047;0413;224;44;7;5;12;316;24
08893;SÃO JOSÉ DE RIBAMAR;0047;0414;213;67;5;11;4;325;25
08893;SÃO JOSÉ DE RIBAMAR;0047;0415;145;31;5;1;13;211;16
08893;SÃO JOSÉ DE RIBAMAR;0047;0417;224;42;5;10;9;318;28
08893;SÃO JOSÉ DE RIBAMAR;0047;0418;137;89;5;6;4;264;23
08893;SÃO JOSÉ DE RIBAMAR;0047;0419;108;52;0;5;4;184;15
08893;SÃO JOSÉ DE RIBAMAR;0047;0422;140;108;1;10;10;283;14
08893;SÃO JOSÉ DE RIBAMAR;0047;0423;186;54;1;5;8;276;22
08893;SÃO JOSÉ DE RIBAMAR;0047;0424;154;67;1;11;8;273;32
08893;SÃO JOSÉ DE RIBAMAR;0047;0425;213;40;5;5;10;295;22
08893;SÃO JOSÉ DE RIBAMAR;0047;0427;195;27;5;9;10;261;15
08893;SÃO JOSÉ DE RIBAMAR;0047;0428;231;47;4;8;5;318;23
08893;SÃO JOSÉ DE RIBAMAR;0047;0429;221;53;5;8;7;320;26
08893;SÃO JOSÉ DE RIBAMAR;0047;0430;167;34;3;8;6;243;25
08893;SÃO JOSÉ DE RIBAMAR;0047;0431;177;86;2;14;9;315;27
08893;SÃO JOSÉ DE RIBAMAR;0047;0432;183;66;1;24;5;297;18
08893;SÃO JOSÉ DE RIBAMAR;0047;0433;153;36;7;3;4;225;22
08893;SÃO JOSÉ DE RIBAMAR;0047;0434;227;49;2;4;13;322;27
08893;SÃO JOSÉ DE RIBAMAR;0047;0435;160;69;5;14;14;276;14
08893;SÃO JOSÉ DE RIBAMAR;0047;0436;124;52;5;12;3;224;28
08893;SÃO JOSÉ DE RIBAMAR;0047;0437;194;59;0;12;4;293;24
08893;SÃO JOSÉ DE RIBAMAR;0047;0438;240;46;1;3;7;333;36
08893;SÃO JOSÉ DE RIBAMAR;0047;0439;85;33;1;7;10;170;34
08893;SÃO JOSÉ DE RIBAMAR;0047;0440;244;44;3;6;10;324;17
08893;SÃO JOSÉ DE RIBAMAR;0047;0441;188;45;3;9;10;279;24
08893;SÃO JOSÉ DE RIBAMAR;0047;0442;201;41;1;5;9;284;27
08893;SÃO JOSÉ DE RIBAMAR;0047;0443;203;34;3;5;15;287;27
08893;SÃO JOSÉ DE RIBAMAR;0047;0444;225;44;0;7;9;308;23
08893;SÃO JOSÉ DE RIBAMAR;0047;0445;221;53;6;9;5;306;12
08893;SÃO JOSÉ DE RIBAMAR;0047;0446;200;55;7;11;10;300;17
08893;SÃO JOSÉ DE RIBAMAR;0047;0447;161;68;4;5;8;264;18
08893;SÃO JOSÉ DE RIBAMAR;0047;0448;170;94;7;4;6;311;30
08893;SÃO JOSÉ DE RIBAMAR;0047;0449;201;56;0;3;7;285;18
08893;SÃO JOSÉ DE RIBAMAR;0047;0450;128;49;1;7;4;209;20
08893;SÃO JOSÉ DE RIBAMAR;0047;0451;241;30;7;7;9;320;26
08893;SÃO JOSÉ DE RIBAMAR;0047;0452;232;36;4;3;10;317;32
08893;SÃO JOSÉ DE RIBAMAR;0047;0453;249;51;3;7;13;342;19
08893;SÃO JOSÉ DE RIBAMAR;0047;0454;230;37;4;6;8;306;21
08893;SÃO JOSÉ DE RIBAMAR;0047;0455;211;31;1;7;10;278;18
08893;SÃO JOSÉ DE RIBAMAR;0047;0456;214;49;2;5;5;290;15
08893;SÃO JOSÉ DE RIBAMAR;0047;0457;152;61;4;9;8;257;23
08893;SÃO JOSÉ DE RIBAMAR;0047;0458;125;47;6;8;12;238;40
08893;SÃO JOSÉ DE RIBAMAR;0047;0459;231;35;5;8;13;328;36
08893;SÃO JOSÉ DE RIBAMAR;0047;0460;115;57;1;3;2;191;13
08893;SÃO JOSÉ DE RIBAMAR;0047;0461;152;69;1;3;6;250;19
08893;SÃO JOSÉ DE RIBAMAR;0047;0462;156;25;1;9;9;221;21
08893;SÃO JOSÉ DE RIBAMAR;0047;0463;135;116;1;6;4;278;16
08893;SÃO JOSÉ DE RIBAMAR;0047;0464;109;36;1;6;6;179;21
08893;SÃO JOSÉ DE RIBAMAR;0047;0466;170;45;1;7;6;241;12
08893;SÃO JOSÉ DE RIBAMAR;0047;0467;177;41;4;4;8;255;21
08893;SÃO JOSÉ DE RIBAMAR;0047;0468;125;54;1;8;15;223;20
08893;SÃO JOSÉ DE RIBAMAR;0047;0469;203;37;1;8;5;269;15
08893;SÃO JOSÉ DE RIBAMAR;0047;0470;172;45;6;8;11;267;25
08893;SÃO JOSÉ DE RIBAMAR;0047;0471;214;46;5;2;7;296;22
08893;SÃO JOSÉ DE RIBAMAR;0047;0472;125;65;7;8;8;230;17
08893;SÃO JOSÉ DE RIBAMAR;0047;0473;118;44;3;4;4;184;11
08893;SÃO JOSÉ DE RIBAMAR;0047;0475;234;48;7;9;6;326;22
08893;SÃO JOSÉ DE RIBAMAR;0047;0476;155;69;2;7;6;252;13
08893;SÃO JOSÉ DE RIBAMAR;0047;0477;148;41;6;11;8;239;25
08893;SÃO JOSÉ DE RIBAMAR;0047;0478;215;32;3;7;10;296;29
08893;SÃO JOSÉ DE RIBAMAR;0047;0480;138;41;0;7;8;216;22
08893;SÃO JOSÉ DE RIBAMAR;0047;0481;106;42;3;6;8;181;16
08893;SÃO JOSÉ DE RIBAMAR;0047;0486;220;60;5;8;16;329;20
08893;SÃO JOSÉ DE RIBAMAR;0047;0487;178;76;6;6;10;290;14
08893;SÃO JOSÉ DE RIBAMAR;0047;0488;187;41;0;5;12;261;16
08893;SÃO JOSÉ DE RIBAMAR;0047;0491;249;30;6;4;14;326;23
08893;SÃO JOSÉ DE RIBAMAR;0047;0497;109;31;0;4;5;154;5
08893;SÃO JOSÉ DE RIBAMAR;0047;0498;204;45;5;8;13;300;25
08893;SÃO JOSÉ DE RIBAMAR;0047;0499;173;76;8;2;5;274;10
08893;SÃO JOSÉ DE RIBAMAR;0047;0500;227;31;7;12;12;306;17
08893;SÃO JOSÉ DE RIBAMAR;0047;0501;109;74;0;4;10;211;14
08893;SÃO JOSÉ DE RIBAMAR;0047;0502;245;41;1;8;8;318;15
08893;SÃO JOSÉ DE RIBAMAR;0047;0503;199;33;1;6;5;263;19
08893;SÃO JOSÉ DE RIBAMAR;0047;0504;220;47;11;6;5;316;27
08893;SÃO JOSÉ DE RIBAMAR;0047;0505;163;57;2;9;12;263;20
08893;SÃO JOSÉ DE RIBAMAR;0047;0506;238;33;3;3;6;306;23
08893;SÃO JOSÉ DE RIBAMAR;0047;0507;165;57;5;8;5;255;15
08893;SÃO JOSÉ DE RIBAMAR;0047;0508;208;31;3;9;5;274;18
08893;SÃO JOSÉ DE RIBAMAR;0047;0509;201;67;4;8;11;313;22
08893;SÃO JOSÉ DE RIBAMAR;0047;0512;141;34;2;5;14;214;18
08893;SÃO JOSÉ DE RIBAMAR;0047;0514;154;58;3;10;12;251;14
08893;SÃO JOSÉ DE RIBAMAR;0047;0515;246;37;1;5;6;314;19
08893;SÃO JOSÉ DE RIBAMAR;0047;0516;177;61;2;11;12;295;32
08893;SÃO JOSÉ DE RIBAMAR;0047;0517;209;58;4;11;9;322;31
08893;SÃO JOSÉ DE RIBAMAR;0047;0518;201;57;8;8;6;309;29
08893;SÃO JOSÉ DE RIBAMAR;0047;0519;168;47;1;11;3;250;20
08893;SÃO JOSÉ DE RIBAMAR;0047;0520;195;36;3;6;4;263;19
08893;SÃO JOSÉ DE RIBAMAR;0047;0521;235;31;2;4;8;306;26
08893;SÃO JOSÉ DE RIBAMAR;0047;0522;235;43;1;7;8;315;21
08893;SÃO JOSÉ DE RIBAMAR;0047;0523;220;36;2;7;4;278;9
08893;SÃO JOSÉ DE RIBAMAR;0047;0524;187;38;1;2;5;246;13
08893;SÃO JOSÉ DE RIBAMAR;0047;0525;218;47;1;12;6;298;14
08893;SÃO JOSÉ DE RIBAMAR;0047;0526;186;45;4;4;5;257;13
08893;SÃO JOSÉ DE RIBAMAR;0047;0527;184;59;5;13;16;294;17
08893;SÃO JOSÉ DE RIBAMAR;0047;0528;185;49;3;10;10;268;11
08893;SÃO JOSÉ DE RIBAMAR;0047;0529;163;46;1;9;10;249;20
08893;SÃO JOSÉ DE RIBAMAR;0047;0530;219;57;2;12;9;313;14
08893;SÃO JOSÉ DE RIBAMAR;0047;0531;211;40;7;8;7;296;23
08893;SÃO JOSÉ DE RIBAMAR;0047;0532;164;25;3;1;3;224;28
08893;SÃO JOSÉ DE RIBAMAR;0047;0533;182;25;2;5;2;231;15
08893;SÃO JOSÉ DE RIBAMAR;0047;0534;126;60;1;5;22;238;24
08893;SÃO JOSÉ DE RIBAMAR;0047;0535;228;48;6;5;12;325;26
08893;SÃO JOSÉ DE RIBAMAR;0047;0536;207;52;4;12;2;299;22
08893;SÃO JOSÉ DE RIBAMAR;0047;0537;241;33;3;4;6;310;23
08893;SÃO JOSÉ DE RIBAMAR;0047;0538;187;68;1;6;9;301;30
08893;SÃO JOSÉ DE RIBAMAR;0047;0539;228;41;5;4;2;295;15
08893;SÃO JOSÉ DE RIBAMAR;0047;0540;154;85;4;15;7;284;19
08893;SÃO JOSÉ DE RIBAMAR;0047;0541;172;66;5;10;4;275;18
08893;SÃO JOSÉ DE RIBAMAR;0047;0543;193;48;2;7;11;281;20
08893;SÃO JOSÉ DE RIBAMAR;0047;0544;107;64;5;7;3;198;12
08893;SÃO JOSÉ DE RIBAMAR;0047;0545;125;66;4;9;6;229;19
08893;SÃO JOSÉ DE RIBAMAR;0047;0547;144;39;0;12;7;214;12
08893;SÃO JOSÉ DE RIBAMAR;0047;0548;139;102;0;4;6;273;22
08893;SÃO JOSÉ DE RIBAMAR;0047;0549;221;36;5;2;7;291;20
08893;SÃO JOSÉ DE RIBAMAR;0047;0550;231;38;4;3;4;302;22
08893;SÃO JOSÉ DE RIBAMAR;0047;0551;238;39;2;2;5;309;23
08893;SÃO JOSÉ DE RIBAMAR;0047;0552;241;40;4;8;6;318;19
08893;SÃO JOSÉ DE RIBAMAR;0047;0553;212;72;8;3;1;331;35
08893;SÃO JOSÉ DE RIBAMAR;0047;0554;227;42;2;6;10;309;22
08893;SÃO JOSÉ DE RIBAMAR;0047;0555;130;40;3;3;8;198;14
08893;SÃO JOSÉ DE RIBAMAR;0047;0556;171;48;5;1;2;242;15
08893;SÃO JOSÉ DE RIBAMAR;0047;0558;186;49;4;15;15;287;18
08893;SÃO JOSÉ DE RIBAMAR;0047;0559;139;42;3;7;6;211;14
08893;SÃO JOSÉ DE RIBAMAR;0047;0560;248;40;2;7;6;324;21
08893;SÃO JOSÉ DE RIBAMAR;0047;0561;195;53;2;2;7;276;17
08893;SÃO JOSÉ DE RIBAMAR;0047;0562;190;68;5;9;8;315;35
08893;SÃO JOSÉ DE RIBAMAR;0047;0563;197;54;2;12;6;286;15
08893;SÃO JOSÉ DE RIBAMAR;0047;0564;234;42;5;4;6;300;9
08893;SÃO JOSÉ DE RIBAMAR;0047;0565;193;40;7;6;3;287;38
08893;SÃO JOSÉ DE RIBAMAR;0047;0566;158;39;3;5;8;229;16
08893;SÃO JOSÉ DE RIBAMAR;0047;0567;221;43;4;8;8;306;22
08893;SÃO JOSÉ DE RIBAMAR;0047;0568;206;43;5;7;7;286;18
08893;SÃO JOSÉ DE RIBAMAR;0047;0569;217;44;3;4;6;296;22
08893;SÃO JOSÉ DE RIBAMAR;0047;0570;262;37;1;2;4;333;27
08893;SÃO JOSÉ DE RIBAMAR;0047;0571;122;30;4;0;5;182;21
08893;SÃO JOSÉ DE RIBAMAR;0047;0572;100;9;3;0;4;118;2
08893;SÃO JOSÉ DE RIBAMAR;0047;0573;230;56;1;8;8;322;19
08893;SÃO JOSÉ DE RIBAMAR;0047;0574;222;59;2;10;8;317;16
08893;SÃO JOSÉ DE RIBAMAR;0047;0575;259;31;4;4;9;326;19
08893;SÃO JOSÉ DE RIBAMAR;0047;0576;143;33;2;5;6;209;20
08893;SÃO JOSÉ DE RIBAMAR;0047;0577;163;26;2;5;8;221;17
08893;SÃO JOSÉ DE RIBAMAR;0047;0578;219;41;3;8;3;299;25
08893;SÃO JOSÉ DE RIBAMAR;0047;0579;213;30;7;6;13;286;17
08893;SÃO JOSÉ DE RIBAMAR;0047;0580;196;71;3;9;8;320;33
08893;SÃO JOSÉ DE RIBAMAR;0047;0581;159;38;8;3;6;238;24
08893;SÃO JOSÉ DE RIBAMAR;0047;0582;144;83;3;8;8;275;29
08893;SÃO JOSÉ DE RIBAMAR;0047;0583;198;47;1;10;11;285;18
08893;SÃO JOSÉ DE RIBAMAR;0047;0584;207;67;7;6;9;331;35
08893;SÃO JOSÉ DE RIBAMAR;0047;0585;188;58;1;4;3;269;15
08893;SÃO JOSÉ DE RIBAMAR;0047;0586;234;66;4;7;5;343;27
08893;SÃO JOSÉ DE RIBAMAR;0047;0587;231;24;7;5;6;293;20
08893;SÃO JOSÉ DE RIBAMAR;0047;0588;248;41;3;4;6;322;20
08893;SÃO JOSÉ DE RIBAMAR;0047;0589;66;32;0;4;1;110;7
08893;SÃO JOSÉ DE RIBAMAR;0047;0590;202;65;2;12;7;318;30
08893;SÃO JOSÉ DE RIBAMAR;0047;0591;241;47;1;4;10;327;24
08893;SÃO JOSÉ DE RIBAMAR;0047;0593;158;43;1;5;4;222;11
08893;SÃO JOSÉ DE RIBAMAR;0047;0594;67;9;1;2;3;87;5
08893;SÃO JOSÉ DE RIBAMAR;0047;0595;225;65;16;7;7;350;30
08893;SÃO JOSÉ DE RIBAMAR;0047;0596;140;41;3;7;3;206;12
08893;SÃO JOSÉ DE RIBAMAR;0047;0598;214;41;1;6;6;287;19
08893;SÃO JOSÉ DE RIBAMAR;0047;0599;132;29;5;9;3;194;16
08893;SÃO JOSÉ DE RIBAMAR;0047;0600;68;40;1;7;2;132;14
08893;SÃO JOSÉ DE RIBAMAR;0047;0601;220;55;1;7;7;307;17
08893;SÃO JOSÉ DE RIBAMAR;0047;0602;127;44;1;7;5;205;21
08893;SÃO JOSÉ DE RIBAMAR;0047;0603;238;36;7;4;5;302;12
08893;SÃO JOSÉ DE RIBAMAR;0047;0604;112;69;3;11;9;232;28
08893;SÃO JOSÉ DE RIBAMAR;0047;0606;102;21;4;1;1;139;10
08893;SÃO JOSÉ DE RIBAMAR;0047;0607;163;28;1;3;8;212;9
08893;SÃO JOSÉ DE RIBAMAR;0047;0608;164;70;4;0;2;257;17
08893;SÃO JOSÉ DE RIBAMAR;0047;0609;173;35;6;1;7;237;15
08893;SÃO JOSÉ DE RIBAMAR;0047;0610;66;14;4;0;1;91;6
08893;SÃO JOSÉ DE RIBAMAR;0047;0613;61;14;1;2;0;81;3
09270;SÃO VICENTE FERRER;0063;0167;86;33;0;5;3;151;24
09270;SÃO VICENTE FERRER;0063;0168;71;42;2;3;11;144;15
09270;SÃO VICENTE FERRER;0063;0169;65;47;0;2;9;150;27
09270;SÃO VICENTE FERRER;0063;0170;85;32;0;3;7;144;17
09270;SÃO VICENTE FERRER;0063;0171;167;63;0;3;12;279;34
09270;SÃO VICENTE FERRER;0063;0172;153;54;1;10;8;258;32
09270;SÃO VICENTE FERRER;0063;0173;153;70;2;6;9;273;33
09270;SÃO VICENTE FERRER;0063;0174;171;73;0;6;2;277;25
09270;SÃO VICENTE FERRER;0063;0175;172;65;0;9;11;280;23
09270;SÃO VICENTE FERRER;0063;0176;165;55;1;2;8;262;31
09270;SÃO VICENTE FERRER;0063;0177;84;51;0;3;6;179;35
09270;SÃO VICENTE FERRER;0063;0178;99;48;1;3;10;187;26
09270;SÃO VICENTE FERRER;0063;0179;102;47;3;8;6;182;16
09270;SÃO VICENTE FERRER;0063;0180;113;53;4;7;10;215;28
09270;SÃO VICENTE FERRER;0063;0181;114;50;2;4;6;199;23
09270;SÃO VICENTE FERRER;0063;0182;111;51;3;3;7;197;22
09270;SÃO VICENTE FERRER;0063;0183;102;73;0;5;9;225;36
09270;SÃO VICENTE FERRER;0063;0184;93;65;0;6;9;203;30
09270;SÃO VICENTE FERRER;0063;0185;89;79;0;6;11;230;45
09270;SÃO VICENTE FERRER;0063;0186;95;79;3;9;6;222;30
09270;SÃO VICENTE FERRER;0063;0187;96;69;0;8;3;205;29
09270;SÃO VICENTE FERRER;0063;0188;87;65;0;9;13;202;28
09270;SÃO VICENTE FERRER;0063;0190;126;68;4;1;9;259;51
09270;SÃO VICENTE FERRER;0063;0191;98;66;0;1;12;192;15
09270;SÃO VICENTE FERRER;0063;0192;82;82;0;2;7;189;16
09270;SÃO VICENTE FERRER;0063;0193;65;96;1;3;8;205;32
09270;SÃO VICENTE FERRER;0063;0194;75;82;2;4;9;192;20
09270;SÃO VICENTE FERRER;0063;0195;95;46;1;8;12;190;28
09270;SÃO VICENTE FERRER;0063;0196;110;44;0;5;14;197;24
09270;SÃO VICENTE FERRER;0063;0197;112;43;0;2;4;184;23
09270;SÃO VICENTE FERRER;0063;0198;93;42;1;6;7;169;20
09270;SÃO VICENTE FERRER;0063;0199;99;50;1;5;7;196;34
09270;SÃO VICENTE FERRER;0063;0200;106;50;0;4;6;180;14
09270;SÃO VICENTE FERRER;0063;0201;110;61;1;8;11;214;23
09270;SÃO VICENTE FERRER;0063;0202;116;54;1;5;9;207;22
09270;SÃO VICENTE FERRER;0063;0203;90;53;2;3;14;185;23
09270;SÃO VICENTE FERRER;0063;0204;94;61;1;4;10;199;29
09270;SÃO VICENTE FERRER;0063;0205;107;50;3;2;6;194;26
09270;SÃO VICENTE FERRER;0063;0206;106;57;1;4;7;205;30
09270;SÃO VICENTE FERRER;0063;0207;106;60;1;7;14;203;15
09270;SÃO VICENTE FERRER;0063;0208;111;54;3;6;9;210;27
09270;SÃO VICENTE FERRER;0063;0209;73;64;0;4;8;165;16
09270;SÃO VICENTE FERRER;0063;0210;98;51;2;7;3;186;25
09270;SÃO VICENTE FERRER;0063;0211;113;51;1;5;17;230;43
09270;SÃO VICENTE FERRER;0063;0212;109;52;0;2;12;209;34
09270;SÃO VICENTE FERRER;0063;0213;131;75;2;6;15;261;32
09270;SÃO VICENTE FERRER;0063;0214;144;59;2;4;6;239;24
09270;SÃO VICENTE FERRER;0063;0215;101;49;0;6;9;181;16
09270;SÃO VICENTE FERRER;0063;0216;106;42;3;7;5;181;18
09270;SÃO VICENTE FERRER;0063;0217;125;73;0;5;14;249;32
09270;SÃO VICENTE FERRER;0063;0218;124;68;0;5;1;225;27
09270;SÃO VICENTE FERRER;0063;0219;111;50;1;3;11;210;34
09270;SÃO VICENTE FERRER;0063;0221;63;38;1;1;11;123;9
09270;SÃO VICENTE FERRER;0063;0222;56;41;0;0;4;131;30
09270;SÃO VICENTE FERRER;0063;0224;109;62;0;3;2;223;47
09270;SÃO VICENTE FERRER;0063;0226;90;33;0;1;12;153;17
09270;SÃO VICENTE FERRER;0063;0227;73;37;0;2;9;149;28
09270;SÃO VICENTE FERRER;0063;0228;90;27;2;2;6;150;23
09270;SÃO VICENTE FERRER;0063;0229;88;54;0;0;5;156;9
09270;SÃO VICENTE FERRER;0063;0230;127;51;0;5;5;223;35
09270;SÃO VICENTE FERRER;0063;0231;108;72;1;11;7;222;23
07153;ANAPURUS;0024;0005;110;82;2;7;14;228;13
07153;ANAPURUS;0024;0048;64;91;0;0;7;176;14
07153;ANAPURUS;0024;0056;59;79;0;2;8;165;17
07153;ANAPURUS;0024;0057;81;138;0;3;16;261;23
07153;ANAPURUS;0024;0058;58;94;0;9;11;202;30
07153;ANAPURUS;0024;0081;144;95;1;6;10;281;25
07153;ANAPURUS;0024;0089;108;91;1;10;18;250;22
07153;ANAPURUS;0024;0094;166;87;2;10;8;285;12
07153;ANAPURUS;0024;0104;140;88;1;14;18;293;32
07153;ANAPURUS;0024;0111;92;66;0;1;7;191;25
07153;ANAPURUS;0024;0113;142;104;4;8;15;295;22
07153;ANAPURUS;0024;0120;78;135;0;3;8;239;15
07153;ANAPURUS;0024;0126;85;142;2;1;14;262;18
07153;ANAPURUS;0024;0147;62;87;0;5;23;189;12
07153;ANAPURUS;0024;0148;85;56;1;7;12;179;18
07153;ANAPURUS;0024;0150;55;157;0;3;17;259;27
07153;ANAPURUS;0024;0153;69;109;0;15;16;230;21
07153;ANAPURUS;0024;0155;54;95;1;3;9;187;25
07153;ANAPURUS;0024;0157;49;66;0;6;5;153;27
07153;ANAPURUS;0024;0162;51;116;1;4;21;205;12
07153;ANAPURUS;0024;0165;31;108;0;5;6;164;14
07153;ANAPURUS;0024;0168;128;158;0;12;11;328;19
07153;ANAPURUS;0024;0173;88;64;1;6;9;180;12
07153;ANAPURUS;0024;0179;108;148;1;23;13;329;36
07153;ANAPURUS;0024;0183;118;93;0;7;11;246;17
07153;ANAPURUS;0024;0185;134;94;1;3;8;255;15
07153;ANAPURUS;0024;0191;71;92;1;6;10;197;17
07153;ANAPURUS;0024;0197;163;76;1;12;14;290;24
07153;ANAPURUS;0024;0201;91;91;1;6;14;228;25
07153;ANAPURUS;0024;0202;152;64;2;8;17;259;16
07153;ANAPURUS;0024;0204;116;93;0;5;15;243;14
07153;ANAPURUS;0024;0206;98;70;0;6;10;208;24
07153;ANAPURUS;0024;0210;139;91;1;5;9;272;27
07153;ANAPURUS;0024;0212;149;97;4;10;16;301;25
07153;ANAPURUS;0024;0215;157;102;1;8;11;296;17
07153;ANAPURUS;0024;0217;153;94;2;3;14;283;17
07153;ANAPURUS;0024;0219;152;88;1;6;15;286;24
07153;ANAPURUS;0024;0220;132;103;0;8;11;286;32
07153;ANAPURUS;0024;0223;142;104;3;9;14;293;21
07153;ANAPURUS;0024;0225;157;107;1;13;8;308;22
07153;ANAPURUS;0024;0227;150;92;0;14;14;295;25
07153;ANAPURUS;0024;0228;147;111;3;8;9;303;25
07153;ANAPURUS;0024;0231;117;76;2;9;11;232;17
07153;ANAPURUS;0024;0232;112;70;2;11;13;222;14
07153;ANAPURUS;0024;0235;150;68;2;4;13;251;14
07153;ANAPURUS;0024;0236;112;90;0;10;10;235;13
07153;ANAPURUS;0024;0238;81;64;0;0;18;198;35
07153;ANAPURUS;0024;0261;61;69;3;6;6;152;7
07196;ARARI;0027;0001;112;49;4;2;6;186;13
07196;ARARI;0027;0003;120;42;3;8;7;200;20
07196;ARARI;0027;0004;113;62;0;5;4;199;15
07196;ARARI;0027;0005;134;59;1;6;13;226;13
07196;ARARI;0027;0006;107;31;1;4;8;167;16
07196;ARARI;0027;0007;118;39;0;5;6;178;10
07196;ARARI;0027;0008;123;35;1;13;7;190;11
07196;ARARI;0027;0009;93;87;3;5;5;206;13
07196;ARARI;0027;0010;108;67;1;2;9;200;13
07196;ARARI;0027;0011;123;53;0;8;12;215;19
07196;ARARI;0027;0012;129;44;1;7;10;207;16
07196;ARARI;0027;0013;151;53;8;15;10;255;18
07196;ARARI;0027;0015;107;45;0;7;6;179;14
07196;ARARI;0027;0016;119;41;0;9;5;189;15
07196;ARARI;0027;0017;163;75;1;6;5;270;20
07196;ARARI;0027;0019;146;47;1;8;7;236;27
07196;ARARI;0027;0020;142;67;0;3;6;230;12
07196;ARARI;0027;0021;142;64;3;2;4;231;16
07196;ARARI;0027;0022;95;50;2;11;0;170;12
07196;ARARI;0027;0026;72;54;0;5;4;170;35
07196;ARARI;0027;0027;167;72;2;7;9;273;16
07196;ARARI;0027;0028;170;65;2;13;5;281;26
07196;ARARI;0027;0029;175;73;1;7;6;276;14
07196;ARARI;0027;0030;146;54;2;10;15;247;20
07196;ARARI;0027;0031;144;60;3;10;9;246;20
07196;ARARI;0027;0032;166;49;3;8;14;264;24
07196;ARARI;0027;0033;171;49;0;6;10;246;10
07196;ARARI;0027;0034;165;67;5;4;9;270;20
07196;ARARI;0027;0035;36;38;0;0;4;100;22
07196;ARARI;0027;0039;69;84;0;8;10;188;17
07196;ARARI;0027;0040;151;70;6;3;9;256;17
07196;ARARI;0027;0041;171;57;4;7;4;257;14
07196;ARARI;0027;0042;155;70;2;6;6;254;15
07196;ARARI;0027;0043;164;65;0;5;6;258;18
07196;ARARI;0027;0044;99;63;0;2;3;176;9
07196;ARARI;0027;0046;82;70;0;3;0;164;9
07196;ARARI;0027;0047;62;91;1;0;5;176;17
07196;ARARI;0027;0048;71;85;0;2;5;176;13
07196;ARARI;0027;0050;117;117;1;7;9;280;29
07196;ARARI;0027;0051;148;53;1;6;7;230;15
07196;ARARI;0027;0052;153;75;0;9;9;266;20
07196;ARARI;0027;0053;159;51;0;8;14;254;22
07196;ARARI;0027;0054;86;39;1;7;5;155;17
07196;ARARI;0027;0056;88;41;3;3;4;145;6
07196;ARARI;0027;0057;106;93;2;1;13;247;32
07196;ARARI;0027;0058;95;35;2;1;5;151;13
07196;ARARI;0027;0060;120;55;6;7;9;212;15
07196;ARARI;0027;0061;81;74;1;6;5;186;19
07196;ARARI;0027;0063;162;63;2;4;5;252;16
07196;ARARI;0027;0064;113;55;1;8;5;196;14
07196;ARARI;0027;0065;183;58;3;6;10;280;20
07196;ARARI;0027;0066;95;44;1;12;2;163;9
07196;ARARI;0027;0067;122;41;0;7;10;186;6
07196;ARARI;0027;0068;163;55;1;5;6;260;30
07196;ARARI;0027;0069;30;112;0;4;2;153;5
07196;ARARI;0027;0070;115;47;0;6;3;191;20
07196;ARARI;0027;0071;142;53;3;5;5;229;21
07196;ARARI;0027;0072;148;56;1;8;21;251;17
07196;ARARI;0027;0073;128;47;0;8;9;204;12
07196;ARARI;0027;0074;129;58;1;9;5;217;15
07196;ARARI;0027;0075;165;72;3;3;6;259;10
07196;ARARI;0027;0076;93;53;2;2;5;166;11
07196;ARARI;0027;0077;135;58;14;12;9;247;19
07196;ARARI;0027;0078;106;46;0;7;6;175;10
07196;ARARI;0027;0079;82;59;1;5;4;163;12
07196;ARARI;0027;0081;89;50;1;5;7;161;9
07196;ARARI;0027;0082;62;46;0;4;3;123;8
07196;ARARI;0027;0083;115;52;0;7;6;190;10
07196;ARARI;0027;0084;111;24;1;4;4;167;23
07196;ARARI;0027;0086;79;44;1;1;4;135;6
07196;ARARI;0027;0088;90;61;0;0;0;166;15
07196;ARARI;0027;0089;118;49;4;1;4;192;16
07196;ARARI;0027;0090;166;54;3;7;8;245;7
07196;ARARI;0027;0091;55;24;0;3;4;91;5
07196;ARARI;0027;0092;108;62;0;6;4;190;10
07196;ARARI;0027;0093;119;44;3;6;8;187;7
07196;ARARI;0027;0094;145;59;1;9;9;237;14
07196;ARARI;0027;0096;110;42;2;7;12;181;8
07196;ARARI;0027;0097;95;50;2;0;2;156;7
07196;ARARI;0027;0098;170;59;3;6;8;262;16
07196;ARARI;0027;0099;114;39;4;3;6;176;10
07196;ARARI;0027;0100;97;106;0;8;4;222;7
07196;ARARI;0027;0101;162;56;4;5;11;249;11
07196;ARARI;0027;0102;153;50;1;13;9;241;15
07196;ARARI;0027;0103;123;40;0;8;6;180;3
07196;ARARI;0027;0104;150;61;0;6;6;231;8
07196;ARARI;0027;0105;87;42;2;7;2;152;12
07196;ARARI;0027;0106;158;58;0;11;8;245;10
07196;ARARI;0027;0107;54;51;0;4;8;129;12
07420;CENTRAL DO MARANHÃO;0030;0024;55;70;1;3;7;151;15
07420;CENTRAL DO MARANHÃO;0030;0040;55;52;1;2;4;123;9
07420;CENTRAL DO MARANHÃO;0030;0044;85;88;0;0;9;207;25
07420;CENTRAL DO MARANHÃO;0030;0058;54;75;0;0;12;149;8
07420;CENTRAL DO MARANHÃO;0030;0079;106;84;0;2;2;212;18
07420;CENTRAL DO MARANHÃO;0030;0081;85;81;1;3;7;202;25
07420;CENTRAL DO MARANHÃO;0030;0083;80;87;0;2;7;194;18
07420;CENTRAL DO MARANHÃO;0030;0084;104;92;0;0;3;211;12
07420;CENTRAL DO MARANHÃO;0030;0091;102;92;0;0;11;215;10
07420;CENTRAL DO MARANHÃO;0030;0095;96;115;1;0;11;235;12
07420;CENTRAL DO MARANHÃO;0030;0097;91;113;0;6;15;238;13
07420;CENTRAL DO MARANHÃO;0030;0104;91;103;0;1;5;215;15
07420;CENTRAL DO MARANHÃO;0030;0112;59;107;0;3;7;188;12
07420;CENTRAL DO MARANHÃO;0030;0113;94;114;0;1;7;231;15
07420;CENTRAL DO MARANHÃO;0030;0114;89;90;1;3;6;200;11
07420;CENTRAL DO MARANHÃO;0030;0115;92;85;2;2;5;194;8
07420;CENTRAL DO MARANHÃO;0030;0126;79;85;0;0;8;183;11
07420;CENTRAL DO MARANHÃO;0030;0134;106;120;0;2;11;261;22
07420;CENTRAL DO MARANHÃO;0030;0140;94;119;0;1;9;247;24
07420;CENTRAL DO MARANHÃO;0030;0141;60;89;0;0;4;167;14
07420;CENTRAL DO MARANHÃO;0030;0142;137;119;0;4;11;285;14
07420;CENTRAL DO MARANHÃO;0030;0145;95;85;0;1;8;202;13
07420;CENTRAL DO MARANHÃO;0030;0174;84;96;1;4;5;205;15
07420;CENTRAL DO MARANHÃO;0030;0179;122;118;0;2;8;259;9
07420;CENTRAL DO MARANHÃO;0030;0181;57;52;0;2;4;126;11
07420;CENTRAL DO MARANHÃO;0030;0182;67;54;0;4;13;148;10
07420;CENTRAL DO MARANHÃO;0030;0185;90;74;2;0;5;182;11
07420;CENTRAL DO MARANHÃO;0030;0189;86;98;0;1;6;205;14
07420;CENTRAL DO MARANHÃO;0030;0190;50;93;0;0;5;155;7
07498;CÂNDIDO MENDES;0064;0001;129;76;2;3;17;257;30
07498;CÂNDIDO MENDES;0064;0002;121;77;1;5;14;253;35
07498;CÂNDIDO MENDES;0064;0003;128;65;4;5;13;253;38
07498;CÂNDIDO MENDES;0064;0004;124;77;2;3;15;244;23
07498;CÂNDIDO MENDES;0064;0005;144;67;2;10;14;259;22
07498;CÂNDIDO MENDES;0064;0006;131;81;1;8;13;254;20
07498;CÂNDIDO MENDES;0064;0007;115;81;0;1;15;244;32
07498;CÂNDIDO MENDES;0064;0008;113;92;0;3;10;236;18
07498;CÂNDIDO MENDES;0064;0009;105;97;2;1;7;232;20
07498;CÂNDIDO MENDES;0064;0010;119;143;3;6;12;304;21
07498;CÂNDIDO MENDES;0064;0011;146;138;2;0;15;338;37
07498;CÂNDIDO MENDES;0064;0012;39;106;0;0;8;271;118
07498;CÂNDIDO MENDES;0064;0014;102;102;0;2;11;241;24
07498;CÂNDIDO MENDES;0064;0015;96;131;0;1;7;260;25
07498;CÂNDIDO MENDES;0064;0016;49;126;1;2;10;214;26
07498;CÂNDIDO MENDES;0064;0020;58;88;1;0;6;217;64
07498;CÂNDIDO MENDES;0064;0043;118;81;2;4;10;246;31
07498;CÂNDIDO MENDES;0064;0044;125;73;4;2;14;247;29
07498;CÂNDIDO MENDES;0064;0045;28;57;1;2;1;94;5
07498;CÂNDIDO MENDES;0064;0046;53;60;0;3;5;138;17
07498;CÂNDIDO MENDES;0064;0052;115;77;3;0;19;252;38
07498;CÂNDIDO MENDES;0064;0059;69;91;0;3;9;195;23
07498;CÂNDIDO MENDES;0064;0061;136;78;1;5;16;265;29
07498;CÂNDIDO MENDES;0064;0064;70;63;1;4;9;165;18
07498;CÂNDIDO MENDES;0064;0065;128;68;0;9;13;249;31
07498;CÂNDIDO MENDES;0064;0073;146;77;2;3;9;260;23
07498;CÂNDIDO MENDES;0064;0074;121;89;7;9;9;261;26
07498;CÂNDIDO MENDES;0064;0078;127;80;5;1;18;257;26
07498;CÂNDIDO MENDES;0064;0086;134;79;3;2;24;269;27
07498;CÂNDIDO MENDES;0064;0095;143;97;1;4;7;275;23
07498;CÂNDIDO MENDES;0064;0104;101;107;0;0;13;242;21
07498;CÂNDIDO MENDES;0064;0115;142;79;1;5;14;261;20
07498;CÂNDIDO MENDES;0064;0116;93;82;0;2;11;213;25
07498;CÂNDIDO MENDES;0064;0123;129;75;4;8;14;264;34
07498;CÂNDIDO MENDES;0064;0139;94;73;0;5;11;204;21
07498;CÂNDIDO MENDES;0064;0142;48;31;0;1;4;105;21
07498;CÂNDIDO MENDES;0064;0145;91;63;1;0;3;197;39
07498;CÂNDIDO MENDES;0064;0146;145;75;3;9;8;254;14
07498;CÂNDIDO MENDES;0064;0147;148;70;2;11;4;259;24
07498;CÂNDIDO MENDES;0064;0148;132;70;1;11;12;257;31
07498;CÂNDIDO MENDES;0064;0152;121;85;0;6;15;251;24
07498;CÂNDIDO MENDES;0064;0154;53;70;1;3;8;143;8
07498;CÂNDIDO MENDES;0064;0155;43;39;0;0;5;99;12
07498;CÂNDIDO MENDES;0064;0156;34;44;0;4;5;93;6
07498;CÂNDIDO MENDES;0064;0160;142;70;1;6;11;263;33
07498;CÂNDIDO MENDES;0064;0161;128;100;1;4;12;285;40
07498;CÂNDIDO MENDES;0064;0163;145;67;5;11;10;263;25
07498;CÂNDIDO MENDES;0064;0165;115;92;0;0;17;248;24
07498;CÂNDIDO MENDES;0064;0166;24;31;0;1;12;81;13
07498;CÂNDIDO MENDES;0064;0167;96;95;1;4;15;238;27
07498;CÂNDIDO MENDES;0064;0170;146;69;2;10;10;254;17
07498;CÂNDIDO MENDES;0064;0172;63;123;0;0;10;214;18
07498;CÂNDIDO MENDES;0064;0178;136;141;1;1;8;332;45
07498;CÂNDIDO MENDES;0064;0193;77;70;0;3;5;178;23
07498;CÂNDIDO MENDES;0064;0194;62;96;0;1;3;177;15
07498;CÂNDIDO MENDES;0064;0203;143;68;5;2;14;247;15
07668;GOVERNADOR NUNES FREIRE;0101;0013;83;33;1;1;5;152;29
07668;GOVERNADOR NUNES FREIRE;0101;0014;83;34;0;3;8;146;18
07668;GOVERNADOR NUNES FREIRE;0101;0015;191;22;1;4;12;247;17
07668;GOVERNADOR NUNES FREIRE;0101;0016;134;19;1;6;5;199;34
07668;GOVERNADOR NUNES FREIRE;0101;0017;133;21;6;3;5;194;26
07668;GOVERNADOR NUNES FREIRE;0101;0018;129;23;2;8;12;201;27
07668;GOVERNADOR NUNES FREIRE;0101;0019;124;22;4;7;14;207;36
07668;GOVERNADOR NUNES FREIRE;0101;0020;106;21;4;0;8;181;42
07668;GOVERNADOR NUNES FREIRE;0101;0021;114;22;3;4;12;195;40
07668;GOVERNADOR NUNES FREIRE;0101;0022;128;23;2;4;12;203;34
07668;GOVERNADOR NUNES FREIRE;0101;0023;132;17;1;3;14;196;29
07668;GOVERNADOR NUNES FREIRE;0101;0024;142;16;1;5;7;200;29
07668;GOVERNADOR NUNES FREIRE;0101;0025;130;24;1;5;12;206;34
07668;GOVERNADOR NUNES FREIRE;0101;0026;135;25;1;5;8;210;36
07668;GOVERNADOR NUNES FREIRE;0101;0027;133;22;4;4;6;193;24
07668;GOVERNADOR NUNES FREIRE;0101;0028;134;21;2;4;10;205;34
07668;GOVERNADOR NUNES FREIRE;0101;0029;114;20;0;4;16;197;43
07668;GOVERNADOR NUNES FREIRE;0101;0030;142;19;1;5;14;218;37
07668;GOVERNADOR NUNES FREIRE;0101;0031;149;17;3;1;9;209;30
07668;GOVERNADOR NUNES FREIRE;0101;0032;143;24;1;4;11;213;30
07668;GOVERNADOR NUNES FREIRE;0101;0033;146;14;2;5;17;221;37
07668;GOVERNADOR NUNES FREIRE;0101;0034;162;22;3;0;16;233;30
07668;GOVERNADOR NUNES FREIRE;0101;0035;177;23;2;1;8;239;28
07668;GOVERNADOR NUNES FREIRE;0101;0037;71;45;0;0;4;137;17
07668;GOVERNADOR NUNES FREIRE;0101;0039;137;89;1;2;15;275;31
07668;GOVERNADOR NUNES FREIRE;0101;0040;75;54;1;0;8;177;39
07668;GOVERNADOR NUNES FREIRE;0101;0041;93;46;1;2;9;178;27
07668;GOVERNADOR NUNES FREIRE;0101;0042;154;16;0;7;6;206;23
07668;GOVERNADOR NUNES FREIRE;0101;0043;108;24;3;6;15;190;34
07668;GOVERNADOR NUNES FREIRE;0101;0044;118;20;3;2;15;184;26
07668;GOVERNADOR NUNES FREIRE;0101;0045;132;23;2;3;11;193;22
07668;GOVERNADOR NUNES FREIRE;0101;0046;116;17;5;5;11;185;31
07668;GOVERNADOR NUNES FREIRE;0101;0047;131;20;2;1;10;199;35
07668;GOVERNADOR NUNES FREIRE;0101;0048;136;23;0;0;4;183;20
07668;GOVERNADOR NUNES FREIRE;0101;0049;118;32;0;2;7;172;13
07668;GOVERNADOR NUNES FREIRE;0101;0070;138;31;2;2;6;229;50
07668;GOVERNADOR NUNES FREIRE;0101;0072;121;31;1;2;6;181;20
07668;GOVERNADOR NUNES FREIRE;0101;0074;141;33;1;1;12;229;41
07668;GOVERNADOR NUNES FREIRE;0101;0075;113;24;0;1;5;161;18
07668;GOVERNADOR NUNES FREIRE;0101;0076;149;35;0;1;8;208;15
07668;GOVERNADOR NUNES FREIRE;0101;0077;128;73;1;3;20;246;21
07668;GOVERNADOR NUNES FREIRE;0101;0079;132;19;0;6;12;192;23
07668;GOVERNADOR NUNES FREIRE;0101;0081;174;25;2;7;17;256;31
07668;GOVERNADOR NUNES FREIRE;0101;0083;119;30;2;5;13;207;38
07668;GOVERNADOR NUNES FREIRE;0101;0086;58;4;1;0;2;77;12
07668;GOVERNADOR NUNES FREIRE;0101;0088;58;13;1;1;1;102;28
07668;GOVERNADOR NUNES FREIRE;0101;0089;127;20;1;2;15;191;26
07668;GOVERNADOR NUNES FREIRE;0101;0090;139;92;3;2;6;261;19
07668;GOVERNADOR NUNES FREIRE;0101;0091;173;21;3;3;7;230;23
07668;GOVERNADOR NUNES FREIRE;0101;0094;66;9;1;0;2;93;15
07668;GOVERNADOR NUNES FREIRE;0101;0096;179;18;4;7;10;257;39
07668;GOVERNADOR NUNES FREIRE;0101;0098;197;20;3;2;12;264;30
07668;GOVERNADOR NUNES FREIRE;0101;0099;169;29;2;0;11;253;42
07668;GOVERNADOR NUNES FREIRE;0101;0100;93;63;0;2;6;194;30
07668;GOVERNADOR NUNES FREIRE;0101;0103;129;27;5;3;12;202;26
07668;GOVERNADOR NUNES FREIRE;0101;0105;152;18;0;4;3;204;27
07668;GOVERNADOR NUNES FREIRE;0101;0109;183;31;2;3;13;258;26
07668;GOVERNADOR NUNES FREIRE;0101;0110;186;33;2;4;17;281;39
07668;GOVERNADOR NUNES FREIRE;0101;0111;104;24;2;7;9;185;39
07668;GOVERNADOR NUNES FREIRE;0101;0117;165;24;1;3;17;246;36
07668;GOVERNADOR NUNES FREIRE;0101;0123;163;50;4;7;10;270;36
07668;GOVERNADOR NUNES FREIRE;0101;0124;187;26;0;7;13;262;29
07668;GOVERNADOR NUNES FREIRE;0101;0128;183;25;1;2;3;241;27
07668;GOVERNADOR NUNES FREIRE;0101;0131;83;71;2;1;6;184;21
07668;GOVERNADOR NUNES FREIRE;0101;0133;163;26;0;4;9;236;34
07668;GOVERNADOR NUNES FREIRE;0101;0134;107;28;1;5;7;172;24
07668;GOVERNADOR NUNES FREIRE;0101;0135;180;33;3;6;14;260;24
07668;GOVERNADOR NUNES FREIRE;0101;0140;17;6;1;1;0;51;26
07714;CURURUPU;0014;0001;150;56;0;8;7;246;25
07714;CURURUPU;0014;0003;168;56;0;4;12;258;18
07714;CURURUPU;0014;0005;126;43;1;2;3;186;11
07714;CURURUPU;0014;0006;117;45;0;2;5;187;18
07714;CURURUPU;0014;0007;114;50;2;5;4;196;21
07714;CURURUPU;0014;0008;134;66;3;9;6;235;17
07714;CURURUPU;0014;0009;149;59;0;6;13;247;20
07714;CURURUPU;0014;0010;142;53;1;13;8;233;16
07714;CURURUPU;0014;0011;105;64;0;4;13;210;24
07714;CURURUPU;0014;0012;101;80;4;8;4;225;28
07714;CURURUPU;0014;0013;104;58;1;11;9;209;26
07714;CURURUPU;0014;0014;107;59;0;10;13;216;27
07714;CURURUPU;0014;0015;137;59;0;5;10;232;21
07714;CURURUPU;0014;0016;126;58;1;8;6;221;22
07714;CURURUPU;0014;0017;110;54;3;7;10;210;26
07714;CURURUPU;0014;0018;83;58;1;4;10;168;12
07714;CURURUPU;0014;0019;108;48;1;2;3;183;21
07714;CURURUPU;0014;0020;84;43;1;3;5;153;17
07714;CURURUPU;0014;0021;161;71;1;3;4;258;18
07714;CURURUPU;0014;0022;138;81;1;13;9;262;20
07714;CURURUPU;0014;0023;153;70;0;6;20;271;22
07714;CURURUPU;0014;0036;98;74;0;12;5;208;19
07714;CURURUPU;0014;0037;158;90;2;6;4;272;12
07714;CURURUPU;0014;0039;183;73;1;15;7;295;16
07714;CURURUPU;0014;0040;169;84;0;15;10;291;13
07714;CURURUPU;0014;0041;141;37;4;12;10;237;33
07714;CURURUPU;0014;0043;36;41;0;4;2;97;14
07714;CURURUPU;0014;0044;131;41;3;4;1;192;12
07714;CURURUPU;0014;0045;108;92;0;1;3;215;11
07714;CURURUPU;0014;0047;57;57;2;1;1;122;4
07714;CURURUPU;0014;0048;132;50;0;0;3;191;6
07714;CURURUPU;0014;0050;132;72;1;7;2;235;21
07714;CURURUPU;0014;0051;147;73;3;5;10;251;13
07714;CURURUPU;0014;0053;118;68;1;15;6;229;21
07714;CURURUPU;0014;0054;127;38;0;7;2;189;15
07714;CURURUPU;0014;0057;97;41;0;13;4;167;12
07714;CURURUPU;0014;0058;47;8;0;1;0;58;2
07714;CURURUPU;0014;0060;152;56;0;7;6;239;18
07714;CURURUPU;0014;0061;23;8;0;3;3;72;35
07714;CURURUPU;0014;0063;113;74;0;9;5;240;39
07714;CURURUPU;0014;0072;163;79;2;6;6;278;22
07714;CURURUPU;0014;0074;116;78;0;6;7;227;20
07714;CURURUPU;0014;0075;3;19;0;0;0;23;1
07714;CURURUPU;0014;0076;99;79;0;4;1;188;5
07714;CURURUPU;0014;0077;85;65;0;6;4;181;21
07714;CURURUPU;0014;0078;38;87;0;1;2;138;10
07714;CURURUPU;0014;0082;21;35;0;1;1;62;4
07714;CURURUPU;0014;0087;60;46;0;2;1;112;3
07714;CURURUPU;0014;0088;122;56;0;3;1;192;10
07714;CURURUPU;0014;0089;167;83;3;11;12;293;17
07714;CURURUPU;0014;0090;127;62;0;7;13;237;28
07714;CURURUPU;0014;0092;110;66;1;3;10;215;25
07714;CURURUPU;0014;0094;188;72;2;8;9;300;21
07714;CURURUPU;0014;0095;118;41;0;3;4;174;8
07714;CURURUPU;0014;0096;123;61;2;3;4;218;25
07714;CURURUPU;0014;0111;92;88;1;3;11;235;40
07714;CURURUPU;0014;0112;29;37;0;6;0;79;7
07714;CURURUPU;0014;0116;134;59;0;8;10;241;30
07714;CURURUPU;0014;0117;176;88;2;9;5;304;24
07714;CURURUPU;0014;0121;106;53;1;3;3;177;11
07714;CURURUPU;0014;0126;126;37;4;2;2;181;10
07714;CURURUPU;0014;0137;138;53;0;10;8;234;25
07714;CURURUPU;0014;0138;125;71;1;10;11;243;25
07714;CURURUPU;0014;0139;165;88;0;6;8;289;22
07714;CURURUPU;0014;0140;75;62;0;7;11;177;22
07714;CURURUPU;0014;0141;82;51;0;4;7;163;19
07714;CURURUPU;0014;0142;84;45;2;7;6;153;9
07714;CURURUPU;0014;0149;5;24;0;1;2;40;8
07714;CURURUPU;0014;0150;101;54;0;13;10;199;21
07714;CURURUPU;0014;0152;100;50;0;2;6;165;7
07714;CURURUPU;0014;0153;106;70;1;14;7;213;15
07714;CURURUPU;0014;0156;105;38;0;7;6;180;24
07714;CURURUPU;0014;0157;193;83;0;9;7;302;10
07714;CURURUPU;0014;0159;87;61;0;7;9;174;10
07714;CURURUPU;0014;0160;14;11;0;2;1;28;0
07714;CURURUPU;0014;0161;66;95;0;2;3;173;7
07714;CURURUPU;0014;0162;102;72;1;9;4;208;20
07714;CURURUPU;0014;0163;158;51;2;5;3;241;22
07714;CURURUPU;0014;0164;37;17;0;1;1;64;8
07714;CURURUPU;0014;0165;133;58;3;12;9;241;26
07714;CURURUPU;0014;0166;82;41;0;4;3;150;20
07714;CURURUPU;0014;0167;97;38;0;9;6;165;15
07714;CURURUPU;0014;0170;104;34;0;9;6;165;12
07714;CURURUPU;0014;0172;81;50;1;6;6;166;22
07714;CURURUPU;0014;0173;86;40;0;9;8;161;18
07714;CURURUPU;0014;0174;75;51;0;11;10;165;18
07714;CURURUPU;0014;0175;40;14;0;0;1;56;1
07714;CURURUPU;0014;0177;137;65;0;6;6;227;13
07714;CURURUPU;0014;0178;109;51;1;6;4;181;10
07714;CURURUPU;0014;0179;94;55;2;14;12;199;22
07714;CURURUPU;0014;0180;102;74;0;8;7;212;21
07714;CURURUPU;0014;0181;99;65;0;5;2;186;15
07714;CURURUPU;0014;0182;83;47;0;6;9;156;11
07714;CURURUPU;0014;0183;139;41;0;5;5;201;11
07714;CURURUPU;0014;0184;130;64;1;8;6;220;11
07714;CURURUPU;0014;0185;99;55;0;12;6;190;18
07714;CURURUPU;0014;0186;152;74;3;8;5;261;19
07714;CURURUPU;0014;0187;125;54;0;9;9;216;19
07714;CURURUPU;0014;0188;116;25;2;3;7;162;9
07714;CURURUPU;0014;0189;87;61;0;15;9;197;25
07714;CURURUPU;0014;0191;85;53;0;7;4;163;14
07714;CURURUPU;0014;0192;86;42;1;11;4;153;9
07714;CURURUPU;0014;0194;89;51;1;6;1;162;14
07714;CURURUPU;0014;0195;5;37;0;4;1;52;5
07714;CURURUPU;0014;0196;21;20;0;0;3;49;5
07757;DUQUE BACELAR;0028;0085;103;107;1;8;6;268;43
07757;DUQUE BACELAR;0028;0091;70;70;5;9;9;179;16
07757;DUQUE BACELAR;0028;0103;64;64;1;3;5;155;18
07757;DUQUE BACELAR;0028;0107;63;129;1;6;4;230;27
07757;DUQUE BACELAR;0028;0108;92;115;2;7;11;262;35
07757;DUQUE BACELAR;0028;0113;116;87;2;9;10;255;31
07757;DUQUE BACELAR;0028;0120;106;134;2;7;11;301;41
07757;DUQUE BACELAR;0028;0123;114;136;0;3;12;281;16
07757;DUQUE BACELAR;0028;0124;77;133;2;8;13;262;29
07757;DUQUE BACELAR;0028;0125;64;188;0;5;7;293;29
07757;DUQUE BACELAR;0028;0126;59;161;2;3;17;259;17
07757;DUQUE BACELAR;0028;0127;65;141;0;7;8;232;11
07757;DUQUE BACELAR;0028;0128;49;113;0;0;19;208;27
07757;DUQUE BACELAR;0028;0129;73;140;0;3;7;249;26
07757;DUQUE BACELAR;0028;0136;65;124;1;4;10;265;61
07757;DUQUE BACELAR;0028;0148;26;62;1;7;7;118;15
07757;DUQUE BACELAR;0028;0149;98;141;1;9;0;272;23
07757;DUQUE BACELAR;0028;0152;77;122;0;7;9;240;25
07757;DUQUE BACELAR;0028;0153;60;78;0;9;4;181;30
07757;DUQUE BACELAR;0028;0156;57;96;0;9;9;185;14
07757;DUQUE BACELAR;0028;0172;38;109;0;2;10;172;13
07757;DUQUE BACELAR;0028;0174;75;110;1;2;7;218;23
07757;DUQUE BACELAR;0028;0177;65;137;2;5;6;236;21
07757;DUQUE BACELAR;0028;0179;116;108;2;9;10;281;36
07757;DUQUE BACELAR;0028;0180;91;111;3;13;16;270;36
07757;DUQUE BACELAR;0028;0183;103;109;1;6;8;261;34
07757;DUQUE BACELAR;0028;0187;62;65;1;7;6;160;19
07757;DUQUE BACELAR;0028;0189;64;61;0;6;5;156;20
07757;DUQUE BACELAR;0028;0191;57;72;0;2;5;164;28
07757;DUQUE BACELAR;0028;0193;68;68;2;8;6;174;22
07757;DUQUE BACELAR;0028;0194;49;75;3;3;6;157;21
07757;DUQUE BACELAR;0028;0197;60;79;1;6;7;179;26
07757;DUQUE BACELAR;0028;0199;121;129;2;6;12;306;36
07757;DUQUE BACELAR;0028;0200;61;66;3;4;5;157;18
07757;DUQUE BACELAR;0028;0202;57;70;1;3;9;157;17
07757;DUQUE BACELAR;0028;0204;68;74;1;6;8;179;22
07765;JENIPAPO DOS VIEIRAS;0097;0085;115;139;0;3;8;276;11
07765;JENIPAPO DOS VIEIRAS;0097;0086;107;148;1;1;6;288;25
07765;JENIPAPO DOS VIEIRAS;0097;0087;117;140;7;3;9;291;15
07765;JENIPAPO DOS VIEIRAS;0097;0088;121;140;4;5;10;305;25
07765;JENIPAPO DOS VIEIRAS;0097;0089;105;135;9;4;15;289;21
07765;JENIPAPO DOS VIEIRAS;0097;0090;118;127;4;6;6;284;23
07765;JENIPAPO DOS VIEIRAS;0097;0091;43;90;1;6;11;159;8
07765;JENIPAPO DOS VIEIRAS;0097;0092;54;81;0;7;8;163;13
07765;JENIPAPO DOS VIEIRAS;0097;0093;62;76;2;4;5;157;8
07765;JENIPAPO DOS VIEIRAS;0097;0095;139;85;0;6;11;257;16
07765;JENIPAPO DOS VIEIRAS;0097;0096;44;84;1;2;2;151;18
07765;JENIPAPO DOS VIEIRAS;0097;0097;51;81;0;3;3;160;22
07765;JENIPAPO DOS VIEIRAS;0097;0098;53;88;0;1;5;169;22
07765;JENIPAPO DOS VIEIRAS;0097;0099;112;150;0;1;4;284;17
07765;JENIPAPO DOS VIEIRAS;0097;0101;63;64;1;1;3;144;12
07765;JENIPAPO DOS VIEIRAS;0097;0102;83;60;0;3;11;175;18
07765;JENIPAPO DOS VIEIRAS;0097;0103;84;58;0;2;11;164;9
07765;JENIPAPO DOS VIEIRAS;0097;0104;98;57;0;2;7;180;16
07765;JENIPAPO DOS VIEIRAS;0097;0105;88;112;3;7;12;263;41
07765;JENIPAPO DOS VIEIRAS;0097;0106;29;50;2;5;19;131;26
07765;JENIPAPO DOS VIEIRAS;0097;0108;50;93;0;1;2;160;14
07765;JENIPAPO DOS VIEIRAS;0097;0109;104;108;0;6;20;258;20
07765;JENIPAPO DOS VIEIRAS;0097;0111;87;104;0;3;5;220;21
07765;JENIPAPO DOS VIEIRAS;0097;0112;103;101;1;2;6;243;30
07765;JENIPAPO DOS VIEIRAS;0097;0114;48;49;0;5;4;115;9
07765;JENIPAPO DOS VIEIRAS;0097;0115;89;45;3;4;5;158;12
07765;JENIPAPO DOS VIEIRAS;0097;0116;92;45;3;6;3;166;17
07765;JENIPAPO DOS VIEIRAS;0097;0117;96;114;2;6;7;230;5
07765;JENIPAPO DOS VIEIRAS;0097;0118;114;114;4;5;8;253;8
07765;JENIPAPO DOS VIEIRAS;0097;0119;124;105;4;2;15;269;19
07765;JENIPAPO DOS VIEIRAS;0097;0120;135;101;2;1;10;266;17
07765;JENIPAPO DOS VIEIRAS;0097;0121;67;144;0;2;6;274;55
07765;JENIPAPO DOS VIEIRAS;0097;0122;43;36;0;0;0;86;7
07765;JENIPAPO DOS VIEIRAS;0097;0123;45;57;0;5;5;119;7
07765;JENIPAPO DOS VIEIRAS;0097;0124;70;108;8;0;6;209;17
07765;JENIPAPO DOS VIEIRAS;0097;0127;64;87;0;1;9;183;22
07765;JENIPAPO DOS VIEIRAS;0097;0129;48;119;2;10;26;239;34
07765;JENIPAPO DOS VIEIRAS;0097;0130;42;54;0;5;4;124;19
07765;JENIPAPO DOS VIEIRAS;0097;0131;83;83;1;3;6;185;9
07765;JENIPAPO DOS VIEIRAS;0097;0133;33;135;0;0;1;183;14
07765;JENIPAPO DOS VIEIRAS;0097;0135;48;91;3;3;19;225;61
07765;JENIPAPO DOS VIEIRAS;0097;0143;39;116;0;0;0;177;22
07765;JENIPAPO DOS VIEIRAS;0097;0144;69;155;1;0;4;257;28
07765;JENIPAPO DOS VIEIRAS;0097;0150;39;72;3;9;34;205;48
07765;JENIPAPO DOS VIEIRAS;0097;0151;16;90;0;12;3;172;51
07765;JENIPAPO DOS VIEIRAS;0097;0157;19;202;0;0;19;280;40
07765;JENIPAPO DOS VIEIRAS;0097;0166;54;43;0;1;5;133;30
07765;JENIPAPO DOS VIEIRAS;0097;0167;25;159;1;0;14;233;34
07765;JENIPAPO DOS VIEIRAS;0097;0170;37;173;0;0;26;282;46
07765;JENIPAPO DOS VIEIRAS;0097;0171;78;76;1;4;2;169;8
07765;JENIPAPO DOS VIEIRAS;0097;0206;28;42;2;1;6;83;4
07765;JENIPAPO DOS VIEIRAS;0097;0209;39;91;0;1;11;169;27
07790;FORTALEZA DOS NOGUEIRAS;0105;0001;147;112;2;5;12;294;16
07790;FORTALEZA DOS NOGUEIRAS;0105;0002;151;124;3;1;9;300;12
07790;FORTALEZA DOS NOGUEIRAS;0105;0003;126;132;4;3;11;290;14
07790;FORTALEZA DOS NOGUEIRAS;0105;0004;154;117;4;5;10;303;13
07790;FORTALEZA DOS NOGUEIRAS;0105;0005;111;88;2;7;5;220;7
07790;FORTALEZA DOS NOGUEIRAS;0105;0006;64;109;3;1;6;192;9
07790;FORTALEZA DOS NOGUEIRAS;0105;0007;86;81;3;4;13;199;12
07790;FORTALEZA DOS NOGUEIRAS;0105;0008;134;122;1;10;17;306;22
07790;FORTALEZA DOS NOGUEIRAS;0105;0009;158;114;2;4;13;317;26
07790;FORTALEZA DOS NOGUEIRAS;0105;0010;161;120;2;6;13;318;16
07790;FORTALEZA DOS NOGUEIRAS;0105;0011;124;144;1;4;16;317;28
07790;FORTALEZA DOS NOGUEIRAS;0105;0012;151;112;2;6;9;300;20
07790;FORTALEZA DOS NOGUEIRAS;0105;0013;148;124;1;2;5;291;11
07790;FORTALEZA DOS NOGUEIRAS;0105;0014;116;133;1;4;19;295;22
07790;FORTALEZA DOS NOGUEIRAS;0105;0015;129;104;5;6;15;283;24
07790;FORTALEZA DOS NOGUEIRAS;0105;0016;70;82;3;3;12;182;12
07790;FORTALEZA DOS NOGUEIRAS;0105;0017;85;90;3;3;5;198;12
07790;FORTALEZA DOS NOGUEIRAS;0105;0018;80;64;0;0;5;169;20
07790;FORTALEZA DOS NOGUEIRAS;0105;0019;116;123;0;3;16;276;18
07790;FORTALEZA DOS NOGUEIRAS;0105;0020;124;131;2;3;16;287;11
07790;FORTALEZA DOS NOGUEIRAS;0105;0021;75;41;0;1;10;133;6
07790;FORTALEZA DOS NOGUEIRAS;0105;0022;118;124;0;5;13;282;22
07790;FORTALEZA DOS NOGUEIRAS;0105;0023;80;67;1;2;7;171;14
07790;FORTALEZA DOS NOGUEIRAS;0105;0024;81;57;0;6;10;171;17
07790;FORTALEZA DOS NOGUEIRAS;0105;0025;89;177;0;5;6;299;22
07790;FORTALEZA DOS NOGUEIRAS;0105;0026;86;63;0;3;11;178;15
07790;FORTALEZA DOS NOGUEIRAS;0105;0027;80;57;0;3;12;160;8
07790;FORTALEZA DOS NOGUEIRAS;0105;0028;116;123;5;5;10;270;11
07790;FORTALEZA DOS NOGUEIRAS;0105;0029;134;111;4;3;10;274;12
07790;FORTALEZA DOS NOGUEIRAS;0105;0030;126;127;1;2;14;284;14
07790;FORTALEZA DOS NOGUEIRAS;0105;0031;154;106;3;5;6;289;15
07790;FORTALEZA DOS NOGUEIRAS;0105;0050;139;101;3;3;10;269;13
07790;FORTALEZA DOS NOGUEIRAS;0105;0053;94;82;3;2;19;211;11
07790;FORTALEZA DOS NOGUEIRAS;0105;0054;113;140;0;9;5;280;13
07790;FORTALEZA DOS NOGUEIRAS;0105;0155;67;51;1;3;7;133;4
07790;FORTALEZA DOS NOGUEIRAS;0105;0161;32;35;1;3;4;79;4
07820;LAGOA DO MATO;0044;0023;65;111;0;2;7;191;6
07820;LAGOA DO MATO;0044;0024;66;105;2;1;7;197;16
07820;LAGOA DO MATO;0044;0053;60;100;0;3;14;185;8
07820;LAGOA DO MATO;0044;0056;55;101;1;2;8;179;12
07820;LAGOA DO MATO;0044;0057;66;101;0;0;11;181;3
07820;LAGOA DO MATO;0044;0058;47;108;0;1;8;173;9
07820;LAGOA DO MATO;0044;0059;62;103;0;0;12;187;10
07820;LAGOA DO MATO;0044;0060;69;110;1;3;12;211;16
07820;LAGOA DO MATO;0044;0065;43;105;0;4;10;173;11
07820;LAGOA DO MATO;0044;0068;33;123;1;0;13;182;12
07820;LAGOA DO MATO;0044;0069;34;110;0;2;8;163;9
07820;LAGOA DO MATO;0044;0070;63;145;0;3;17;240;12
07820;LAGOA DO MATO;0044;0072;58;163;2;2;5;244;14
07820;LAGOA DO MATO;0044;0074;36;109;1;4;17;192;25
07820;LAGOA DO MATO;0044;0076;115;157;1;1;13;303;16
07820;LAGOA DO MATO;0044;0081;49;107;0;2;4;169;7
07820;LAGOA DO MATO;0044;0086;35;126;0;7;4;187;15
07820;LAGOA DO MATO;0044;0093;72;149;1;5;12;269;30
07820;LAGOA DO MATO;0044;0096;108;119;0;1;7;246;11
07820;LAGOA DO MATO;0044;0098;80;85;0;1;7;183;10
07820;LAGOA DO MATO;0044;0099;57;105;0;2;8;179;7
07820;LAGOA DO MATO;0044;0110;54;44;0;0;6;112;8
07820;LAGOA DO MATO;0044;0123;59;148;2;3;19;247;16
07820;LAGOA DO MATO;0044;0124;57;160;0;4;28;262;13
07820;LAGOA DO MATO;0044;0125;43;96;0;3;9;165;14
07820;LAGOA DO MATO;0044;0138;62;108;0;1;2;180;7
07820;LAGOA DO MATO;0044;0139;61;97;1;1;14;183;9
07820;LAGOA DO MATO;0044;0140;57;110;0;2;11;192;12
07820;LAGOA DO MATO;0044;0141;51;116;0;2;9;184;6
07820;LAGOA DO MATO;0044;0142;57;97;0;0;9;175;12
07820;LAGOA DO MATO;0044;0143;44;100;2;3;4;162;9
07820;LAGOA DO MATO;0044;0144;59;87;0;1;10;166;9
07820;LAGOA DO MATO;0044;0145;64;129;1;0;12;215;9
07820;LAGOA DO MATO;0044;0147;35;70;0;3;2;119;9
07862;LAJEADO NOVO;0046;0074;140;73;5;3;16;254;17
07862;LAJEADO NOVO;0046;0075;131;95;4;3;13;259;13
07862;LAJEADO NOVO;0046;0076;126;113;3;2;11;265;10
07862;LAJEADO NOVO;0046;0077;136;98;2;3;9;263;15
07862;LAJEADO NOVO;0046;0078;135;98;3;5;7;263;15
07862;LAJEADO NOVO;0046;0079;138;127;7;2;20;309;15
07862;LAJEADO NOVO;0046;0080;121;75;2;0;12;223;13
07862;LAJEADO NOVO;0046;0081;130;72;4;3;10;234;15
07862;LAJEADO NOVO;0046;0082;137;88;3;1;7;245;9
07862;LAJEADO NOVO;0046;0083;131;78;7;1;11;239;11
07862;LAJEADO NOVO;0046;0085;163;116;3;3;12;310;13
07862;LAJEADO NOVO;0046;0086;157;128;3;2;6;311;15
07862;LAJEADO NOVO;0046;0093;124;68;2;0;10;222;18
07862;LAJEADO NOVO;0046;0096;160;116;1;2;9;303;15
07862;LAJEADO NOVO;0046;0104;139;64;4;1;15;234;11
07862;LAJEADO NOVO;0046;0107;130;91;2;2;14;253;14
07862;LAJEADO NOVO;0046;0112;133;82;2;2;16;243;8
07862;LAJEADO NOVO;0046;0124;45;74;1;0;5;152;27
07862;LAJEADO NOVO;0046;0133;126;81;7;2;11;234;7
07862;LAJEADO NOVO;0046;0148;127;89;1;4;12;246;13
07862;LAJEADO NOVO;0046;0149;148;108;7;3;12;288;10
07862;LAJEADO NOVO;0046;0152;93;52;3;3;7;171;13
07897;GOVERNADOR EUGÊNIO BARROS;0108;0001;84;135;3;5;9;247;11
07897;GOVERNADOR EUGÊNIO BARROS;0108;0002;73;139;3;2;11;248;20
07897;GOVERNADOR EUGÊNIO BARROS;0108;0003;74;141;2;1;13;249;18
07897;GOVERNADOR EUGÊNIO BARROS;0108;0004;50;92;0;7;9;176;18
07897;GOVERNADOR EUGÊNIO BARROS;0108;0005;77;87;1;4;7;195;19
07897;GOVERNADOR EUGÊNIO BARROS;0108;0006;59;112;1;3;5;200;20
07897;GOVERNADOR EUGÊNIO BARROS;0108;0007;73;105;2;4;11;214;19
07897;GOVERNADOR EUGÊNIO BARROS;0108;0008;58;103;1;5;4;198;27
07897;GOVERNADOR EUGÊNIO BARROS;0108;0009;64;96;1;3;12;191;15
07897;GOVERNADOR EUGÊNIO BARROS;0108;0010;68;104;1;1;9;193;10
07897;GOVERNADOR EUGÊNIO BARROS;0108;0011;120;140;3;3;5;285;14
07897;GOVERNADOR EUGÊNIO BARROS;0108;0012;109;130;1;5;9;268;14
07897;GOVERNADOR EUGÊNIO BARROS;0108;0013;108;141;3;5;10;286;19
07897;GOVERNADOR EUGÊNIO BARROS;0108;0014;100;133;3;4;14;267;13
07897;GOVERNADOR EUGÊNIO BARROS;0108;0015;118;135;2;8;11;290;16
07897;GOVERNADOR EUGÊNIO BARROS;0108;0016;103;136;3;3;10;270;15
07897;GOVERNADOR EUGÊNIO BARROS;0108;0017;43;100;2;3;3;174;23
07897;GOVERNADOR EUGÊNIO BARROS;0108;0018;40;99;1;7;9;171;15
07897;GOVERNADOR EUGÊNIO BARROS;0108;0019;53;104;0;0;3;179;19
07897;GOVERNADOR EUGÊNIO BARROS;0108;0020;42;97;1;3;4;162;15
07897;GOVERNADOR EUGÊNIO BARROS;0108;0021;58;82;2;6;6;175;21
07897;GOVERNADOR EUGÊNIO BARROS;0108;0022;40;107;1;1;6;172;17
07897;GOVERNADOR EUGÊNIO BARROS;0108;0023;29;135;0;0;10;185;11
07897;GOVERNADOR EUGÊNIO BARROS;0108;0024;17;142;2;0;11;184;12
07897;GOVERNADOR EUGÊNIO BARROS;0108;0026;46;141;0;5;0;206;14
07897;GOVERNADOR EUGÊNIO BARROS;0108;0027;25;71;0;4;0;118;18
07897;GOVERNADOR EUGÊNIO BARROS;0108;0028;55;145;6;7;9;242;20
07897;GOVERNADOR EUGÊNIO BARROS;0108;0029;31;117;0;1;7;171;15
07897;GOVERNADOR EUGÊNIO BARROS;0108;0030;28;110;3;1;4;160;14
07897;GOVERNADOR EUGÊNIO BARROS;0108;0031;59;159;1;2;6;243;16
07897;GOVERNADOR EUGÊNIO BARROS;0108;0033;38;142;0;4;9;210;17
07897;GOVERNADOR EUGÊNIO BARROS;0108;0034;20;141;0;0;7;179;11
07897;GOVERNADOR EUGÊNIO BARROS;0108;0035;43;103;1;1;2;164;14
07897;GOVERNADOR EUGÊNIO BARROS;0108;0036;55;136;0;1;13;222;17
07897;GOVERNADOR EUGÊNIO BARROS;0108;0037;50;118;0;4;9;206;25
07897;GOVERNADOR EUGÊNIO BARROS;0108;0083;22;109;0;5;3;146;7
07897;GOVERNADOR EUGÊNIO BARROS;0108;0084;42;170;0;1;11;235;11
07897;GOVERNADOR EUGÊNIO BARROS;0108;0089;25;123;0;3;6;172;15
07897;GOVERNADOR EUGÊNIO BARROS;0108;0091;52;115;2;4;5;191;13
07897;GOVERNADOR EUGÊNIO BARROS;0108;0092;42;102;0;1;3;156;8
07897;GOVERNADOR EUGÊNIO BARROS;0108;0104;12;62;0;0;3;81;4
07897;GOVERNADOR EUGÊNIO BARROS;0108;0109;15;94;0;1;1;120;9
07897;GOVERNADOR EUGÊNIO BARROS;0108;0112;24;76;0;2;5;108;1
07919;GRAÇA ARANHA;0108;0063;74;119;4;5;12;231;17
07919;GRAÇA ARANHA;0108;0064;68;135;1;2;12;229;11
07919;GRAÇA ARANHA;0108;0065;87;107;0;4;4;217;15
07919;GRAÇA ARANHA;0108;0066;105;140;3;6;5;268;9
07919;GRAÇA ARANHA;0108;0067;106;145;3;5;5;272;8
07919;GRAÇA ARANHA;0108;0068;119;138;1;2;7;281;14
07919;GRAÇA ARANHA;0108;0069;65;106;0;1;9;194;13
07919;GRAÇA ARANHA;0108;0070;75;99;3;2;8;202;15
07919;GRAÇA ARANHA;0108;0071;64;108;1;3;10;195;9
07919;GRAÇA ARANHA;0108;0072;56;108;2;3;13;192;10
07919;GRAÇA ARANHA;0108;0073;71;114;0;4;6;200;5
07919;GRAÇA ARANHA;0108;0074;89;130;0;5;4;233;5
07919;GRAÇA ARANHA;0108;0075;100;129;0;1;4;241;7
07919;GRAÇA ARANHA;0108;0076;80;133;1;4;3;238;17
07919;GRAÇA ARANHA;0108;0077;60;120;1;0;9;197;7
07919;GRAÇA ARANHA;0108;0078;72;113;0;2;4;199;8
07919;GRAÇA ARANHA;0108;0079;44;132;0;0;9;198;13
07919;GRAÇA ARANHA;0108;0080;48;117;0;4;8;188;11
07919;GRAÇA ARANHA;0108;0081;113;132;1;0;10;267;11
07919;GRAÇA ARANHA;0108;0082;59;172;0;2;6;250;11
07919;GRAÇA ARANHA;0108;0171;97;137;1;7;7;257;8
07919;GRAÇA ARANHA;0108;0173;113;93;0;3;5;225;11
07919;GRAÇA ARANHA;0108;0175;39;103;0;6;4;157;5
08079;ITAPECURU MIRIM;0016;0001;113;88;1;9;19;262;32
08079;ITAPECURU MIRIM;0016;0006;145;74;1;6;17;263;20
08079;ITAPECURU MIRIM;0016;0010;165;70;2;2;9;256;8
08079;ITAPECURU MIRIM;0016;0011;156;70;2;4;13;268;23
08079;ITAPECURU MIRIM;0016;0012;160;78;1;10;8;271;14
08079;ITAPECURU MIRIM;0016;0013;142;80;4;7;4;253;16
08079;ITAPECURU MIRIM;0016;0014;89;50;2;1;6;161;13
08079;ITAPECURU MIRIM;0016;0015;96;44;0;2;6;162;14
08079;ITAPECURU MIRIM;0016;0016;96;34;0;3;3;146;10
08079;ITAPECURU MIRIM;0016;0017;96;33;0;0;3;147;15
08079;ITAPECURU MIRIM;0016;0018;76;34;0;1;12;140;17
08079;ITAPECURU MIRIM;0016;0019;82;45;1;2;4;144;10
08079;ITAPECURU MIRIM;0016;0020;145;68;4;6;5;254;26
08079;ITAPECURU MIRIM;0016;0021;159;55;1;6;18;263;24
08079;ITAPECURU MIRIM;0016;0022;155;62;2;5;9;261;28
08079;ITAPECURU MIRIM;0016;0023;148;60;3;8;13;257;25
08079;ITAPECURU MIRIM;0016;0024;155;57;3;7;9;249;18
08079;ITAPECURU MIRIM;0016;0025;105;37;3;6;6;176;19
08079;ITAPECURU MIRIM;0016;0026;107;41;0;2;5;169;14
08079;ITAPECURU MIRIM;0016;0027;112;36;3;2;10;178;15
08079;ITAPECURU MIRIM;0016;0028;92;54;2;4;9;177;16
08079;ITAPECURU MIRIM;0016;0029;106;43;2;3;4;171;13
08079;ITAPECURU MIRIM;0016;0030;100;48;1;3;11;175;12
08079;ITAPECURU MIRIM;0016;0031;160;76;3;4;13;270;14
08079;ITAPECURU MIRIM;0016;0032;155;70;0;9;13;264;17
08079;ITAPECURU MIRIM;0016;0033;147;85;2;0;7;260;19
08079;ITAPECURU MIRIM;0016;0034;111;53;1;5;6;190;14
08079;ITAPECURU MIRIM;0016;0035;114;59;0;6;4;195;12
08079;ITAPECURU MIRIM;0016;0036;111;61;1;2;8;193;10
08079;ITAPECURU MIRIM;0016;0037;111;60;0;5;10;191;5
08079;ITAPECURU MIRIM;0016;0038;94;51;2;2;4;168;15
08079;ITAPECURU MIRIM;0016;0039;104;54;4;6;7;186;11
08079;ITAPECURU MIRIM;0016;0040;108;40;4;5;5;176;14
08079;ITAPECURU MIRIM;0016;0041;90;52;4;8;4;180;22
08079;ITAPECURU MIRIM;0016;0042;116;56;3;0;6;197;16
08079;ITAPECURU MIRIM;0016;0043;128;54;0;1;8;214;23
08079;ITAPECURU MIRIM;0016;0044;137;69;1;4;15;251;25
08079;ITAPECURU MIRIM;0016;0045;154;70;0;4;12;258;18
08079;ITAPECURU MIRIM;0016;0046;128;72;2;4;19;250;25
08079;ITAPECURU MIRIM;0016;0047;163;41;2;6;15;252;25
08079;ITAPECURU MIRIM;0016;0058;141;79;1;7;11;260;21
08079;ITAPECURU MIRIM;0016;0059;60;72;0;4;8;213;69
08079;ITAPECURU MIRIM;0016;0063;80;65;0;3;5;174;21
08079;ITAPECURU MIRIM;0016;0064;108;46;0;7;4;182;17
08079;ITAPECURU MIRIM;0016;0066;84;51;0;1;10;170;24
08079;ITAPECURU MIRIM;0016;0067;77;62;0;0;5;157;13
08079;ITAPECURU MIRIM;0016;0068;76;56;0;1;9;155;13
08079;ITAPECURU MIRIM;0016;0069;172;62;2;6;9;280;29
08079;ITAPECURU MIRIM;0016;0070;98;55;0;0;2;166;11
08079;ITAPECURU MIRIM;0016;0071;72;59;1;1;1;212;78
08079;ITAPECURU MIRIM;0016;0072;99;60;0;3;5;192;25
08079;ITAPECURU MIRIM;0016;0073;118;52;0;1;4;195;20
08079;ITAPECURU MIRIM;0016;0074;87;39;1;3;5;149;14
08079;ITAPECURU MIRIM;0016;0075;119;40;1;4;9;191;18
08079;ITAPECURU MIRIM;0016;0077;113;64;0;5;7;203;14
08079;ITAPECURU MIRIM;0016;0079;159;78;1;4;10;267;15
08079;ITAPECURU MIRIM;0016;0080;157;66;2;3;11;253;14
08079;ITAPECURU MIRIM;0016;0081;125;57;3;3;8;214;18
08079;ITAPECURU MIRIM;0016;0082;122;68;1;4;8;239;36
08079;ITAPECURU MIRIM;0016;0083;171;51;0;5;11;260;22
08079;ITAPECURU MIRIM;0016;0085;127;86;2;7;12;260;26
08079;ITAPECURU MIRIM;0016;0092;111;57;0;2;11;193;12
08079;ITAPECURU MIRIM;0016;0097;113;48;2;2;5;184;14
08079;ITAPECURU MIRIM;0016;0098;76;58;0;2;4;154;14
08079;ITAPECURU MIRIM;0016;0104;150;67;1;11;12;264;23
08079;ITAPECURU MIRIM;0016;0108;135;82;0;7;15;274;35
08079;ITAPECURU MIRIM;0016;0109;113;43;0;2;13;181;10
08079;ITAPECURU MIRIM;0016;0110;84;48;2;6;7;160;13
08079;ITAPECURU MIRIM;0016;0111;86;68;0;4;1;176;17
08079;ITAPECURU MIRIM;0016;0112;133;81;1;5;13;258;25
08079;ITAPECURU MIRIM;0016;0116;130;50;2;6;5;201;8
08079;ITAPECURU MIRIM;0016;0118;168;86;1;6;9;285;15
08079;ITAPECURU MIRIM;0016;0120;126;63;2;1;4;213;17
08079;ITAPECURU MIRIM;0016;0121;165;86;0;2;5;280;22
08079;ITAPECURU MIRIM;0016;0122;142;63;2;6;10;245;22
08079;ITAPECURU MIRIM;0016;0123;151;55;2;4;12;253;29
08079;ITAPECURU MIRIM;0016;0124;106;48;0;4;11;190;21
08079;ITAPECURU MIRIM;0016;0127;156;79;1;7;9;277;25
08079;ITAPECURU MIRIM;0016;0129;139;64;0;8;7;240;22
08079;ITAPECURU MIRIM;0016;0130;147;79;4;6;9;263;18
08079;ITAPECURU MIRIM;0016;0142;155;64;1;3;7;239;9
08079;ITAPECURU MIRIM;0016;0143;108;46;0;1;4;175;16
08079;ITAPECURU MIRIM;0016;0144;129;42;0;6;4;188;7
08079;ITAPECURU MIRIM;0016;0145;113;44;1;5;11;192;18
08079;ITAPECURU MIRIM;0016;0146;111;67;1;6;6;207;16
08079;ITAPECURU MIRIM;0016;0147;118;47;0;7;5;195;18
08079;ITAPECURU MIRIM;0016;0148;148;56;0;0;7;230;19
08079;ITAPECURU MIRIM;0016;0149;162;57;1;3;9;249;17
08079;ITAPECURU MIRIM;0016;0150;146;61;1;4;5;234;17
08079;ITAPECURU MIRIM;0016;0151;82;59;0;3;4;170;22
08079;ITAPECURU MIRIM;0016;0152;83;63;1;5;3;168;13
08079;ITAPECURU MIRIM;0016;0153;139;64;2;7;8;239;19
08079;ITAPECURU MIRIM;0016;0154;146;50;0;3;6;227;22
08079;ITAPECURU MIRIM;0016;0155;136;59;2;6;7;236;26
08079;ITAPECURU MIRIM;0016;0156;119;50;1;10;4;206;22
08079;ITAPECURU MIRIM;0016;0157;112;61;0;8;7;203;15
08079;ITAPECURU MIRIM;0016;0158;159;72;0;8;7;264;18
08079;ITAPECURU MIRIM;0016;0162;114;106;0;6;4;264;34
08079;ITAPECURU MIRIM;0016;0193;89;100;1;1;5;211;15
08079;ITAPECURU MIRIM;0016;0194;87;65;1;0;2;165;10
08079;ITAPECURU MIRIM;0016;0196;58;101;0;0;7;182;16
08079;ITAPECURU MIRIM;0016;0197;65;69;0;8;8;177;27
08079;ITAPECURU MIRIM;0016;0198;79;83;0;3;7;198;26
08079;ITAPECURU MIRIM;0016;0199;80;86;0;3;11;202;22
08079;ITAPECURU MIRIM;0016;0200;48;68;0;5;4;138;13
08079;ITAPECURU MIRIM;0016;0201;70;70;1;0;4;177;32
08079;ITAPECURU MIRIM;0016;0202;46;85;1;1;6;166;27
08079;ITAPECURU MIRIM;0016;0203;37;40;1;3;3;94;10
08079;ITAPECURU MIRIM;0016;0204;83;89;0;4;2;212;34
08079;ITAPECURU MIRIM;0016;0205;127;44;16;6;7;236;36
08079;ITAPECURU MIRIM;0016;0211;128;42;2;9;16;223;26
08079;ITAPECURU MIRIM;0016;0213;127;72;0;9;9;230;13
08079;ITAPECURU MIRIM;0016;0214;87;46;0;5;7;153;8
08079;ITAPECURU MIRIM;0016;0215;115;46;1;6;5;192;19
08079;ITAPECURU MIRIM;0016;0217;164;74;1;4;8;273;22
08079;ITAPECURU MIRIM;0016;0219;143;54;0;1;15;245;32
08079;ITAPECURU MIRIM;0016;0223;150;54;2;9;6;236;15
08079;ITAPECURU MIRIM;0016;0225;129;95;2;6;5;255;18
08079;ITAPECURU MIRIM;0016;0228;132;52;1;4;9;219;21
08079;ITAPECURU MIRIM;0016;0231;134;64;1;3;3;219;14
08079;ITAPECURU MIRIM;0016;0232;130;89;0;0;12;253;22
08079;ITAPECURU MIRIM;0016;0234;157;60;3;8;8;252;16
08079;ITAPECURU MIRIM;0016;0236;144;67;2;7;5;245;20
08079;ITAPECURU MIRIM;0016;0237;65;79;1;2;1;161;13
08079;ITAPECURU MIRIM;0016;0239;126;49;1;2;7;205;20
08079;ITAPECURU MIRIM;0016;0240;81;45;0;2;6;145;11
08079;ITAPECURU MIRIM;0016;0241;128;64;1;7;10;224;14
08079;ITAPECURU MIRIM;0016;0242;120;73;2;5;5;219;14
08079;ITAPECURU MIRIM;0016;0243;127;36;3;3;4;194;21
08079;ITAPECURU MIRIM;0016;0246;124;53;1;4;10;208;16
08079;ITAPECURU MIRIM;0016;0247;129;52;2;5;5;208;15
08079;ITAPECURU MIRIM;0016;0252;95;71;0;6;1;189;16
08079;ITAPECURU MIRIM;0016;0253;73;122;0;0;9;224;20
08079;ITAPECURU MIRIM;0016;0255;168;39;3;1;12;242;19
08079;ITAPECURU MIRIM;0016;0258;33;38;1;1;4;115;38
08079;ITAPECURU MIRIM;0016;0260;118;42;2;5;6;189;16
08079;ITAPECURU MIRIM;0016;0261;28;82;0;1;6;129;12
08079;ITAPECURU MIRIM;0016;0265;106;47;0;0;4;175;18
08079;ITAPECURU MIRIM;0016;0274;133;60;1;3;10;241;34
08079;ITAPECURU MIRIM;0016;0275;98;66;0;8;3;197;22
08079;ITAPECURU MIRIM;0016;0276;42;72;2;1;2;139;20
08079;ITAPECURU MIRIM;0016;0277;86;57;0;3;6;162;10
08079;ITAPECURU MIRIM;0016;0286;150;62;0;5;13;251;21
08079;ITAPECURU MIRIM;0016;0288;126;38;0;3;16;205;22
08079;ITAPECURU MIRIM;0016;0290;162;71;0;6;12;266;15
08079;ITAPECURU MIRIM;0016;0291;139;53;3;4;10;230;21
08079;ITAPECURU MIRIM;0016;0292;138;55;0;6;10;220;11
08079;ITAPECURU MIRIM;0016;0293;114;89;0;3;7;223;10
08079;ITAPECURU MIRIM;0016;0296;114;56;2;7;6;197;12
08079;ITAPECURU MIRIM;0016;0297;168;79;1;6;12;278;12
08079;ITAPECURU MIRIM;0016;0298;67;67;0;3;9;159;13
08079;ITAPECURU MIRIM;0016;0299;88;60;0;4;2;177;23
08079;ITAPECURU MIRIM;0016;0303;158;54;2;4;15;253;20
08079;ITAPECURU MIRIM;0016;0304;159;54;2;2;13;252;22
08079;ITAPECURU MIRIM;0016;0307;137;53;1;1;11;224;21
08079;ITAPECURU MIRIM;0016;0309;147;39;3;5;7;216;15
08079;ITAPECURU MIRIM;0016;0310;168;51;3;3;5;245;15
08079;ITAPECURU MIRIM;0016;0311;134;55;6;5;13;226;13
08079;ITAPECURU MIRIM;0016;0316;104;62;0;3;4;190;17
08079;ITAPECURU MIRIM;0016;0318;122;69;1;4;9;232;27
08079;ITAPECURU MIRIM;0016;0319;123;71;0;5;10;224;15
08079;ITAPECURU MIRIM;0016;0320;132;82;3;5;10;267;35
08079;ITAPECURU MIRIM;0016;0321;105;70;0;3;21;223;24
08079;ITAPECURU MIRIM;0016;0322;138;55;0;7;8;240;32
08079;ITAPECURU MIRIM;0016;0323;142;67;1;2;11;238;15
08079;ITAPECURU MIRIM;0016;0324;153;50;4;4;8;236;17
08079;ITAPECURU MIRIM;0016;0325;75;22;1;2;5;113;8
08079;ITAPECURU MIRIM;0016;0326;124;43;1;4;4;190;14
08079;ITAPECURU MIRIM;0016;0331;164;46;1;5;8;236;12
08079;ITAPECURU MIRIM;0016;0337;40;41;0;0;2;90;7
08079;ITAPECURU MIRIM;0016;0362;129;84;1;9;8;254;23
08079;ITAPECURU MIRIM;0016;0363;121;64;1;5;8;213;14
08079;ITAPECURU MIRIM;0016;0365;11;30;0;1;6;97;49
08079;ITAPECURU MIRIM;0016;0366;144;72;1;2;6;243;18
08079;ITAPECURU MIRIM;0016;0367;158;74;1;3;9;258;13
08079;ITAPECURU MIRIM;0016;0368;156;81;1;6;6;266;16
08079;ITAPECURU MIRIM;0016;0369;11;4;0;1;0;18;2
08109;PORTO RICO DO MARANHÃO;0030;0029;122;75;3;4;6;221;11
08109;PORTO RICO DO MARANHÃO;0030;0030;96;71;1;9;5;191;9
08109;PORTO RICO DO MARANHÃO;0030;0031;92;34;0;2;2;137;7
08109;PORTO RICO DO MARANHÃO;0030;0036;131;39;0;9;1;193;13
08109;PORTO RICO DO MARANHÃO;0030;0039;58;25;0;1;0;93;9
08109;PORTO RICO DO MARANHÃO;0030;0048;78;55;0;6;1;149;9
08109;PORTO RICO DO MARANHÃO;0030;0054;113;70;0;2;7;196;4
08109;PORTO RICO DO MARANHÃO;0030;0056;101;73;1;10;10;207;12
08109;PORTO RICO DO MARANHÃO;0030;0069;105;48;1;2;1;163;6
08109;PORTO RICO DO MARANHÃO;0030;0070;107;75;0;0;8;198;8
08109;PORTO RICO DO MARANHÃO;0030;0077;123;87;1;0;5;229;13
08109;PORTO RICO DO MARANHÃO;0030;0082;119;82;0;3;4;217;9
08109;PORTO RICO DO MARANHÃO;0030;0096;96;55;1;8;5;178;13
08109;PORTO RICO DO MARANHÃO;0030;0105;83;39;0;3;3;138;10
08109;PORTO RICO DO MARANHÃO;0030;0108;113;55;1;5;4;189;11
08109;PORTO RICO DO MARANHÃO;0030;0127;141;88;0;2;10;258;17
08109;PORTO RICO DO MARANHÃO;0030;0133;165;114;0;3;13;310;15
08109;PORTO RICO DO MARANHÃO;0030;0135;127;51;0;3;1;192;10
08109;PORTO RICO DO MARANHÃO;0030;0143;97;35;0;3;8;152;9
08109;PORTO RICO DO MARANHÃO;0030;0144;116;78;0;2;7;214;11
08109;PORTO RICO DO MARANHÃO;0030;0161;122;30;0;6;7;181;16
08109;PORTO RICO DO MARANHÃO;0030;0163;120;90;0;1;5;223;7
08109;PORTO RICO DO MARANHÃO;0030;0164;144;61;0;5;6;222;6
08109;PORTO RICO DO MARANHÃO;0030;0170;117;39;0;3;3;163;1
08109;PORTO RICO DO MARANHÃO;0030;0172;105;30;0;1;1;144;7
08109;PORTO RICO DO MARANHÃO;0030;0175;89;33;0;1;1;130;6
08109;PORTO RICO DO MARANHÃO;0030;0177;107;27;0;6;3;154;11
08109;PORTO RICO DO MARANHÃO;0030;0188;109;66;0;7;2;193;9
08109;PORTO RICO DO MARANHÃO;0030;0191;34;44;0;2;2;90;8
08222;SANTANA DO MARANHÃO;0051;0019;103;57;2;3;8;187;14
08222;SANTANA DO MARANHÃO;0051;0020;124;20;2;2;10;174;16
08222;SANTANA DO MARANHÃO;0051;0025;99;61;2;2;10;186;12
08222;SANTANA DO MARANHÃO;0051;0026;96;59;0;6;4;177;12
08222;SANTANA DO MARANHÃO;0051;0027;158;74;0;0;5;261;24
08222;SANTANA DO MARANHÃO;0051;0028;62;70;2;0;6;145;5
08222;SANTANA DO MARANHÃO;0051;0029;140;47;0;4;13;225;21
08222;SANTANA DO MARANHÃO;0051;0033;107;49;0;3;9;175;7
08222;SANTANA DO MARANHÃO;0051;0036;79;61;0;0;7;154;7
08222;SANTANA DO MARANHÃO;0051;0052;63;72;2;3;6;150;4
08222;SANTANA DO MARANHÃO;0051;0060;67;28;0;2;2;103;4
08222;SANTANA DO MARANHÃO;0051;0068;85;30;0;0;1;119;3
08222;SANTANA DO MARANHÃO;0051;0083;104;47;2;3;2;168;10
08222;SANTANA DO MARANHÃO;0051;0093;121;105;0;5;13;256;12
08222;SANTANA DO MARANHÃO;0051;0094;216;20;1;2;21;287;27
08222;SANTANA DO MARANHÃO;0051;0095;67;36;0;0;7;117;7
08222;SANTANA DO MARANHÃO;0051;0097;122;103;1;1;7;241;7
08222;SANTANA DO MARANHÃO;0051;0103;114;34;0;4;7;174;15
08222;SANTANA DO MARANHÃO;0051;0116;87;41;2;1;8;157;18
08222;SANTANA DO MARANHÃO;0051;0122;107;38;2;0;14;178;17
08222;SANTANA DO MARANHÃO;0051;0125;113;21;1;8;10;173;20
08222;SANTANA DO MARANHÃO;0051;0127;82;45;1;1;11;148;8
08222;SANTANA DO MARANHÃO;0051;0128;104;31;0;3;6;159;15
08222;SANTANA DO MARANHÃO;0051;0134;172;38;0;7;11;250;22
08222;SANTANA DO MARANHÃO;0051;0136;99;52;0;0;8;173;14
08222;SANTANA DO MARANHÃO;0051;0140;85;142;0;1;7;256;21
08222;SANTANA DO MARANHÃO;0051;0143;117;41;1;3;12;187;13
08222;SANTANA DO MARANHÃO;0051;0150;152;41;0;0;7;214;14
08222;SANTANA DO MARANHÃO;0051;0151;116;52;1;2;14;202;17
08222;SANTANA DO MARANHÃO;0051;0167;148;84;0;6;9;264;17
08222;SANTANA DO MARANHÃO;0051;0171;105;46;0;1;6;173;15
08222;SANTANA DO MARANHÃO;0051;0175;49;47;0;2;4;104;2
08222;SANTANA DO MARANHÃO;0051;0177;93;51;0;3;12;177;18
08222;SANTANA DO MARANHÃO;0051;0202;67;49;0;6;3;135;10
08273;MATA ROMA;0042;0093;119;116;1;4;15;269;14
08273;MATA ROMA;0042;0100;121;107;2;3;16;267;18
08273;MATA ROMA;0042;0101;116;120;2;5;12;272;17
08273;MATA ROMA;0042;0102;88;135;1;7;8;286;47
08273;MATA ROMA;0042;0107;147;140;7;7;13;329;15
08273;MATA ROMA;0042;0114;41;142;0;2;9;214;20
08273;MATA ROMA;0042;0115;35;176;1;9;18;275;36
08273;MATA ROMA;0042;0116;46;122;3;7;11;220;31
08273;MATA ROMA;0042;0125;79;164;0;15;14;294;22
08273;MATA ROMA;0042;0126;59;154;0;14;15;270;28
08273;MATA ROMA;0042;0127;125;113;2;17;21;302;24
08273;MATA ROMA;0042;0136;83;196;0;10;8;319;22
08273;MATA ROMA;0042;0138;57;177;0;14;18;309;43
08273;MATA ROMA;0042;0140;115;112;2;7;5;265;24
08273;MATA ROMA;0042;0149;136;187;1;12;11;371;24
08273;MATA ROMA;0042;0164;149;127;0;5;10;318;27
08273;MATA ROMA;0042;0167;52;177;0;8;20;315;58
08273;MATA ROMA;0042;0180;148;115;1;11;15;311;21
08273;MATA ROMA;0042;0185;134;140;6;9;4;313;20
08273;MATA ROMA;0042;0187;43;189;1;8;9;284;34
08273;MATA ROMA;0042;0191;33;197;0;9;11;283;33
08273;MATA ROMA;0042;0192;69;182;0;9;11;298;27
08273;MATA ROMA;0042;0203;34;131;0;3;4;181;9
08273;MATA ROMA;0042;0204;133;131;2;14;5;302;17
08273;MATA ROMA;0042;0213;71;149;1;6;10;250;13
08273;MATA ROMA;0042;0219;106;105;0;8;13;246;14
08273;MATA ROMA;0042;0221;151;96;0;9;13;282;13
08273;MATA ROMA;0042;0226;63;52;4;10;5;141;7
08273;MATA ROMA;0042;0229;53;84;0;0;5;154;12
08273;MATA ROMA;0042;0231;68;117;2;9;3;230;31
08273;MATA ROMA;0042;0234;94;106;1;6;17;250;26
08273;MATA ROMA;0042;0235;122;141;3;9;14;316;27
08273;MATA ROMA;0042;0236;79;93;0;7;11;206;16
08273;MATA ROMA;0042;0237;87;79;1;3;7;206;29
08273;MATA ROMA;0042;0238;116;117;2;12;17;299;35
08273;MATA ROMA;0042;0239;121;115;0;13;19;290;22
08273;MATA ROMA;0042;0240;122;105;1;15;13;292;36
08273;MATA ROMA;0042;0241;125;121;1;11;19;308;31
08273;MATA ROMA;0042;0243;133;111;0;7;10;279;18
08273;MATA ROMA;0042;0244;83;156;0;3;12;287;33
08273;MATA ROMA;0042;0245;79;153;1;4;11;282;34
08273;MATA ROMA;0042;0247;125;124;0;5;9;287;24
08273;MATA ROMA;0042;0248;125;122;0;14;6;286;19
08273;MATA ROMA;0042;0251;64;118;0;10;15;247;40
08273;MATA ROMA;0042;0252;70;126;2;5;16;255;36
08273;MATA ROMA;0042;0253;93;137;0;5;9;283;39
08273;MATA ROMA;0042;0255;25;89;1;5;10;146;16
08273;MATA ROMA;0042;0258;59;62;0;1;4;136;10
08273;MATA ROMA;0042;0261;113;106;2;6;10;262;25
08273;MATA ROMA;0042;0264;37;114;0;7;7;194;29
08303;SÃO JOÃO DO CARÚ;0078;0044;138;36;0;3;11;223;35
08303;SÃO JOÃO DO CARÚ;0078;0045;120;25;1;5;13;210;46
08303;SÃO JOÃO DO CARÚ;0078;0046;137;46;2;3;7;225;30
08303;SÃO JOÃO DO CARÚ;0078;0047;161;35;2;3;11;250;38
08303;SÃO JOÃO DO CARÚ;0078;0048;111;19;1;0;7;170;32
08303;SÃO JOÃO DO CARÚ;0078;0049;123;27;2;2;5;186;27
08303;SÃO JOÃO DO CARÚ;0078;0050;82;37;0;4;8;151;20
08303;SÃO JOÃO DO CARÚ;0078;0051;153;51;2;4;9;247;28
08303;SÃO JOÃO DO CARÚ;0078;0052;131;37;1;2;2;214;41
08303;SÃO JOÃO DO CARÚ;0078;0053;135;40;1;2;7;229;44
08303;SÃO JOÃO DO CARÚ;0078;0071;133;49;0;2;14;225;27
08303;SÃO JOÃO DO CARÚ;0078;0076;57;33;1;1;7;157;58
08303;SÃO JOÃO DO CARÚ;0078;0077;121;52;0;2;4;196;17
08303;SÃO JOÃO DO CARÚ;0078;0130;28;28;0;0;2;78;20
08303;SÃO JOÃO DO CARÚ;0078;0131;125;64;3;1;10;226;23
08303;SÃO JOÃO DO CARÚ;0078;0146;95;46;0;0;11;177;25
08303;SÃO JOÃO DO CARÚ;0078;0147;106;37;1;1;19;175;11
08303;SÃO JOÃO DO CARÚ;0078;0156;110;62;2;3;20;216;19
08303;SÃO JOÃO DO CARÚ;0078;0165;33;15;0;1;3;54;2
08303;SÃO JOÃO DO CARÚ;0078;0166;77;43;1;7;5;143;10
08303;SÃO JOÃO DO CARÚ;0078;0170;113;74;4;4;8;219;16
08303;SÃO JOÃO DO CARÚ;0078;0171;119;53;1;3;11;205;18
08303;SÃO JOÃO DO CARÚ;0078;0178;103;22;0;2;7;163;29
08303;SÃO JOÃO DO CARÚ;0078;0183;89;24;3;1;5;150;28
08303;SÃO JOÃO DO CARÚ;0078;0211;103;63;5;4;16;211;20
08303;SÃO JOÃO DO CARÚ;0078;0212;93;37;0;4;9;155;12
08303;SÃO JOÃO DO CARÚ;0078;0213;128;54;1;2;16;228;27
08303;SÃO JOÃO DO CARÚ;0078;0215;98;28;0;2;15;155;12
08303;SÃO JOÃO DO CARÚ;0078;0216;36;30;1;1;7;88;13
08303;SÃO JOÃO DO CARÚ;0078;0217;63;26;0;2;3;105;11
08303;SÃO JOÃO DO CARÚ;0078;0225;82;20;0;0;7;144;35
08303;SÃO JOÃO DO CARÚ;0078;0236;138;40;2;2;8;230;40
08303;SÃO JOÃO DO CARÚ;0078;0250;90;29;2;2;5;137;9
08303;SÃO JOÃO DO CARÚ;0078;0255;41;25;0;1;3;81;11
08303;SÃO JOÃO DO CARÚ;0078;0266;98;34;0;1;5;176;38
08303;SÃO JOÃO DO CARÚ;0078;0270;116;48;4;0;9;194;17
08303;SÃO JOÃO DO CARÚ;0078;0280;149;37;0;3;6;224;29
08303;SÃO JOÃO DO CARÚ;0078;0288;88;39;1;3;11;174;32
08303;SÃO JOÃO DO CARÚ;0078;0289;103;30;1;1;2;172;35
08303;SÃO JOÃO DO CARÚ;0078;0290;123;43;2;4;12;214;30
08303;SÃO JOÃO DO CARÚ;0078;0291;78;27;1;0;8;130;16
08303;SÃO JOÃO DO CARÚ;0078;0295;82;27;0;2;6;129;12
08320;SÃO JOÃO DO PARAÍSO;0046;0032;90;69;6;2;13;195;15
08320;SÃO JOÃO DO PARAÍSO;0046;0033;83;74;5;4;9;194;19
08320;SÃO JOÃO DO PARAÍSO;0046;0034;124;124;6;3;10;289;22
08320;SÃO JOÃO DO PARAÍSO;0046;0035;119;127;7;6;13;286;14
08320;SÃO JOÃO DO PARAÍSO;0046;0036;111;120;7;9;17;277;13
08320;SÃO JOÃO DO PARAÍSO;0046;0037;130;111;5;5;15;281;15
08320;SÃO JOÃO DO PARAÍSO;0046;0038;73;109;2;1;11;216;20
08320;SÃO JOÃO DO PARAÍSO;0046;0039;68;97;6;3;18;209;17
08320;SÃO JOÃO DO PARAÍSO;0046;0040;95;80;4;5;12;207;11
08320;SÃO JOÃO DO PARAÍSO;0046;0041;80;99;3;5;12;216;17
08320;SÃO JOÃO DO PARAÍSO;0046;0042;89;115;2;1;14;233;12
08320;SÃO JOÃO DO PARAÍSO;0046;0043;81;85;5;0;6;186;9
08320;SÃO JOÃO DO PARAÍSO;0046;0044;75;82;3;1;6;182;15
08320;SÃO JOÃO DO PARAÍSO;0046;0048;73;105;1;1;8;201;13
08320;SÃO JOÃO DO PARAÍSO;0046;0049;99;114;5;1;10;245;16
08320;SÃO JOÃO DO PARAÍSO;0046;0063;133;111;10;2;10;277;11
08320;SÃO JOÃO DO PARAÍSO;0046;0065;117;119;4;4;15;274;15
08320;SÃO JOÃO DO PARAÍSO;0046;0068;85;126;4;4;8;239;12
08320;SÃO JOÃO DO PARAÍSO;0046;0073;133;129;8;5;14;303;14
08320;SÃO JOÃO DO PARAÍSO;0046;0090;95;108;1;3;12;234;15
08320;SÃO JOÃO DO PARAÍSO;0046;0092;108;142;8;7;5;280;10
08320;SÃO JOÃO DO PARAÍSO;0046;0097;103;108;1;4;11;234;7
08320;SÃO JOÃO DO PARAÍSO;0046;0103;60;68;2;3;4;147;10
08320;SÃO JOÃO DO PARAÍSO;0046;0106;82;72;3;3;7;183;16
08320;SÃO JOÃO DO PARAÍSO;0046;0111;95;108;9;3;5;231;11
08320;SÃO JOÃO DO PARAÍSO;0046;0115;52;41;2;1;5;105;4
08320;SÃO JOÃO DO PARAÍSO;0046;0123;64;75;0;3;3;151;6
08320;SÃO JOÃO DO PARAÍSO;0046;0126;63;63;1;0;5;141;9
08320;SÃO JOÃO DO PARAÍSO;0046;0136;87;78;1;1;5;179;7
08320;SÃO JOÃO DO PARAÍSO;0046;0144;107;113;6;8;14;265;17
08320;SÃO JOÃO DO PARAÍSO;0046;0147;94;76;3;3;6;189;7
08320;SÃO JOÃO DO PARAÍSO;0046;0156;127;126;2;6;9;277;7
08320;SÃO JOÃO DO PARAÍSO;0046;0157;34;72;0;0;5;119;8
08397;MONTES ALTOS;0103;0002;105;86;4;7;20;251;29
08397;MONTES ALTOS;0103;0004;103;88;5;1;17;231;17
08397;MONTES ALTOS;0103;0005;98;107;0;1;8;234;20
08397;MONTES ALTOS;0103;0006;123;109;1;6;13;281;29
08397;MONTES ALTOS;0103;0007;109;110;5;4;8;265;29
08397;MONTES ALTOS;0103;0008;56;60;2;4;7;140;11
08397;MONTES ALTOS;0103;0009;67;57;3;0;9;151;15
08397;MONTES ALTOS;0103;0010;76;56;2;4;11;163;14
08397;MONTES ALTOS;0103;0011;69;61;1;3;5;155;16
08397;MONTES ALTOS;0103;0012;75;67;1;3;3;167;18
08397;MONTES ALTOS;0103;0013;58;79;2;3;6;163;15
08397;MONTES ALTOS;0103;0014;80;74;1;0;5;174;14
08397;MONTES ALTOS;0103;0015;111;74;6;6;17;238;24
08397;MONTES ALTOS;0103;0016;135;101;4;5;12;283;26
08397;MONTES ALTOS;0103;0017;124;111;9;8;13;290;25
08397;MONTES ALTOS;0103;0018;142;106;5;4;9;295;29
08397;MONTES ALTOS;0103;0019;131;105;5;2;15;284;26
08397;MONTES ALTOS;0103;0020;135;113;4;5;10;300;33
08397;MONTES ALTOS;0103;0021;135;111;7;3;15;288;17
08397;MONTES ALTOS;0103;0022;128;116;5;5;11;288;23
08397;MONTES ALTOS;0103;0023;146;98;4;6;18;294;22
08397;MONTES ALTOS;0103;0025;20;29;0;0;5;56;2
08397;MONTES ALTOS;0103;0026;138;95;3;3;9;272;24
08397;MONTES ALTOS;0103;0028;3;154;0;0;2;283;124
08397;MONTES ALTOS;0103;0073;119;88;5;5;9;242;16
08397;MONTES ALTOS;0103;0080;10;167;0;0;2;291;112
08818;PRESIDENTE JUSCELINO;0110;0141;69;104;0;1;11;197;12
08818;PRESIDENTE JUSCELINO;0110;0142;58;95;2;3;8;183;17
08818;PRESIDENTE JUSCELINO;0110;0143;67;90;1;1;3;175;13
08818;PRESIDENTE JUSCELINO;0110;0144;86;82;1;5;4;194;16
08818;PRESIDENTE JUSCELINO;0110;0146;91;89;1;0;5;223;37
08818;PRESIDENTE JUSCELINO;0110;0147;98;94;1;2;11;225;19
08818;PRESIDENTE JUSCELINO;0110;0148;102;98;1;1;11;235;22
08818;PRESIDENTE JUSCELINO;0110;0149;73;93;0;0;12;194;16
08818;PRESIDENTE JUSCELINO;0110;0150;106;95;3;1;10;232;17
08818;PRESIDENTE JUSCELINO;0110;0151;79;101;1;3;5;207;18
08818;PRESIDENTE JUSCELINO;0110;0152;85;99;1;0;4;204;15
08818;PRESIDENTE JUSCELINO;0110;0153;99;83;2;2;8;204;10
08818;PRESIDENTE JUSCELINO;0110;0154;94;85;1;2;3;198;13
08818;PRESIDENTE JUSCELINO;0110;0155;54;126;0;1;10;211;20
08818;PRESIDENTE JUSCELINO;0110;0158;59;135;1;1;6;217;15
08818;PRESIDENTE JUSCELINO;0110;0163;59;69;0;0;5;156;23
08818;PRESIDENTE JUSCELINO;0110;0164;65;91;1;0;13;184;14
08818;PRESIDENTE JUSCELINO;0110;0165;57;83;5;3;5;173;20
08818;PRESIDENTE JUSCELINO;0110;0166;67;81;0;4;3;168;13
08818;PRESIDENTE JUSCELINO;0110;0167;64;70;0;4;5;154;11
08818;PRESIDENTE JUSCELINO;0110;0168;67;74;0;3;5;159;10
08818;PRESIDENTE JUSCELINO;0110;0169;49;73;1;7;3;150;17
08818;PRESIDENTE JUSCELINO;0110;0170;51;185;1;1;8;272;26
08818;PRESIDENTE JUSCELINO;0110;0171;53;159;0;2;6;241;21
08818;PRESIDENTE JUSCELINO;0110;0172;37;110;0;4;14;185;20
08818;PRESIDENTE JUSCELINO;0110;0173;44;92;1;2;8;167;20
08818;PRESIDENTE JUSCELINO;0110;0174;45;134;1;1;10;210;19
08818;PRESIDENTE JUSCELINO;0110;0176;42;135;0;1;4;192;10
08818;PRESIDENTE JUSCELINO;0110;0177;17;129;0;1;9;174;18
08818;PRESIDENTE JUSCELINO;0110;0179;50;108;0;0;6;180;16
08818;PRESIDENTE JUSCELINO;0110;0281;92;126;0;0;11;250;21
08818;PRESIDENTE JUSCELINO;0110;0284;35;97;0;0;4;153;17
08818;PRESIDENTE JUSCELINO;0110;0286;85;97;2;3;7;209;15
08818;PRESIDENTE JUSCELINO;0110;0288;9;110;0;0;2;136;15
08818;PRESIDENTE JUSCELINO;0110;0290;96;80;1;0;7;191;7
08818;PRESIDENTE JUSCELINO;0110;0293;93;76;0;2;6;196;19
08818;PRESIDENTE JUSCELINO;0110;0299;104;84;0;1;2;202;11
08818;PRESIDENTE JUSCELINO;0110;0301;22;36;0;0;1;70;11
08818;PRESIDENTE JUSCELINO;0110;0305;86;86;2;1;3;191;13
08818;PRESIDENTE JUSCELINO;0110;0306;122;78;0;1;3;214;10
08818;PRESIDENTE JUSCELINO;0110;0309;71;68;1;0;1;148;7
08834;PRESIDENTE VARGAS;0050;0047;122;34;3;7;6;208;36
08834;PRESIDENTE VARGAS;0050;0049;127;37;0;5;8;210;33
08834;PRESIDENTE VARGAS;0050;0052;87;51;1;1;8;182;34
08834;PRESIDENTE VARGAS;0050;0060;143;43;2;5;8;239;38
08834;PRESIDENTE VARGAS;0050;0074;140;63;1;1;6;252;41
08834;PRESIDENTE VARGAS;0050;0076;103;44;3;2;10;188;26
08834;PRESIDENTE VARGAS;0050;0081;111;70;0;0;13;256;62
08834;PRESIDENTE VARGAS;0050;0085;78;39;1;5;6;142;13
08834;PRESIDENTE VARGAS;0050;0086;76;59;1;1;9;179;33
08834;PRESIDENTE VARGAS;0050;0093;50;90;1;1;2;168;24
08834;PRESIDENTE VARGAS;0050;0099;65;51;0;2;2;144;24
08834;PRESIDENTE VARGAS;0050;0108;45;35;0;0;10;133;43
08834;PRESIDENTE VARGAS;0050;0113;45;43;0;1;3;150;58
08834;PRESIDENTE VARGAS;0050;0122;38;48;1;2;3;192;100
08834;PRESIDENTE VARGAS;0050;0129;79;35;0;3;7;135;11
08834;PRESIDENTE VARGAS;0050;0131;104;75;0;3;18;248;48
08834;PRESIDENTE VARGAS;0050;0132;96;76;1;1;11;277;92
08834;PRESIDENTE VARGAS;0050;0143;84;59;0;3;7;191;38
08834;PRESIDENTE VARGAS;0050;0149;61;88;1;1;13;283;119
08834;PRESIDENTE VARGAS;0050;0151;49;55;0;0;9;197;84
08834;PRESIDENTE VARGAS;0050;0168;82;52;1;1;6;173;31
08834;PRESIDENTE VARGAS;0050;0180;71;74;0;2;5;174;22
08834;PRESIDENTE VARGAS;0050;0183;38;79;0;0;5;176;54
08834;PRESIDENTE VARGAS;0050;0184;81;34;0;2;8;144;19
08834;PRESIDENTE VARGAS;0050;0193;88;46;1;4;5;172;28
08834;PRESIDENTE VARGAS;0050;0194;91;90;1;1;4;239;52
08834;PRESIDENTE VARGAS;0050;0197;13;26;0;0;1;107;67
08834;PRESIDENTE VARGAS;0050;0198;135;74;3;2;9;264;41
08834;PRESIDENTE VARGAS;0050;0201;138;68;3;2;14;274;49
08834;PRESIDENTE VARGAS;0050;0202;138;62;5;2;13;272;52
08834;PRESIDENTE VARGAS;0050;0206;151;64;0;5;7;279;52
08834;PRESIDENTE VARGAS;0050;0212;122;47;0;2;8;214;35
08834;PRESIDENTE VARGAS;0050;0214;131;37;6;2;8;210;26
08834;PRESIDENTE VARGAS;0050;0219;139;70;2;3;20;292;58
08834;PRESIDENTE VARGAS;0050;0223;41;24;1;0;2;83;15
08834;PRESIDENTE VARGAS;0050;0227;139;43;1;2;11;230;34
08834;PRESIDENTE VARGAS;0050;0228;131;58;1;6;3;223;24
08834;PRESIDENTE VARGAS;0050;0229;150;43;0;3;6;229;27
08834;PRESIDENTE VARGAS;0050;0230;132;42;4;3;6;222;35
08834;PRESIDENTE VARGAS;0050;0231;146;55;2;7;6;241;25
09210;SÃO LUÍS;0001;0086;159;45;4;5;3;243;27
09210;SÃO LUÍS;0001;0087;156;45;4;8;7;245;25
09210;SÃO LUÍS;0001;0088;158;41;4;1;7;240;29
09210;SÃO LUÍS;0001;0089;177;39;1;3;6;255;29
09210;SÃO LUÍS;0001;0090;155;47;2;2;4;238;28
09210;SÃO LUÍS;0001;0091;161;41;4;2;4;241;29
09210;SÃO LUÍS;0001;0092;157;39;5;8;2;239;28
09210;SÃO LUÍS;0001;0093;160;46;1;3;2;243;31
09210;SÃO LUÍS;0001;0094;184;39;4;1;3;260;29
09210;SÃO LUÍS;0001;0095;114;37;8;4;5;194;26
09210;SÃO LUÍS;0001;0096;142;43;3;3;9;227;27
09210;SÃO LUÍS;0001;0099;165;47;9;5;5;269;38
09210;SÃO LUÍS;0001;0100;137;36;9;1;9;214;22
09210;SÃO LUÍS;0001;0102;140;39;10;3;3;219;24
09210;SÃO LUÍS;0001;0103;113;41;6;6;5;196;25
09210;SÃO LUÍS;0001;0105;129;33;7;2;6;202;25
09210;SÃO LUÍS;0001;0107;123;45;9;3;6;216;30
09210;SÃO LUÍS;0001;0108;110;49;6;2;5;197;25
09210;SÃO LUÍS;0001;0109;130;32;3;1;2;191;23
09210;SÃO LUÍS;0001;0110;131;43;4;1;8;209;22
09210;SÃO LUÍS;0001;0112;177;48;10;3;6;272;28
09210;SÃO LUÍS;0001;0113;125;38;1;5;2;197;26
09210;SÃO LUÍS;0001;0117;118;31;5;1;6;198;37
09210;SÃO LUÍS;0001;0119;133;44;8;1;3;211;22
09210;SÃO LUÍS;0001;0121;155;48;8;3;8;255;33
09210;SÃO LUÍS;0001;0124;202;56;1;2;13;295;21
09210;SÃO LUÍS;0001;0125;219;53;5;3;4;306;22
09210;SÃO LUÍS;0001;0126;156;49;6;5;2;255;37
09210;SÃO LUÍS;0001;0128;179;45;5;3;5;279;42
09210;SÃO LUÍS;0001;0129;175;40;9;1;3;264;36
09210;SÃO LUÍS;0001;0132;150;44;2;5;5;238;32
09210;SÃO LUÍS;0001;0134;164;41;8;11;7;256;25
09210;SÃO LUÍS;0001;0139;196;58;4;6;4;299;31
09210;SÃO LUÍS;0001;0141;143;35;6;3;3;208;18
09210;SÃO LUÍS;0001;0142;171;47;7;3;3;267;36
09210;SÃO LUÍS;0001;0145;133;51;3;3;8;220;22
09210;SÃO LUÍS;0001;0147;203;62;3;6;1;297;22
09210;SÃO LUÍS;0001;0150;156;42;2;0;5;225;20
09210;SÃO LUÍS;0001;0152;143;38;3;6;5;221;26
09210;SÃO LUÍS;0001;0167;158;49;3;4;9;238;15
09210;SÃO LUÍS;0001;0173;125;46;6;4;10;222;31
09210;SÃO LUÍS;0001;0174;207;60;3;4;9;300;17
09210;SÃO LUÍS;0001;0198;211;52;5;4;4;299;23
09210;SÃO LUÍS;0001;0211;204;57;4;6;11;307;25
09210;SÃO LUÍS;0001;0225;122;28;1;1;4;179;23
09210;SÃO LUÍS;0001;0226;119;30;5;3;2;174;15
09210;SÃO LUÍS;0001;0227;184;37;4;6;10;266;25
09210;SÃO LUÍS;0001;0228;183;44;5;3;9;260;16
09210;SÃO LUÍS;0001;0230;193;49;1;5;5;275;22
09210;SÃO LUÍS;0001;0231;145;42;3;3;7;227;27
09210;SÃO LUÍS;0001;0234;152;54;4;2;6;245;27
09210;SÃO LUÍS;0001;0237;141;66;11;5;9;258;26
09210;SÃO LUÍS;0001;0240;169;42;6;4;4;248;23
09210;SÃO LUÍS;0001;0242;123;40;9;3;4;195;16
09210;SÃO LUÍS;0001;0244;199;35;0;4;8;269;23
09210;SÃO LUÍS;0001;0246;202;44;4;2;5;274;17
09210;SÃO LUÍS;0001;0250;176;44;4;6;7;262;25
09210;SÃO LUÍS;0001;0252;110;34;5;2;4;179;24
09210;SÃO LUÍS;0001;0253;96;35;5;3;4;176;33
09210;SÃO LUÍS;0001;0254;171;40;11;7;2;264;33
09210;SÃO LUÍS;0001;0255;153;43;8;4;5;259;46
09210;SÃO LUÍS;0001;0257;198;43;4;1;4;277;27
09210;SÃO LUÍS;0001;0258;192;52;2;2;13;290;29
09210;SÃO LUÍS;0001;0259;207;63;2;4;4;303;23
09210;SÃO LUÍS;0001;0260;181;43;0;3;1;251;23
09210;SÃO LUÍS;0001;0262;188;45;4;2;4;267;24
09210;SÃO LUÍS;0001;0263;168;44;7;3;7;254;25
09210;SÃO LUÍS;0001;0265;191;49;3;10;5;280;22
09210;SÃO LUÍS;0001;0266;192;49;9;6;8;283;19
09210;SÃO LUÍS;0001;0268;182;45;4;3;4;256;18
09210;SÃO LUÍS;0001;0269;194;38;5;7;10;277;23
09210;SÃO LUÍS;0001;0270;163;46;6;7;4;247;21
09210;SÃO LUÍS;0001;0271;192;36;4;5;7;260;16
09210;SÃO LUÍS;0001;0272;196;53;2;4;4;276;17
09210;SÃO LUÍS;0001;0273;209;28;4;0;8;265;16
09210;SÃO LUÍS;0001;0274;162;50;4;6;11;255;22
09210;SÃO LUÍS;0001;0275;185;55;5;5;9;274;15
09210;SÃO LUÍS;0001;0276;202;51;2;1;8;293;29
09210;SÃO LUÍS;0001;0277;196;61;1;4;10;301;29
09210;SÃO LUÍS;0001;0278;204;55;4;3;3;295;26
09210;SÃO LUÍS;0001;0279;183;63;3;4;7;291;31
09210;SÃO LUÍS;0001;0280;191;56;4;3;12;292;26
09210;SÃO LUÍS;0001;0281;210;64;4;3;5;297;11
09210;SÃO LUÍS;0001;0282;183;61;1;7;8;286;26
09210;SÃO LUÍS;0001;0283;196;67;3;7;6;308;29
09210;SÃO LUÍS;0001;0284;177;67;2;6;8;284;24
09210;SÃO LUÍS;0001;0285;186;56;4;7;7;294;34
09210;SÃO LUÍS;0001;0286;174;54;5;5;10;282;34
09210;SÃO LUÍS;0001;0287;205;54;0;3;6;290;22
09210;SÃO LUÍS;0001;0288;201;58;3;3;9;299;25
09210;SÃO LUÍS;0001;0289;169;45;3;5;2;254;30
09210;SÃO LUÍS;0001;0293;202;46;2;4;4;270;12
09210;SÃO LUÍS;0001;0296;173;38;6;3;3;263;40
09210;SÃO LUÍS;0001;0299;156;48;8;4;6;250;28
09210;SÃO LUÍS;0001;0301;122;22;1;2;1;168;20
09210;SÃO LUÍS;0001;0302;180;39;5;4;8;266;30
09210;SÃO LUÍS;0001;0303;184;44;1;6;5;259;19
09210;SÃO LUÍS;0001;0305;181;44;4;9;3;262;21
09210;SÃO LUÍS;0001;0306;199;44;1;5;8;281;24
09210;SÃO LUÍS;0001;0311;189;38;2;6;7;276;34
09210;SÃO LUÍS;0001;0313;184;48;7;5;4;277;29
09210;SÃO LUÍS;0001;0314;196;25;5;4;8;281;43
09210;SÃO LUÍS;0001;0315;186;35;6;3;5;266;31
09210;SÃO LUÍS;0001;0316;187;43;5;4;4;277;34
09210;SÃO LUÍS;0001;0317;190;36;5;4;10;270;25
09210;SÃO LUÍS;0001;0318;180;53;9;5;10;285;28
09210;SÃO LUÍS;0001;0319;193;43;3;6;7;272;20
09210;SÃO LUÍS;0001;0320;209;30;3;4;7;285;32
09210;SÃO LUÍS;0001;0321;204;46;7;4;5;285;19
09210;SÃO LUÍS;0001;0322;207;31;4;6;3;266;15
09210;SÃO LUÍS;0001;0323;189;48;3;3;9;279;27
09210;SÃO LUÍS;0001;0324;217;54;1;6;9;306;19
09210;SÃO LUÍS;0001;0325;200;43;5;4;5;277;20
09210;SÃO LUÍS;0001;0328;207;60;4;5;6;306;24
09210;SÃO LUÍS;0001;0329;192;32;5;5;11;265;20
09210;SÃO LUÍS;0001;0330;186;40;5;3;12;262;16
09210;SÃO LUÍS;0001;0334;222;53;4;2;4;302;17
09210;SÃO LUÍS;0001;0457;222;44;4;11;4;301;16
09210;SÃO LUÍS;0001;0458;221;41;2;9;6;306;27
09210;SÃO LUÍS;0001;0459;219;47;1;5;7;295;16
09210;SÃO LUÍS;0001;0460;216;44;3;4;8;291;16
09210;SÃO LUÍS;0001;0461;197;54;4;4;4;281;18
09210;SÃO LUÍS;0001;0462;222;47;4;9;10;340;48
09210;SÃO LUÍS;0001;0463;238;39;1;3;11;314;22
09210;SÃO LUÍS;0001;0464;223;25;1;2;18;304;35
09210;SÃO LUÍS;0001;0467;252;29;1;2;8;318;26
09210;SÃO LUÍS;0001;0469;231;52;2;2;5;316;24
09210;SÃO LUÍS;0001;0470;197;58;2;1;10;290;22
09210;SÃO LUÍS;0001;0471;232;44;0;10;6;315;23
09210;SÃO LUÍS;0001;0472;228;38;1;6;6;306;27
09210;SÃO LUÍS;0001;0473;218;45;3;5;7;301;23
09210;SÃO LUÍS;0001;0474;230;48;2;3;5;304;16
09210;SÃO LUÍS;0001;0475;217;56;1;11;8;319;26
09210;SÃO LUÍS;0001;0476;209;47;2;7;11;292;16
09210;SÃO LUÍS;0001;0477;237;39;3;6;11;316;20
09210;SÃO LUÍS;0001;0478;214;49;3;6;10;309;27
09210;SÃO LUÍS;0001;0479;209;41;3;8;11;298;26
09210;SÃO LUÍS;0001;0480;218;31;5;4;7;293;28
09210;SÃO LUÍS;0001;0481;211;44;2;2;6;295;30
09210;SÃO LUÍS;0001;0482;219;37;5;5;12;308;30
09210;SÃO LUÍS;0001;0483;215;34;1;4;8;290;28
09210;SÃO LUÍS;0001;0484;210;44;2;6;14;302;26
09210;SÃO LUÍS;0001;0485;225;46;2;5;16;323;29
09210;SÃO LUÍS;0001;0486;211;45;2;6;8;300;28
09210;SÃO LUÍS;0001;0487;241;42;2;6;6;318;21
09210;SÃO LUÍS;0001;0488;239;34;5;10;5;315;22
09210;SÃO LUÍS;0001;0489;232;38;2;4;6;302;20
09210;SÃO LUÍS;0001;0490;209;48;0;3;7;285;18
09210;SÃO LUÍS;0001;0491;215;45;0;5;8;290;17
09210;SÃO LUÍS;0001;0492;212;47;1;8;6;295;21
09210;SÃO LUÍS;0001;0493;196;50;3;8;9;284;18
09210;SÃO LUÍS;0001;0494;228;35;1;8;4;304;28
09210;SÃO LUÍS;0001;0495;220;41;4;6;13;308;24
09210;SÃO LUÍS;0001;0496;217;39;2;10;6;293;19
09210;SÃO LUÍS;0001;0497;234;43;4;7;9;321;24
09210;SÃO LUÍS;0001;0498;224;48;0;7;7;301;15
09210;SÃO LUÍS;0001;0499;223;54;2;5;9;316;23
09210;SÃO LUÍS;0001;0500;252;38;3;5;6;315;11
09210;SÃO LUÍS;0001;0501;226;39;5;4;8;300;18
09210;SÃO LUÍS;0001;0502;211;48;2;5;5;297;26
09210;SÃO LUÍS;0001;0503;208;44;3;4;10;292;23
09210;SÃO LUÍS;0001;0504;227;43;3;5;8;309;23
09210;SÃO LUÍS;0001;0505;233;35;1;10;6;301;16
09210;SÃO LUÍS;0001;0506;234;37;0;7;13;308;17
09210;SÃO LUÍS;0001;0507;237;25;3;5;5;294;19
09210;SÃO LUÍS;0001;0508;204;33;5;7;10;287;28
09210;SÃO LUÍS;0001;0509;208;34;1;10;11;290;26
09210;SÃO LUÍS;0001;0510;217;44;1;3;6;290;19
09210;SÃO LUÍS;0001;0511;207;33;0;5;10;285;30
09210;SÃO LUÍS;0001;0512;237;36;2;5;11;312;21
09210;SÃO LUÍS;0001;0513;227;31;4;9;6;298;21
09210;SÃO LUÍS;0001;0514;221;40;1;8;7;295;18
09210;SÃO LUÍS;0001;0515;228;33;1;9;5;297;21
09210;SÃO LUÍS;0001;0516;220;36;2;3;8;287;18
09210;SÃO LUÍS;0001;0517;245;36;2;6;4;309;16
09210;SÃO LUÍS;0001;0518;229;43;7;7;11;316;19
09210;SÃO LUÍS;0001;0519;238;28;1;3;13;302;19
09210;SÃO LUÍS;0001;0520;225;46;5;7;8;306;15
09210;SÃO LUÍS;0001;0521;252;32;2;7;7;315;15
09210;SÃO LUÍS;0001;0522;242;38;4;3;7;308;14
09210;SÃO LUÍS;0001;0523;246;41;0;3;8;313;15
09210;SÃO LUÍS;0001;0524;234;36;1;4;6;310;29
09210;SÃO LUÍS;0001;0525;216;43;2;8;9;299;21
09210;SÃO LUÍS;0001;0526;239;37;2;9;7;319;25
09210;SÃO LUÍS;0001;0527;217;37;2;4;10;291;21
09210;SÃO LUÍS;0001;0528;209;40;5;3;8;286;21
09210;SÃO LUÍS;0001;0529;218;48;1;9;11;308;21
09210;SÃO LUÍS;0001;0530;217;49;2;4;10;301;19
09210;SÃO LUÍS;0001;0531;222;35;5;1;11;298;24
09210;SÃO LUÍS;0001;0532;215;33;3;4;8;292;29
09210;SÃO LUÍS;0001;0533;216;36;1;5;11;291;22
09210;SÃO LUÍS;0001;0534;192;43;2;6;7;278;28
09210;SÃO LUÍS;0001;0535;222;40;1;5;6;296;22
09210;SÃO LUÍS;0001;0536;221;42;2;4;10;307;28
09210;SÃO LUÍS;0001;0537;235;32;4;2;9;299;17
09210;SÃO LUÍS;0001;0538;233;50;2;6;4;317;22
09210;SÃO LUÍS;0001;0539;219;53;2;5;7;307;21
09210;SÃO LUÍS;0001;0540;230;46;4;7;6;307;14
09210;SÃO LUÍS;0001;0541;221;48;8;7;3;299;12
09210;SÃO LUÍS;0001;0542;221;43;2;2;8;298;22
09210;SÃO LUÍS;0001;0543;198;42;5;5;6;275;19
09210;SÃO LUÍS;0001;0544;215;39;2;5;5;285;19
09210;SÃO LUÍS;0001;0546;212;50;2;8;7;296;17
09210;SÃO LUÍS;0001;0547;228;33;2;5;5;289;16
09210;SÃO LUÍS;0001;0548;241;45;0;1;10;314;17
09210;SÃO LUÍS;0001;0549;239;43;0;1;7;317;27
09210;SÃO LUÍS;0001;0550;251;37;2;7;9;325;19
09210;SÃO LUÍS;0001;0551;242;37;1;8;7;317;22
09210;SÃO LUÍS;0001;0552;238;34;0;7;8;307;20
09210;SÃO LUÍS;0001;0553;244;30;3;8;6;304;13
09210;SÃO LUÍS;0001;0554;249;24;3;2;6;301;17
09210;SÃO LUÍS;0001;0555;245;32;2;6;4;307;18
09210;SÃO LUÍS;0001;0556;220;35;2;7;8;297;25
09210;SÃO LUÍS;0001;0557;224;41;3;7;11;303;17
09210;SÃO LUÍS;0001;0558;246;43;3;7;8;324;17
09210;SÃO LUÍS;0001;0559;241;53;0;4;9;323;16
09210;SÃO LUÍS;0001;0560;229;47;5;4;9;317;23
09210;SÃO LUÍS;0001;0561;232;32;2;7;7;295;15
09210;SÃO LUÍS;0001;0562;223;42;1;1;6;295;22
09210;SÃO LUÍS;0001;0563;248;30;2;7;11;320;22
09210;SÃO LUÍS;0001;0564;212;43;5;4;9;302;29
09210;SÃO LUÍS;0001;0565;232;33;1;2;7;292;17
09210;SÃO LUÍS;0001;0566;233;29;2;8;7;294;15
09210;SÃO LUÍS;0001;0567;177;47;3;5;11;286;43
09210;SÃO LUÍS;0001;0569;201;57;4;1;11;301;27
09210;SÃO LUÍS;0001;0571;204;50;3;8;9;287;13
09210;SÃO LUÍS;0001;0572;241;38;4;4;8;322;27
09210;SÃO LUÍS;0001;0573;249;35;1;10;7;325;23
09210;SÃO LUÍS;0001;0574;225;43;3;13;10;314;20
09210;SÃO LUÍS;0001;0575;228;39;2;10;8;305;18
09210;SÃO LUÍS;0001;0576;245;36;3;4;12;317;17
09210;SÃO LUÍS;0001;0577;221;39;1;12;9;306;24
09210;SÃO LUÍS;0001;0578;250;42;2;7;6;324;17
09210;SÃO LUÍS;0001;0579;237;41;1;3;10;319;27
09210;SÃO LUÍS;0001;0580;238;31;3;10;7;312;23
09210;SÃO LUÍS;0001;0581;216;36;3;4;8;299;32
09210;SÃO LUÍS;0001;0582;232;34;2;7;10;300;15
09210;SÃO LUÍS;0001;0583;224;29;2;8;12;300;25
09210;SÃO LUÍS;0001;0584;211;41;2;5;9;289;21
09210;SÃO LUÍS;0001;0585;243;33;3;3;10;309;17
09210;SÃO LUÍS;0001;0586;227;42;5;6;11;308;17
09210;SÃO LUÍS;0001;0587;223;45;7;6;8;309;20
09210;SÃO LUÍS;0001;0588;221;43;3;5;10;297;15
09210;SÃO LUÍS;0001;0589;225;44;1;3;8;297;16
09210;SÃO LUÍS;0001;0590;231;43;0;4;6;312;28
09210;SÃO LUÍS;0001;0591;208;33;4;2;10;283;26
09210;SÃO LUÍS;0001;0592;184;53;2;2;7;266;18
09210;SÃO LUÍS;0001;0593;215;31;3;4;6;294;35
09210;SÃO LUÍS;0001;0594;213;32;1;6;8;288;28
09210;SÃO LUÍS;0001;0595;211;35;2;5;14;295;28
09210;SÃO LUÍS;0001;0596;209;35;5;7;7;286;23
09210;SÃO LUÍS;0001;0597;226;34;2;9;5;301;25
09210;SÃO LUÍS;0001;0598;213;33;3;6;10;287;22
09210;SÃO LUÍS;0001;0599;208;48;5;5;10;298;22
09210;SÃO LUÍS;0001;0600;231;53;3;4;10;319;18
09210;SÃO LUÍS;0001;0601;214;31;1;4;9;284;25
09210;SÃO LUÍS;0001;0602;225;44;2;8;7;308;22
09210;SÃO LUÍS;0001;0603;235;39;1;5;8;304;16
09210;SÃO LUÍS;0001;0605;231;36;4;5;6;298;16
09210;SÃO LUÍS;0001;0606;239;42;4;9;5;313;14
09210;SÃO LUÍS;0001;0607;244;26;6;4;7;306;19
09210;SÃO LUÍS;0001;0608;231;45;2;6;6;312;22
09210;SÃO LUÍS;0001;0609;236;42;3;3;8;302;10
09210;SÃO LUÍS;0001;0610;241;45;3;3;7;311;12
09210;SÃO LUÍS;0001;0611;235;36;4;4;7;310;24
09210;SÃO LUÍS;0001;0612;233;43;7;2;2;304;17
09210;SÃO LUÍS;0001;0613;222;40;2;5;3;300;28
09210;SÃO LUÍS;0001;0614;258;36;2;6;4;320;14
09210;SÃO LUÍS;0001;0615;226;55;3;3;4;310;19
09210;SÃO LUÍS;0001;0616;221;40;1;4;6;290;18
09210;SÃO LUÍS;0001;0617;220;35;1;1;14;293;22
09210;SÃO LUÍS;0001;0618;204;40;9;5;6;285;21
09210;SÃO LUÍS;0001;0619;190;57;1;6;10;287;23
09210;SÃO LUÍS;0001;0620;208;46;5;1;10;304;34
09210;SÃO LUÍS;0001;0621;197;43;4;3;13;288;28
09210;SÃO LUÍS;0001;0622;218;40;4;7;9;297;19
09210;SÃO LUÍS;0001;0623;207;40;3;2;7;288;29
09210;SÃO LUÍS;0001;0624;199;52;2;2;11;291;25
09210;SÃO LUÍS;0001;0625;233;34;1;6;4;299;21
09210;SÃO LUÍS;0001;0626;218;30;1;6;11;284;18
09210;SÃO LUÍS;0001;0627;231;41;2;4;5;303;20
09210;SÃO LUÍS;0001;0628;241;46;5;0;8;331;31
09210;SÃO LUÍS;0001;0629;213;43;4;5;6;300;29
09210;SÃO LUÍS;0001;0630;239;46;3;2;5;319;24
09210;SÃO LUÍS;0001;0631;242;30;0;9;7;309;21
09210;SÃO LUÍS;0001;0632;248;59;2;1;6;335;19
09210;SÃO LUÍS;0001;0633;224;38;5;5;8;303;23
09210;SÃO LUÍS;0001;0634;219;42;5;7;8;302;21
09210;SÃO LUÍS;0001;0635;237;42;2;3;3;315;28
09210;SÃO LUÍS;0001;0636;223;40;2;2;9;303;27
09210;SÃO LUÍS;0001;0637;256;32;2;3;4;328;31
09210;SÃO LUÍS;0001;0638;258;40;4;6;6;332;18
09210;SÃO LUÍS;0001;0639;249;31;4;6;12;329;27
09210;SÃO LUÍS;0001;0640;245;43;3;4;10;327;22
09210;SÃO LUÍS;0001;0641;261;28;0;0;9;320;22
09210;SÃO LUÍS;0001;0642;237;38;1;3;10;313;24
09210;SÃO LUÍS;0001;0643;217;43;3;3;8;297;23
09210;SÃO LUÍS;0001;0644;221;27;4;9;9;283;13
09210;SÃO LUÍS;0001;0645;261;49;4;2;11;347;20
09210;SÃO LUÍS;0001;0646;241;42;2;6;9;323;23
09210;SÃO LUÍS;0001;0647;246;40;5;1;9;323;22
09210;SÃO LUÍS;0001;0648;259;45;4;5;11;346;22
09210;SÃO LUÍS;0001;0649;267;32;2;3;7;335;24
09210;SÃO LUÍS;0001;0650;240;41;1;5;7;311;17
09210;SÃO LUÍS;0001;0651;274;25;4;5;7;332;17
09210;SÃO LUÍS;0001;0652;257;35;4;5;10;323;12
09210;SÃO LUÍS;0001;0653;241;37;3;6;12;310;11
09210;SÃO LUÍS;0001;0654;255;35;1;7;8;319;13
09210;SÃO LUÍS;0001;0655;273;44;5;3;4;340;11
09210;SÃO LUÍS;0001;0656;263;40;7;3;6;338;19
09210;SÃO LUÍS;0001;0657;228;49;4;5;9;316;21
09210;SÃO LUÍS;0001;0658;248;41;0;6;4;315;16
09210;SÃO LUÍS;0001;0659;227;40;6;4;14;310;19
09210;SÃO LUÍS;0001;0660;222;40;3;3;5;294;21
09210;SÃO LUÍS;0001;0661;210;50;4;5;11;312;32
09210;SÃO LUÍS;0001;0662;207;50;1;5;5;298;30
09210;SÃO LUÍS;0001;0663;227;43;1;5;5;310;29
09210;SÃO LUÍS;0001;0664;193;54;4;6;10;295;28
09210;SÃO LUÍS;0001;0665;234;38;1;2;8;307;24
09210;SÃO LUÍS;0001;0666;210;51;0;9;3;291;18
09210;SÃO LUÍS;0001;0668;263;24;1;4;3;306;11
09210;SÃO LUÍS;0001;0671;252;33;3;4;4;307;11
09210;SÃO LUÍS;0001;0672;199;56;0;5;6;288;22
09210;SÃO LUÍS;0001;0677;205;37;4;3;6;272;17
09210;SÃO LUÍS;0001;0678;199;31;4;4;7;265;20
09210;SÃO LUÍS;0001;0679;262;17;3;7;8;315;18
09210;SÃO LUÍS;0001;0680;214;46;2;7;5;293;19
09210;SÃO LUÍS;0001;0681;27;14;0;0;3;52;8
09210;SÃO LUÍS;0001;0682;225;104;5;7;2;356;13
09210;SÃO LUÍS;0001;0683;208;48;2;5;14;298;21
09210;SÃO LUÍS;0001;0684;233;34;4;3;6;299;19
09210;SÃO LUÍS;0001;0685;249;39;1;6;5;310;10
09210;SÃO LUÍS;0001;0686;184;32;0;6;5;247;20
09210;SÃO LUÍS;0001;0687;246;46;0;3;2;318;21
09210;SÃO LUÍS;0001;0688;254;38;1;3;9;320;15
09210;SÃO LUÍS;0001;0689;236;34;0;8;3;301;20
09210;SÃO LUÍS;0001;0690;244;50;3;5;7;331;22
09210;SÃO LUÍS;0001;0691;226;48;3;3;6;307;21
09210;SÃO LUÍS;0001;0692;243;37;1;2;12;311;16
09210;SÃO LUÍS;0001;0693;223;47;1;2;12;312;27
09210;SÃO LUÍS;0001;0694;187;52;3;7;4;264;11
09210;SÃO LUÍS;0001;0696;256;37;2;6;7;325;17
09210;SÃO LUÍS;0001;0697;224;58;2;4;7;323;28
09210;SÃO LUÍS;0001;0698;252;32;2;6;6;322;24
09210;SÃO LUÍS;0001;0699;240;50;3;1;5;323;24
09210;SÃO LUÍS;0001;0700;246;37;2;5;4;317;23
09210;SÃO LUÍS;0001;0701;199;25;2;2;4;236;4
09210;SÃO LUÍS;0001;0702;186;40;4;2;3;264;29
09210;SÃO LUÍS;0001;0703;147;36;2;0;1;215;29
09210;SÃO LUÍS;0001;0704;136;47;4;0;3;209;19
09210;SÃO LUÍS;0001;0705;125;55;2;0;1;207;24
09210;SÃO LUÍS;0002;0031;138;34;6;1;1;201;21
09210;SÃO LUÍS;0002;0032;125;35;9;0;4;190;17
09210;SÃO LUÍS;0002;0033;192;47;2;7;8;291;35
09210;SÃO LUÍS;0002;0041;132;25;3;3;2;183;18
09210;SÃO LUÍS;0002;0042;185;45;5;6;4;277;32
09210;SÃO LUÍS;0002;0044;197;41;12;2;4;282;26
09210;SÃO LUÍS;0002;0046;183;38;5;5;8;271;32
09210;SÃO LUÍS;0002;0048;188;36;7;4;4;273;34
09210;SÃO LUÍS;0002;0053;196;40;3;1;11;270;19
09210;SÃO LUÍS;0002;0055;188;46;4;2;10;282;32
09210;SÃO LUÍS;0002;0056;194;41;6;3;8;282;30
09210;SÃO LUÍS;0002;0057;228;48;6;4;5;318;27
09210;SÃO LUÍS;0002;0058;219;46;8;4;7;308;24
09210;SÃO LUÍS;0002;0059;207;55;4;4;6;304;28
09210;SÃO LUÍS;0002;0060;211;57;9;4;4;325;40
09210;SÃO LUÍS;0002;0061;187;29;1;6;9;257;25
09210;SÃO LUÍS;0002;0062;175;32;5;3;10;240;15
09210;SÃO LUÍS;0002;0063;169;26;4;4;7;232;22
09210;SÃO LUÍS;0002;0064;184;33;1;6;9;248;15
09210;SÃO LUÍS;0002;0065;169;30;2;1;11;231;18
09210;SÃO LUÍS;0002;0066;186;34;7;2;5;250;16
09210;SÃO LUÍS;0002;0067;180;37;4;6;4;253;22
09210;SÃO LUÍS;0002;0068;178;36;5;2;4;252;27
09210;SÃO LUÍS;0002;0069;181;31;8;7;8;255;20
09210;SÃO LUÍS;0002;0071;191;24;5;4;6;254;24
09210;SÃO LUÍS;0002;0073;179;31;7;4;6;246;19
09210;SÃO LUÍS;0002;0074;180;33;5;1;6;247;22
09210;SÃO LUÍS;0002;0075;143;23;8;3;4;200;19
09210;SÃO LUÍS;0002;0076;159;24;6;2;4;214;19
09210;SÃO LUÍS;0002;0082;170;28;1;4;5;236;28
09210;SÃO LUÍS;0002;0083;164;29;3;9;12;242;25
09210;SÃO LUÍS;0002;0084;176;22;6;6;5;234;19
09210;SÃO LUÍS;0002;0085;177;28;4;5;4;235;17
09210;SÃO LUÍS;0002;0086;166;42;3;3;3;240;23
09210;SÃO LUÍS;0002;0087;178;24;5;5;6;234;16
09210;SÃO LUÍS;0002;0088;173;32;5;6;8;242;18
09210;SÃO LUÍS;0002;0089;182;28;4;6;4;243;19
09210;SÃO LUÍS;0002;0092;117;25;2;3;5;167;15
09210;SÃO LUÍS;0002;0093;101;33;2;4;3;165;22
09210;SÃO LUÍS;0002;0094;117;36;1;0;6;178;18
09210;SÃO LUÍS;0002;0095;119;27;2;1;6;168;13
09210;SÃO LUÍS;0002;0096;121;22;3;3;2;161;10
09210;SÃO LUÍS;0002;0097;103;26;2;1;6;154;16
09210;SÃO LUÍS;0002;0098;116;28;1;2;9;171;15
09210;SÃO LUÍS;0002;0099;160;39;6;3;2;234;24
09210;SÃO LUÍS;0002;0100;172;36;1;4;9;237;15
09210;SÃO LUÍS;0002;0101;162;36;2;4;9;233;20
09210;SÃO LUÍS;0002;0102;166;40;1;5;6;237;19
09210;SÃO LUÍS;0002;0103;163;36;2;2;7;231;21
09210;SÃO LUÍS;0002;0104;164;35;3;8;5;231;16
09210;SÃO LUÍS;0002;0105;202;47;5;4;3;284;23
09210;SÃO LUÍS;0002;0106;194;48;4;4;10;279;19
09210;SÃO LUÍS;0002;0107;208;43;2;7;8;290;22
09210;SÃO LUÍS;0002;0108;195;55;3;3;5;287;26
09210;SÃO LUÍS;0002;0109;115;25;3;5;6;170;16
09210;SÃO LUÍS;0002;0110;109;22;2;1;4;157;19
09210;SÃO LUÍS;0002;0111;114;20;4;5;3;158;12
09210;SÃO LUÍS;0002;0112;211;51;2;3;2;284;15
09210;SÃO LUÍS;0002;0113;205;42;4;6;3;275;15
09210;SÃO LUÍS;0002;0114;201;39;10;3;11;286;22
09210;SÃO LUÍS;0002;0115;167;45;0;2;7;233;12
09210;SÃO LUÍS;0002;0116;221;63;5;9;2;326;26
09210;SÃO LUÍS;0002;0117;203;64;2;3;9;311;30
09210;SÃO LUÍS;0002;0118;200;53;3;7;8;302;31
09210;SÃO LUÍS;0002;0119;200;60;4;1;7;296;24
09210;SÃO LUÍS;0002;0120;215;63;1;5;13;326;29
09210;SÃO LUÍS;0002;0121;204;41;2;3;5;274;19
09210;SÃO LUÍS;0002;0122;181;47;5;6;8;272;25
09210;SÃO LUÍS;0002;0123;196;42;2;3;4;271;24
09210;SÃO LUÍS;0002;0124;201;55;3;6;5;289;19
09210;SÃO LUÍS;0002;0125;187;51;4;5;8;283;28
09210;SÃO LUÍS;0002;0126;152;41;2;6;5;225;19
09210;SÃO LUÍS;0002;0127;217;38;2;6;6;294;25
09210;SÃO LUÍS;0002;0128;238;33;3;4;5;309;26
09210;SÃO LUÍS;0002;0129;230;42;2;7;8;309;20
09210;SÃO LUÍS;0002;0143;210;42;4;3;12;294;23
09210;SÃO LUÍS;0002;0144;232;33;1;4;5;288;13
09210;SÃO LUÍS;0002;0145;180;40;3;4;5;253;21
09210;SÃO LUÍS;0002;0146;191;22;8;6;6;251;18
09210;SÃO LUÍS;0002;0147;170;29;4;6;9;236;18
09210;SÃO LUÍS;0002;0148;186;36;8;2;3;255;20
09210;SÃO LUÍS;0002;0165;257;43;4;9;7;337;17
09210;SÃO LUÍS;0002;0166;246;48;1;3;5;323;20
09210;SÃO LUÍS;0002;0167;179;35;5;4;6;253;24
09210;SÃO LUÍS;0002;0169;178;40;1;2;8;247;18
09210;SÃO LUÍS;0002;0171;206;48;9;8;4;310;35
09210;SÃO LUÍS;0002;0173;188;34;1;4;4;247;16
09210;SÃO LUÍS;0002;0174;120;35;1;1;4;173;12
09210;SÃO LUÍS;0002;0176;231;46;1;4;9;321;30
09210;SÃO LUÍS;0002;0179;154;36;4;6;2;222;20
09210;SÃO LUÍS;0002;0180;124;29;4;1;3;175;14
09210;SÃO LUÍS;0002;0183;118;30;5;1;4;167;9
09210;SÃO LUÍS;0002;0185;218;34;0;10;3;288;23
09210;SÃO LUÍS;0002;0187;220;47;3;1;7;291;13
09210;SÃO LUÍS;0002;0193;202;61;0;9;5;296;19
09210;SÃO LUÍS;0002;0196;199;32;3;5;4;264;21
09210;SÃO LUÍS;0002;0198;237;49;4;2;6;319;21
09210;SÃO LUÍS;0002;0199;213;50;1;4;7;287;12
09210;SÃO LUÍS;0002;0204;246;46;2;3;9;322;16
09210;SÃO LUÍS;0002;0205;246;44;3;6;6;325;20
09210;SÃO LUÍS;0002;0206;230;57;5;5;6;324;21
09210;SÃO LUÍS;0002;0207;232;42;3;3;5;305;20
09210;SÃO LUÍS;0002;0208;250;30;4;5;4;313;20
09210;SÃO LUÍS;0002;0210;207;48;5;2;5;287;20
09210;SÃO LUÍS;0002;0211;159;17;4;2;4;205;19
09210;SÃO LUÍS;0002;0212;208;48;5;5;8;298;24
09210;SÃO LUÍS;0002;0213;238;56;2;5;4;332;27
09210;SÃO LUÍS;0002;0214;139;26;3;4;3;194;19
09210;SÃO LUÍS;0002;0216;203;34;3;6;8;272;18
09210;SÃO LUÍS;0002;0217;206;40;2;4;4;272;16
09210;SÃO LUÍS;0002;0218;221;57;4;4;10;314;18
09210;SÃO LUÍS;0002;0219;212;54;4;5;5;306;26
09210;SÃO LUÍS;0002;0220;215;61;2;4;7;307;18
09210;SÃO LUÍS;0002;0221;187;25;2;5;2;232;11
09210;SÃO LUÍS;0002;0222;180;37;2;5;3;241;14
09210;SÃO LUÍS;0002;0223;219;52;6;5;5;314;27
09210;SÃO LUÍS;0002;0224;172;42;0;0;6;232;12
09210;SÃO LUÍS;0002;0225;258;32;2;2;6;314;14
09210;SÃO LUÍS;0002;0226;211;33;3;10;6;285;22
09210;SÃO LUÍS;0002;0227;207;41;2;5;9;280;16
09210;SÃO LUÍS;0002;0231;111;25;3;4;7;161;11
09210;SÃO LUÍS;0002;0232;178;43;3;6;8;249;11
09210;SÃO LUÍS;0002;0234;209;63;2;3;6;298;15
09210;SÃO LUÍS;0002;0236;74;16;4;0;1;100;5
09210;SÃO LUÍS;0002;0237;251;47;3;4;1;330;24
09210;SÃO LUÍS;0002;0238;233;52;6;3;5;318;19
09210;SÃO LUÍS;0002;0239;233;48;2;8;2;318;25
09210;SÃO LUÍS;0002;0240;151;26;3;5;4;200;11
09210;SÃO LUÍS;0002;0241;226;47;4;4;7;306;18
09210;SÃO LUÍS;0002;0242;248;54;4;5;4;332;17
09210;SÃO LUÍS;0002;0243;232;56;4;5;6;321;18
09210;SÃO LUÍS;0002;0245;151;18;3;3;4;203;24
09210;SÃO LUÍS;0002;0248;215;50;1;1;3;285;15
09210;SÃO LUÍS;0002;0249;191;36;2;6;3;261;23
09210;SÃO LUÍS;0002;0250;190;44;3;6;7;270;20
09210;SÃO LUÍS;0002;0251;183;44;7;5;7;271;25
09210;SÃO LUÍS;0002;0252;183;39;15;3;5;273;28
09210;SÃO LUÍS;0002;0253;175;37;6;4;6;255;27
09210;SÃO LUÍS;0002;0254;187;35;7;7;3;261;22
09210;SÃO LUÍS;0002;0255;168;42;5;8;3;256;30
09210;SÃO LUÍS;0002;0256;158;45;5;7;6;248;27
09210;SÃO LUÍS;0002;0257;178;34;0;2;7;242;21
09210;SÃO LUÍS;0002;0258;193;31;7;6;4;269;28
09210;SÃO LUÍS;0002;0259;186;40;3;7;6;271;29
09210;SÃO LUÍS;0002;0260;193;41;2;4;10;277;27
09210;SÃO LUÍS;0002;0261;209;34;3;3;9;274;16
09210;SÃO LUÍS;0002;0262;194;38;4;5;5;271;25
09210;SÃO LUÍS;0002;0263;176;50;2;3;8;263;24
09210;SÃO LUÍS;0002;0264;215;38;3;3;7;290;24
09210;SÃO LUÍS;0002;0265;185;52;0;7;4;279;31
09210;SÃO LUÍS;0002;0266;156;32;1;6;5;226;26
09210;SÃO LUÍS;0002;0267;150;41;2;7;11;229;18
09210;SÃO LUÍS;0002;0268;240;46;3;6;3;322;24
09210;SÃO LUÍS;0002;0269;220;47;1;7;7;313;31
09210;SÃO LUÍS;0002;0270;236;45;2;3;14;335;35
09210;SÃO LUÍS;0002;0271;219;48;4;4;10;321;36
09210;SÃO LUÍS;0002;0272;223;41;3;8;8;312;29
09210;SÃO LUÍS;0002;0273;229;46;3;3;5;314;28
09210;SÃO LUÍS;0002;0274;227;46;2;1;6;313;31
09210;SÃO LUÍS;0002;0275;233;39;4;6;4;313;27
09210;SÃO LUÍS;0002;0276;221;50;3;4;5;311;28
09210;SÃO LUÍS;0002;0277;231;46;4;4;9;321;27
09210;SÃO LUÍS;0002;0278;244;52;1;3;13;337;24
09210;SÃO LUÍS;0002;0279;245;55;1;3;7;330;19
09210;SÃO LUÍS;0002;0280;241;56;2;5;10;336;22
09210;SÃO LUÍS;0002;0281;251;44;4;3;6;334;26
09210;SÃO LUÍS;0002;0282;247;40;3;5;6;329;28
09210;SÃO LUÍS;0002;0283;242;45;4;3;10;336;32
09210;SÃO LUÍS;0002;0284;244;42;0;5;13;317;13
09210;SÃO LUÍS;0002;0285;211;44;6;5;9;305;30
09210;SÃO LUÍS;0002;0286;235;48;2;7;7;326;27
09210;SÃO LUÍS;0002;0287;244;40;0;6;5;321;26
09210;SÃO LUÍS;0002;0288;223;47;2;7;6;309;24
09210;SÃO LUÍS;0002;0289;248;38;0;9;2;317;20
09210;SÃO LUÍS;0002;0290;241;50;4;3;7;332;27
09210;SÃO LUÍS;0002;0291;218;42;2;8;15;305;20
09210;SÃO LUÍS;0002;0292;259;29;3;5;6;322;20
09210;SÃO LUÍS;0002;0293;224;51;1;10;10;321;25
09210;SÃO LUÍS;0002;0294;226;59;2;2;13;323;21
09210;SÃO LUÍS;0002;0295;246;46;2;5;6;323;18
09210;SÃO LUÍS;0002;0296;238;51;2;6;12;322;13
09210;SÃO LUÍS;0002;0297;261;44;5;3;6;336;17
09210;SÃO LUÍS;0002;0298;233;48;3;3;7;317;23
09210;SÃO LUÍS;0002;0299;247;41;2;4;10;326;22
09210;SÃO LUÍS;0002;0300;251;39;0;8;5;326;23
09210;SÃO LUÍS;0002;0301;251;52;2;8;7;333;13
09210;SÃO LUÍS;0002;0302;255;49;2;4;5;331;16
09210;SÃO LUÍS;0002;0303;205;54;1;5;10;303;28
09210;SÃO LUÍS;0002;0304;218;43;1;8;2;303;31
09210;SÃO LUÍS;0002;0305;204;41;2;3;10;291;31
09210;SÃO LUÍS;0002;0306;235;50;1;3;3;314;22
09210;SÃO LUÍS;0002;0307;229;44;1;4;7;310;25
09210;SÃO LUÍS;0002;0308;219;41;1;6;6;297;24
09210;SÃO LUÍS;0002;0309;228;38;0;5;9;304;24
09210;SÃO LUÍS;0002;0310;195;34;1;8;8;271;25
09210;SÃO LUÍS;0002;0311;197;36;0;4;12;272;23
09210;SÃO LUÍS;0002;0312;204;29;3;3;5;268;24
09210;SÃO LUÍS;0002;0313;192;30;2;4;10;273;35
09210;SÃO LUÍS;0002;0314;239;42;4;3;13;324;23
09210;SÃO LUÍS;0002;0315;235;48;5;4;10;323;21
09210;SÃO LUÍS;0002;0316;224;51;0;8;9;309;17
09210;SÃO LUÍS;0002;0317;248;54;4;8;9;342;19
09210;SÃO LUÍS;0002;0318;242;59;2;9;10;335;13
09210;SÃO LUÍS;0002;0319;241;49;6;6;8;334;24
09210;SÃO LUÍS;0002;0320;241;46;3;4;4;329;31
09210;SÃO LUÍS;0002;0321;259;30;1;6;6;321;19
09210;SÃO LUÍS;0002;0322;254;53;1;9;4;331;10
09210;SÃO LUÍS;0002;0323;230;48;3;7;5;315;22
09210;SÃO LUÍS;0002;0324;220;42;2;5;14;308;25
09210;SÃO LUÍS;0002;0325;217;49;3;12;6;310;23
09210;SÃO LUÍS;0002;0326;206;52;6;7;11;309;27
09210;SÃO LUÍS;0002;0327;229;30;5;4;7;309;34
09210;SÃO LUÍS;0002;0328;242;29;4;12;5;310;18
09210;SÃO LUÍS;0002;0329;261;36;2;6;6;327;16
09210;SÃO LUÍS;0002;0330;238;47;2;4;7;319;21
09210;SÃO LUÍS;0002;0331;229;45;3;2;13;322;30
09210;SÃO LUÍS;0002;0332;237;39;5;7;7;317;22
09210;SÃO LUÍS;0002;0333;238;42;5;10;7;329;27
09210;SÃO LUÍS;0002;0334;255;41;7;5;6;332;18
09210;SÃO LUÍS;0002;0335;256;44;1;3;8;322;10
09210;SÃO LUÍS;0002;0336;230;37;3;8;7;310;25
09210;SÃO LUÍS;0002;0337;229;47;2;2;11;316;25
09210;SÃO LUÍS;0002;0338;239;38;3;6;11;312;15
09210;SÃO LUÍS;0002;0339;255;38;7;4;8;329;17
09210;SÃO LUÍS;0002;0340;250;44;4;6;7;326;15
09210;SÃO LUÍS;0002;0341;261;42;5;8;9;340;15
09210;SÃO LUÍS;0002;0342;255;35;3;2;5;316;16
09210;SÃO LUÍS;0002;0343;236;46;1;4;4;326;35
09210;SÃO LUÍS;0002;0344;210;49;4;7;13;317;34
09210;SÃO LUÍS;0002;0345;244;35;3;8;7;327;30
09210;SÃO LUÍS;0002;0346;236;44;4;8;9;321;20
09210;SÃO LUÍS;0002;0347;243;53;3;3;13;325;10
09210;SÃO LUÍS;0002;0348;235;46;2;9;8;320;20
09210;SÃO LUÍS;0002;0349;240;41;2;9;12;323;19
09210;SÃO LUÍS;0002;0350;241;47;2;3;7;323;23
09210;SÃO LUÍS;0002;0351;243;49;0;8;11;331;20
09210;SÃO LUÍS;0002;0352;245;48;1;6;6;329;23
09210;SÃO LUÍS;0002;0353;234;40;3;10;13;327;27
09210;SÃO LUÍS;0002;0354;241;35;4;12;9;323;22
09210;SÃO LUÍS;0002;0355;245;49;1;2;6;318;15
09210;SÃO LUÍS;0002;0356;141;29;2;6;3;200;19
09210;SÃO LUÍS;0002;0357;145;25;3;3;3;202;23
09210;SÃO LUÍS;0002;0358;132;35;4;5;5;200;19
09210;SÃO LUÍS;0002;0359;150;31;3;3;2;204;15
09210;SÃO LUÍS;0002;0360;140;28;0;6;4;198;20
09210;SÃO LUÍS;0002;0361;157;31;3;5;1;210;13
09210;SÃO LUÍS;0002;0362;143;37;4;3;3;212;22
09210;SÃO LUÍS;0002;0363;207;49;1;7;7;302;31
09210;SÃO LUÍS;0002;0364;226;45;7;3;5;309;23
09210;SÃO LUÍS;0002;0366;215;31;2;2;10;287;27
09210;SÃO LUÍS;0002;0367;214;33;1;10;8;290;24
09210;SÃO LUÍS;0002;0368;172;34;3;3;6;248;30
09210;SÃO LUÍS;0002;0369;184;35;3;6;1;248;19
09210;SÃO LUÍS;0002;0370;173;33;4;4;5;252;33
09210;SÃO LUÍS;0002;0371;183;30;6;2;6;245;18
09210;SÃO LUÍS;0002;0372;174;28;7;4;8;250;29
09210;SÃO LUÍS;0002;0373;185;36;5;5;4;259;24
09210;SÃO LUÍS;0002;0374;162;34;5;7;6;251;37
09210;SÃO LUÍS;0002;0375;165;32;6;4;4;237;26
09210;SÃO LUÍS;0002;0376;181;35;5;8;6;254;19
09210;SÃO LUÍS;0002;0377;190;39;7;3;4;264;21
09210;SÃO LUÍS;0002;0378;185;44;2;3;3;252;15
09210;SÃO LUÍS;0002;0379;173;33;3;1;12;240;18
09210;SÃO LUÍS;0002;0380;194;31;3;3;3;248;14
09210;SÃO LUÍS;0002;0381;178;40;2;3;4;245;18
09210;SÃO LUÍS;0002;0382;188;32;4;2;7;253;20
09210;SÃO LUÍS;0002;0383;181;44;2;3;2;250;18
09210;SÃO LUÍS;0002;0384;178;41;5;3;10;253;16
09210;SÃO LUÍS;0002;0385;179;38;2;3;12;254;20
09210;SÃO LUÍS;0002;0386;181;33;2;4;8;252;24
09210;SÃO LUÍS;0002;0387;174;27;1;5;7;234;20
09210;SÃO LUÍS;0002;0388;176;39;7;5;8;244;9
09210;SÃO LUÍS;0002;0389;180;30;4;3;2;239;20
09210;SÃO LUÍS;0002;0390;174;40;3;5;5;250;23
09210;SÃO LUÍS;0002;0391;174;44;3;4;6;249;18
09210;SÃO LUÍS;0002;0392;150;50;0;4;7;237;26
09210;SÃO LUÍS;0002;0395;202;39;3;5;7;287;31
09210;SÃO LUÍS;0002;0396;191;33;3;6;10;266;23
09210;SÃO LUÍS;0002;0398;192;30;2;2;5;260;29
09210;SÃO LUÍS;0002;0399;183;42;4;4;8;257;16
09210;SÃO LUÍS;0002;0400;185;44;2;6;6;251;8
09210;SÃO LUÍS;0002;0401;183;36;7;5;3;253;19
09210;SÃO LUÍS;0002;0402;163;49;5;2;4;247;24
09210;SÃO LUÍS;0002;0403;167;40;1;3;6;236;19
09210;SÃO LUÍS;0002;0404;174;40;4;5;5;252;24
09210;SÃO LUÍS;0002;0405;171;37;1;7;4;242;22
09210;SÃO LUÍS;0002;0406;175;38;1;4;4;244;22
09210;SÃO LUÍS;0002;0407;174;23;2;7;8;233;19
09210;SÃO LUÍS;0002;0408;167;32;3;0;8;243;33
09210;SÃO LUÍS;0002;0409;167;36;4;5;3;241;26
09210;SÃO LUÍS;0002;0410;173;28;1;5;7;234;20
09210;SÃO LUÍS;0002;0411;189;30;5;4;1;245;16
09210;SÃO LUÍS;0002;0412;171;30;3;4;6;233;19
09210;SÃO LUÍS;0002;0413;176;24;1;6;3;235;25
09210;SÃO LUÍS;0002;0414;167;22;4;6;7;225;19
09210;SÃO LUÍS;0002;0415;246;42;2;3;6;330;31
09210;SÃO LUÍS;0002;0416;227;36;2;2;7;314;40
09210;SÃO LUÍS;0002;0417;230;33;2;9;9;313;30
09210;SÃO LUÍS;0002;0418;252;37;3;4;8;326;22
09210;SÃO LUÍS;0002;0419;234;40;3;8;6;325;34
09210;SÃO LUÍS;0002;0420;172;19;3;4;6;219;15
09210;SÃO LUÍS;0002;0421;160;21;6;8;3;217;19
09210;SÃO LUÍS;0002;0422;148;38;2;5;4;223;26
09210;SÃO LUÍS;0002;0423;157;25;1;2;8;212;19
09210;SÃO LUÍS;0002;0424;150;32;2;2;4;209;19
09210;SÃO LUÍS;0002;0425;159;32;5;2;6;222;18
09210;SÃO LUÍS;0002;0426;172;27;3;3;4;224;15
09210;SÃO LUÍS;0002;0427;144;38;0;3;9;214;20
09210;SÃO LUÍS;0002;0428;162;26;4;3;8;215;12
09210;SÃO LUÍS;0002;0429;212;33;4;8;7;286;22
09210;SÃO LUÍS;0002;0430;210;34;2;3;10;281;22
09210;SÃO LUÍS;0002;0431;194;45;2;5;14;279;19
09210;SÃO LUÍS;0002;0432;208;38;4;6;7;280;17
09210;SÃO LUÍS;0002;0433;196;37;1;6;7;268;21
09210;SÃO LUÍS;0002;0434;184;38;7;5;10;265;21
09210;SÃO LUÍS;0002;0435;195;46;1;8;7;277;20
09210;SÃO LUÍS;0002;0436;208;46;4;4;7;296;27
09210;SÃO LUÍS;0002;0437;207;39;6;3;8;289;26
09210;SÃO LUÍS;0002;0438;220;43;1;2;6;287;15
09210;SÃO LUÍS;0002;0439;233;49;3;3;11;327;28
09210;SÃO LUÍS;0002;0440;223;55;4;5;12;321;22
09210;SÃO LUÍS;0002;0441;212;49;1;4;10;304;28
09210;SÃO LUÍS;0002;0442;203;55;4;10;10;311;29
09210;SÃO LUÍS;0002;0443;189;48;4;6;13;291;31
09210;SÃO LUÍS;0002;0444;202;53;5;6;7;298;25
09210;SÃO LUÍS;0002;0445;216;52;1;3;6;307;29
09210;SÃO LUÍS;0002;0446;215;40;3;6;4;294;26
09210;SÃO LUÍS;0002;0447;232;43;2;4;5;319;33
09210;SÃO LUÍS;0002;0448;207;48;6;9;8;311;33
09210;SÃO LUÍS;0002;0449;227;44;2;7;7;311;24
09210;SÃO LUÍS;0002;0450;212;43;4;7;7;291;18
09210;SÃO LUÍS;0002;0451;202;49;4;8;8;288;17
09210;SÃO LUÍS;0002;0452;159;26;0;7;12;234;30
09210;SÃO LUÍS;0002;0453;155;40;3;6;4;230;22
09210;SÃO LUÍS;0002;0454;174;26;5;6;8;235;16
09210;SÃO LUÍS;0002;0455;167;33;3;8;4;238;23
09210;SÃO LUÍS;0002;0456;178;37;3;7;4;248;19
09210;SÃO LUÍS;0002;0457;179;35;4;2;6;246;20
09210;SÃO LUÍS;0002;0458;178;34;4;7;6;250;21
09210;SÃO LUÍS;0002;0459;182;36;0;5;2;239;14
09210;SÃO LUÍS;0002;0460;190;26;0;5;1;240;18
09210;SÃO LUÍS;0002;0461;187;25;4;5;8;247;18
09210;SÃO LUÍS;0002;0462;181;32;4;4;6;242;15
09210;SÃO LUÍS;0002;0463;197;40;2;3;15;281;24
09210;SÃO LUÍS;0002;0464;199;38;4;3;12;282;26
09210;SÃO LUÍS;0002;0465;208;41;4;1;6;284;24
09210;SÃO LUÍS;0002;0466;211;48;4;2;14;296;17
09210;SÃO LUÍS;0002;0467;210;38;4;5;5;290;28
09210;SÃO LUÍS;0002;0468;154;27;3;3;7;217;23
09210;SÃO LUÍS;0002;0470;152;32;2;8;7;217;16
09210;SÃO LUÍS;0002;0472;167;25;4;5;5;227;21
09210;SÃO LUÍS;0002;0474;162;32;4;6;6;226;16
09210;SÃO LUÍS;0002;0476;183;31;6;6;3;250;21
09210;SÃO LUÍS;0002;0478;168;33;1;3;2;222;15
09210;SÃO LUÍS;0002;0479;158;34;2;1;6;217;16
09210;SÃO LUÍS;0002;0480;160;40;2;3;3;225;17
09210;SÃO LUÍS;0002;0481;200;45;3;4;6;282;24
09210;SÃO LUÍS;0002;0482;227;36;2;5;6;297;21
09210;SÃO LUÍS;0002;0483;205;44;1;7;9;288;22
09210;SÃO LUÍS;0002;0484;212;34;3;1;7;289;32
09210;SÃO LUÍS;0002;0485;221;34;3;11;10;306;27
09210;SÃO LUÍS;0002;0486;221;49;3;4;5;303;21
09210;SÃO LUÍS;0002;0487;202;61;1;5;2;296;25
09210;SÃO LUÍS;0002;0488;223;31;4;8;5;297;26
09210;SÃO LUÍS;0002;0489;217;41;4;5;7;287;13
09210;SÃO LUÍS;0002;0490;218;43;5;5;4;294;19
09210;SÃO LUÍS;0002;0491;221;35;1;6;9;300;28
09210;SÃO LUÍS;0002;0492;207;52;2;4;7;297;25
09210;SÃO LUÍS;0002;0493;216;37;3;7;9;296;24
09210;SÃO LUÍS;0002;0494;230;42;3;1;7;300;17
09210;SÃO LUÍS;0002;0495;213;46;1;4;4;294;26
09210;SÃO LUÍS;0002;0496;158;35;5;3;8;227;18
09210;SÃO LUÍS;0002;0497;167;27;1;3;2;220;20
09210;SÃO LUÍS;0002;0498;175;38;2;4;5;244;20
09210;SÃO LUÍS;0002;0499;171;25;5;3;10;240;26
09210;SÃO LUÍS;0002;0500;168;29;2;6;5;228;18
09210;SÃO LUÍS;0002;0501;179;32;3;2;5;244;23
09210;SÃO LUÍS;0002;0502;177;31;5;6;9;248;20
09210;SÃO LUÍS;0002;0503;164;43;3;2;3;235;20
09210;SÃO LUÍS;0002;0504;180;30;4;3;3;231;11
09210;SÃO LUÍS;0002;0505;234;48;1;6;7;320;24
09210;SÃO LUÍS;0002;0506;250;42;1;5;9;322;15
09210;SÃO LUÍS;0002;0507;252;30;1;1;3;315;28
09210;SÃO LUÍS;0002;0508;216;45;0;2;9;297;25
09210;SÃO LUÍS;0002;0509;183;42;2;3;2;249;17
09210;SÃO LUÍS;0002;0510;81;9;3;2;2;105;8
09210;SÃO LUÍS;0002;0511;98;47;3;0;0;157;9
09210;SÃO LUÍS;0002;0512;110;24;2;1;1;150;12
09210;SÃO LUÍS;0002;0513;91;24;3;0;2;135;15
09210;SÃO LUÍS;0003;0006;161;34;7;6;5;235;22
09210;SÃO LUÍS;0003;0007;149;49;1;1;5;225;20
09210;SÃO LUÍS;0003;0008;154;31;4;3;5;218;21
09210;SÃO LUÍS;0003;0009;152;45;5;3;8;229;16
09210;SÃO LUÍS;0003;0010;177;38;2;2;8;243;16
09210;SÃO LUÍS;0003;0069;165;39;5;2;6;232;15
09210;SÃO LUÍS;0003;0070;165;33;0;3;8;231;22
09210;SÃO LUÍS;0003;0071;144;33;4;7;8;218;22
09210;SÃO LUÍS;0003;0072;148;42;2;2;9;218;15
09210;SÃO LUÍS;0003;0073;158;37;5;1;4;224;19
09210;SÃO LUÍS;0003;0074;165;30;5;2;11;227;14
09210;SÃO LUÍS;0003;0113;152;46;2;4;1;222;17
09210;SÃO LUÍS;0003;0114;161;42;2;3;5;234;21
09210;SÃO LUÍS;0003;0115;162;27;0;2;8;216;17
09210;SÃO LUÍS;0003;0149;162;35;3;6;5;232;21
09210;SÃO LUÍS;0003;0157;161;43;5;6;5;239;19
09210;SÃO LUÍS;0003;0163;167;39;4;0;4;235;21
09210;SÃO LUÍS;0003;0176;174;38;5;3;4;238;14
09210;SÃO LUÍS;0003;0197;174;38;2;2;11;242;15
09210;SÃO LUÍS;0003;0199;172;28;2;1;5;223;15
09210;SÃO LUÍS;0003;0207;156;46;1;4;4;230;19
09210;SÃO LUÍS;0003;0223;169;42;4;7;8;253;23
09210;SÃO LUÍS;0003;0224;191;38;2;5;13;273;24
09210;SÃO LUÍS;0003;0225;174;38;2;6;12;252;20
09210;SÃO LUÍS;0003;0227;198;36;5;5;11;273;18
09210;SÃO LUÍS;0003;0229;191;33;6;9;14;269;16
09210;SÃO LUÍS;0003;0231;233;36;6;5;11;310;19
09210;SÃO LUÍS;0003;0233;224;36;7;5;5;294;17
09210;SÃO LUÍS;0003;0235;192;48;2;5;5;276;24
09210;SÃO LUÍS;0003;0236;200;38;3;2;7;264;14
09210;SÃO LUÍS;0003;0237;200;41;4;6;5;275;19
09210;SÃO LUÍS;0003;0238;195;31;3;6;6;270;29
09210;SÃO LUÍS;0003;0239;204;33;6;5;3;274;23
09210;SÃO LUÍS;0003;0240;166;29;3;3;8;229;20
09210;SÃO LUÍS;0003;0241;176;19;1;7;1;222;18
09210;SÃO LUÍS;0003;0242;161;41;2;6;4;231;17
09210;SÃO LUÍS;0003;0243;179;23;2;1;8;230;17
09210;SÃO LUÍS;0003;0244;155;34;6;2;5;223;21
09210;SÃO LUÍS;0003;0245;149;29;3;2;8;225;34
09210;SÃO LUÍS;0003;0246;145;36;3;1;12;212;15
09210;SÃO LUÍS;0003;0247;177;26;3;5;4;236;21
09210;SÃO LUÍS;0003;0248;170;33;1;2;4;228;18
09210;SÃO LUÍS;0003;0249;171;36;3;4;3;232;15
09210;SÃO LUÍS;0003;0250;166;31;5;5;3;233;23
09210;SÃO LUÍS;0003;0251;215;46;6;8;9;322;38
09210;SÃO LUÍS;0003;0252;240;38;9;7;11;333;28
09210;SÃO LUÍS;0003;0253;239;37;9;2;11;333;35
09210;SÃO LUÍS;0003;0254;230;38;10;5;6;327;38
09210;SÃO LUÍS;0003;0255;236;46;10;7;7;333;27
09210;SÃO LUÍS;0003;0256;244;41;8;4;5;329;27
09210;SÃO LUÍS;0003;0257;241;51;8;2;10;343;31
09210;SÃO LUÍS;0003;0258;254;43;9;9;5;335;15
09210;SÃO LUÍS;0003;0259;246;32;7;1;7;329;36
09210;SÃO LUÍS;0003;0260;241;44;10;3;3;330;29
09210;SÃO LUÍS;0003;0261;245;43;5;7;3;331;28
09210;SÃO LUÍS;0003;0262;230;57;5;2;12;328;22
09210;SÃO LUÍS;0003;0263;247;35;7;6;3;322;24
09210;SÃO LUÍS;0003;0264;238;47;4;8;9;336;30
09210;SÃO LUÍS;0003;0265;165;34;7;3;8;247;30
09210;SÃO LUÍS;0003;0266;202;31;4;6;5;268;20
09210;SÃO LUÍS;0003;0267;186;42;5;1;6;256;16
09210;SÃO LUÍS;0003;0268;201;33;2;3;4;263;20
09210;SÃO LUÍS;0003;0269;176;34;4;1;8;252;29
09210;SÃO LUÍS;0003;0270;187;39;6;2;7;269;28
09210;SÃO LUÍS;0003;0271;178;35;6;8;13;260;20
09210;SÃO LUÍS;0003;0272;198;45;3;2;4;270;18
09210;SÃO LUÍS;0003;0273;198;36;8;2;6;276;26
09210;SÃO LUÍS;0003;0274;202;39;4;4;6;279;24
09210;SÃO LUÍS;0003;0275;186;37;8;3;9;277;34
09210;SÃO LUÍS;0003;0276;214;34;0;7;3;283;25
09210;SÃO LUÍS;0003;0277;185;34;4;8;7;259;21
09210;SÃO LUÍS;0003;0278;241;48;3;3;10;326;21
09210;SÃO LUÍS;0003;0279;245;47;3;5;10;333;23
09210;SÃO LUÍS;0003;0280;238;57;2;6;8;329;18
09210;SÃO LUÍS;0003;0281;243;30;3;7;10;315;22
09210;SÃO LUÍS;0003;0282;214;43;7;4;10;314;36
09210;SÃO LUÍS;0003;0283;252;39;3;7;2;335;32
09210;SÃO LUÍS;0003;0284;216;55;5;6;8;332;42
09210;SÃO LUÍS;0003;0285;199;56;6;2;7;293;23
09210;SÃO LUÍS;0003;0286;200;50;3;4;4;288;27
09210;SÃO LUÍS;0003;0287;181;51;9;4;7;275;23
09210;SÃO LUÍS;0003;0288;193;57;9;5;1;290;25
09210;SÃO LUÍS;0003;0289;213;38;9;5;3;296;28
09210;SÃO LUÍS;0003;0290;193;50;10;3;5;297;36
09210;SÃO LUÍS;0003;0291;189;37;15;3;5;266;17
09210;SÃO LUÍS;0003;0292;195;55;5;3;4;285;23
09210;SÃO LUÍS;0003;0293;226;40;0;3;5;299;25
09210;SÃO LUÍS;0003;0294;217;36;7;4;6;294;24
09210;SÃO LUÍS;0003;0295;207;42;6;5;11;305;34
09210;SÃO LUÍS;0003;0296;197;32;4;8;5;278;32
09210;SÃO LUÍS;0003;0297;223;32;2;2;8;290;23
09210;SÃO LUÍS;0003;0298;199;31;1;7;7;278;33
09210;SÃO LUÍS;0003;0299;204;47;3;6;8;307;39
09210;SÃO LUÍS;0003;0300;214;39;1;2;8;284;20
09210;SÃO LUÍS;0003;0301;216;45;9;3;5;300;22
09210;SÃO LUÍS;0003;0302;214;45;3;11;7;299;19
09210;SÃO LUÍS;0003;0303;211;38;6;4;7;286;20
09210;SÃO LUÍS;0003;0304;239;29;3;6;6;307;24
09210;SÃO LUÍS;0003;0305;228;43;3;6;8;308;20
09210;SÃO LUÍS;0003;0306;247;33;2;3;12;325;28
09210;SÃO LUÍS;0003;0307;245;25;1;10;8;318;29
09210;SÃO LUÍS;0003;0308;228;41;3;5;11;314;26
09210;SÃO LUÍS;0003;0309;247;31;5;6;8;324;27
09210;SÃO LUÍS;0003;0310;262;37;3;5;7;331;17
09210;SÃO LUÍS;0003;0311;251;36;2;2;9;320;20
09210;SÃO LUÍS;0003;0312;197;43;3;4;13;279;19
09210;SÃO LUÍS;0003;0313;227;44;4;4;9;304;16
09210;SÃO LUÍS;0003;0314;204;41;3;2;13;281;18
09210;SÃO LUÍS;0003;0315;222;26;5;6;5;283;19
09210;SÃO LUÍS;0003;0316;216;37;2;10;6;290;19
09210;SÃO LUÍS;0003;0317;215;34;4;4;9;298;32
09210;SÃO LUÍS;0003;0318;236;34;1;3;6;301;21
09210;SÃO LUÍS;0003;0319;231;43;4;0;6;299;15
09210;SÃO LUÍS;0003;0320;226;34;5;3;6;294;20
09210;SÃO LUÍS;0003;0321;229;33;1;4;7;293;19
09210;SÃO LUÍS;0003;0322;233;27;2;4;6;306;34
09210;SÃO LUÍS;0003;0323;220;49;2;3;3;296;19
09210;SÃO LUÍS;0003;0324;148;37;3;3;14;229;24
09210;SÃO LUÍS;0003;0325;159;30;4;3;10;225;19
09210;SÃO LUÍS;0003;0326;153;35;6;4;8;227;21
09210;SÃO LUÍS;0003;0327;178;27;3;6;10;238;14
09210;SÃO LUÍS;0003;0328;168;27;1;4;10;227;17
09210;SÃO LUÍS;0003;0329;180;27;1;8;6;233;11
09210;SÃO LUÍS;0003;0330;184;26;3;9;5;235;8
09210;SÃO LUÍS;0003;0331;180;28;3;6;6;236;13
09210;SÃO LUÍS;0003;0332;186;27;1;7;5;242;16
09210;SÃO LUÍS;0003;0333;188;27;2;1;7;240;15
09210;SÃO LUÍS;0003;0334;234;29;5;7;7;308;26
09210;SÃO LUÍS;0003;0335;216;41;6;3;7;306;33
09210;SÃO LUÍS;0003;0336;208;45;5;4;2;293;29
09210;SÃO LUÍS;0003;0337;176;67;6;5;6;292;32
09210;SÃO LUÍS;0003;0338;189;52;6;1;4;286;34
09210;SÃO LUÍS;0003;0339;196;48;7;2;5;282;24
09210;SÃO LUÍS;0003;0340;196;46;4;1;12;288;29
09210;SÃO LUÍS;0003;0341;183;41;10;1;7;277;35
09210;SÃO LUÍS;0003;0342;179;52;6;2;6;279;34
09210;SÃO LUÍS;0003;0343;204;39;9;2;5;298;39
09210;SÃO LUÍS;0003;0344;172;61;6;6;6;288;37
09210;SÃO LUÍS;0003;0345;253;37;3;6;5;333;29
09210;SÃO LUÍS;0003;0346;233;38;14;5;11;326;25
09210;SÃO LUÍS;0003;0347;223;57;5;6;9;327;27
09210;SÃO LUÍS;0003;0348;241;38;16;7;5;332;25
09210;SÃO LUÍS;0003;0349;237;38;10;6;3;331;37
09210;SÃO LUÍS;0003;0350;243;44;3;3;6;331;32
09210;SÃO LUÍS;0003;0351;218;43;4;9;7;324;43
09210;SÃO LUÍS;0003;0352;232;44;6;2;4;321;33
09210;SÃO LUÍS;0003;0353;227;49;8;4;9;339;42
09210;SÃO LUÍS;0003;0354;221;40;11;6;4;320;38
09210;SÃO LUÍS;0003;0355;222;31;14;6;4;320;43
09210;SÃO LUÍS;0003;0356;203;24;1;7;3;258;20
09210;SÃO LUÍS;0003;0357;187;32;5;7;4;244;9
09210;SÃO LUÍS;0003;0358;188;23;4;6;2;243;20
09210;SÃO LUÍS;0003;0359;189;33;3;2;10;256;19
09210;SÃO LUÍS;0003;0367;211;36;1;6;8;286;24
09210;SÃO LUÍS;0003;0368;205;42;2;4;3;285;29
09210;SÃO LUÍS;0003;0369;233;29;5;2;7;301;25
09210;SÃO LUÍS;0003;0370;235;39;6;7;7;314;20
09210;SÃO LUÍS;0003;0371;249;34;3;0;5;311;20
09210;SÃO LUÍS;0003;0372;219;37;4;5;5;296;26
09210;SÃO LUÍS;0003;0373;238;46;3;6;6;323;24
09210;SÃO LUÍS;0003;0374;235;42;5;4;14;329;29
09210;SÃO LUÍS;0003;0375;229;37;6;3;5;307;27
09210;SÃO LUÍS;0003;0376;202;28;1;5;6;266;24
09210;SÃO LUÍS;0003;0377;140;76;10;3;1;263;33
09210;SÃO LUÍS;0003;0378;185;56;13;1;4;281;22
09210;SÃO LUÍS;0003;0379;174;58;3;2;3;266;26
09210;SÃO LUÍS;0003;0380;162;54;10;3;2;261;30
09210;SÃO LUÍS;0003;0381;182;46;8;4;1;262;21
09210;SÃO LUÍS;0003;0382;178;52;10;2;2;276;32
09210;SÃO LUÍS;0003;0383;172;53;8;2;6;258;17
09210;SÃO LUÍS;0003;0384;162;62;11;2;4;269;28
09210;SÃO LUÍS;0003;0385;162;81;8;1;2;268;14
09210;SÃO LUÍS;0003;0386;161;68;5;1;1;262;26
09210;SÃO LUÍS;0003;0387;162;63;7;2;1;253;18
09210;SÃO LUÍS;0003;0388;166;59;10;2;0;262;25
09210;SÃO LUÍS;0003;0389;201;25;4;8;11;268;19
09210;SÃO LUÍS;0003;0390;217;35;2;4;6;279;15
09210;SÃO LUÍS;0003;0391;207;68;9;2;3;328;39
09210;SÃO LUÍS;0003;0392;200;71;19;3;8;327;26
09210;SÃO LUÍS;0003;0393;200;73;17;2;2;332;38
09210;SÃO LUÍS;0003;0394;207;78;15;3;3;332;26
09210;SÃO LUÍS;0003;0395;234;56;8;3;4;330;25
09210;SÃO LUÍS;0003;0396;198;68;11;2;5;315;31
09210;SÃO LUÍS;0003;0397;195;71;7;3;0;313;37
09210;SÃO LUÍS;0003;0398;193;75;9;1;6;313;29
09210;SÃO LUÍS;0003;0399;211;58;11;1;5;321;35
09210;SÃO LUÍS;0003;0400;204;63;12;2;3;317;33
09210;SÃO LUÍS;0003;0401;190;83;14;8;3;330;32
09210;SÃO LUÍS;0003;0402;212;69;11;2;2;319;23
09210;SÃO LUÍS;0003;0403;208;66;11;3;0;325;37
09210;SÃO LUÍS;0003;0404;189;76;13;2;4;310;26
09210;SÃO LUÍS;0003;0405;206;73;9;5;7;330;30
09210;SÃO LUÍS;0003;0406;199;67;7;4;2;313;34
09210;SÃO LUÍS;0003;0407;195;67;11;3;6;306;24
09210;SÃO LUÍS;0003;0408;202;79;11;3;4;329;30
09210;SÃO LUÍS;0003;0409;209;51;14;2;5;304;23
09210;SÃO LUÍS;0003;0410;204;72;6;1;3;321;35
09210;SÃO LUÍS;0003;0411;182;79;14;2;3;316;36
09210;SÃO LUÍS;0003;0412;192;63;9;5;4;307;34
09210;SÃO LUÍS;0003;0413;189;70;19;3;5;314;28
09210;SÃO LUÍS;0003;0414;204;57;9;3;6;312;33
09210;SÃO LUÍS;0003;0415;201;74;11;1;1;306;18
09210;SÃO LUÍS;0003;0416;210;68;10;1;3;310;18
09210;SÃO LUÍS;0003;0417;180;71;8;6;3;312;44
09210;SÃO LUÍS;0003;0418;198;66;4;2;9;309;30
09210;SÃO LUÍS;0003;0419;197;68;6;4;4;317;38
09210;SÃO LUÍS;0003;0420;210;71;10;1;4;322;26
09210;SÃO LUÍS;0003;0421;194;65;12;2;4;318;41
09210;SÃO LUÍS;0003;0422;184;43;11;3;7;271;23
09210;SÃO LUÍS;0003;0423;158;51;5;4;9;254;27
09210;SÃO LUÍS;0003;0424;182;44;6;3;3;276;38
09210;SÃO LUÍS;0003;0425;183;41;5;4;7;257;17
09210;SÃO LUÍS;0003;0426;178;49;6;3;9;267;22
09210;SÃO LUÍS;0003;0427;182;58;8;6;2;274;18
09210;SÃO LUÍS;0003;0428;185;46;4;4;8;276;29
09210;SÃO LUÍS;0003;0429;178;49;3;0;7;266;29
09210;SÃO LUÍS;0003;0430;191;45;5;4;5;268;18
09210;SÃO LUÍS;0003;0431;185;36;2;5;9;258;21
09210;SÃO LUÍS;0003;0432;179;53;2;6;10;276;26
09210;SÃO LUÍS;0003;0433;172;51;4;2;5;253;19
09210;SÃO LUÍS;0003;0434;192;49;5;5;6;272;15
09210;SÃO LUÍS;0003;0435;174;42;4;4;6;254;24
09210;SÃO LUÍS;0003;0436;176;53;5;4;16;272;18
09210;SÃO LUÍS;0003;0437;182;47;4;4;8;267;22
09210;SÃO LUÍS;0003;0438;183;39;5;3;12;269;27
09210;SÃO LUÍS;0003;0439;177;56;7;2;3;263;18
09210;SÃO LUÍS;0003;0440;185;65;4;7;8;297;28
09210;SÃO LUÍS;0003;0441;210;45;2;3;8;283;15
09210;SÃO LUÍS;0003;0442;205;36;1;2;10;277;23
09210;SÃO LUÍS;0003;0443;187;39;4;7;10;272;25
09210;SÃO LUÍS;0003;0444;197;37;2;8;5;272;23
09210;SÃO LUÍS;0003;0445;168;61;8;1;5;276;33
09210;SÃO LUÍS;0003;0446;169;56;4;1;3;265;32
09210;SÃO LUÍS;0003;0447;155;62;10;3;2;255;23
09210;SÃO LUÍS;0003;0448;168;49;6;4;2;254;25
09210;SÃO LUÍS;0003;0449;171;45;1;1;8;253;27
09210;SÃO LUÍS;0003;0450;186;40;3;5;5;270;31
09210;SÃO LUÍS;0003;0451;179;49;6;5;6;263;18
09210;SÃO LUÍS;0003;0452;191;42;6;4;3;267;21
09210;SÃO LUÍS;0003;0453;182;48;3;4;2;255;16
09210;SÃO LUÍS;0003;0454;194;44;1;5;1;266;21
09210;SÃO LUÍS;0003;0455;191;35;3;6;1;251;15
09210;SÃO LUÍS;0003;0456;172;38;8;1;2;243;22
09210;SÃO LUÍS;0003;0457;178;48;14;3;7;275;25
09210;SÃO LUÍS;0003;0458;180;48;11;3;5;259;12
09210;SÃO LUÍS;0003;0459;167;36;13;3;9;254;26
09210;SÃO LUÍS;0003;0460;177;46;6;5;3;265;28
09210;SÃO LUÍS;0003;0461;175;48;4;1;8;262;26
09210;SÃO LUÍS;0003;0462;189;40;10;2;3;273;29
09210;SÃO LUÍS;0003;0463;172;46;5;6;5;260;26
09210;SÃO LUÍS;0003;0464;177;45;6;2;10;267;27
09210;SÃO LUÍS;0003;0465;163;52;6;3;4;254;26
09210;SÃO LUÍS;0003;0466;177;44;5;2;6;258;24
09210;SÃO LUÍS;0003;0467;178;57;7;4;7;274;21
09210;SÃO LUÍS;0003;0468;187;33;7;1;7;266;31
09210;SÃO LUÍS;0003;0469;179;42;11;1;5;256;18
09210;SÃO LUÍS;0003;0470;170;43;3;10;5;255;24
09210;SÃO LUÍS;0003;0471;181;34;4;1;5;251;26
09210;SÃO LUÍS;0003;0472;176;42;6;7;7;257;19
09210;SÃO LUÍS;0003;0473;167;44;9;1;7;255;27
09210;SÃO LUÍS;0003;0474;171;40;8;1;7;247;20
09210;SÃO LUÍS;0003;0475;175;45;9;2;3;256;22
09210;SÃO LUÍS;0003;0476;172;38;7;3;7;256;29
09210;SÃO LUÍS;0003;0477;177;36;5;4;9;249;18
09210;SÃO LUÍS;0003;0478;167;43;7;1;7;253;28
09210;SÃO LUÍS;0003;0479;180;44;11;2;8;271;26
09210;SÃO LUÍS;0003;0480;219;59;6;6;6;336;40
09210;SÃO LUÍS;0003;0481;206;61;11;4;7;328;39
09210;SÃO LUÍS;0003;0482;215;60;9;3;6;331;38
09210;SÃO LUÍS;0003;0483;221;53;9;5;7;335;40
09210;SÃO LUÍS;0003;0484;207;58;6;3;9;315;32
09210;SÃO LUÍS;0003;0485;200;50;7;6;9;316;44
09210;SÃO LUÍS;0003;0486;218;49;7;3;14;321;30
09210;SÃO LUÍS;0003;0487;172;50;12;5;9;287;39
09210;SÃO LUÍS;0003;0488;176;64;5;3;3;292;41
09210;SÃO LUÍS;0003;0489;190;55;10;3;5;298;35
09210;SÃO LUÍS;0003;0490;181;55;11;4;5;289;33
09210;SÃO LUÍS;0003;0491;190;58;12;3;7;293;23
09210;SÃO LUÍS;0003;0492;195;55;13;3;5;303;32
09210;SÃO LUÍS;0003;0493;177;53;7;7;11;298;43
09210;SÃO LUÍS;0003;0494;116;44;8;3;3;200;26
09210;SÃO LUÍS;0003;0495;124;43;6;2;5;190;10
09210;SÃO LUÍS;0003;0496;117;54;9;1;2;199;16
09210;SÃO LUÍS;0003;0497;139;37;2;4;1;203;20
09210;SÃO LUÍS;0003;0498;127;38;8;1;4;190;12
09210;SÃO LUÍS;0003;0499;103;42;7;2;4;173;15
09210;SÃO LUÍS;0003;0500;128;37;8;1;4;198;20
09210;SÃO LUÍS;0003;0501;133;43;8;2;2;217;29
09210;SÃO LUÍS;0003;0502;123;49;10;3;6;210;19
09210;SÃO LUÍS;0003;0503;131;41;8;1;2;200;17
09210;SÃO LUÍS;0003;0504;129;35;6;1;4;199;24
09210;SÃO LUÍS;0003;0505;178;52;3;6;15;276;22
09210;SÃO LUÍS;0003;0506;188;49;3;5;13;280;22
09210;SÃO LUÍS;0003;0507;185;54;6;9;9;288;25
09210;SÃO LUÍS;0003;0508;205;52;2;2;5;292;26
09210;SÃO LUÍS;0003;0509;190;47;5;3;6;279;28
09210;SÃO LUÍS;0003;0510;205;51;6;5;3;285;15
09210;SÃO LUÍS;0003;0511;191;54;4;4;9;274;12
09210;SÃO LUÍS;0003;0512;197;40;6;7;11;279;18
09210;SÃO LUÍS;0003;0513;204;46;3;13;10;292;16
09210;SÃO LUÍS;0003;0514;197;52;3;2;12;285;19
09210;SÃO LUÍS;0003;0515;208;39;1;5;6;275;16
09210;SÃO LUÍS;0003;0516;199;50;2;6;7;286;22
09210;SÃO LUÍS;0003;0517;205;50;5;4;6;286;16
09210;SÃO LUÍS;0003;0518;185;49;4;3;9;273;23
09210;SÃO LUÍS;0003;0519;189;57;6;4;7;284;21
09210;SÃO LUÍS;0003;0520;217;55;7;2;11;309;17
09210;SÃO LUÍS;0003;0521;211;65;12;3;7;336;38
09210;SÃO LUÍS;0003;0522;207;71;7;3;8;332;36
09210;SÃO LUÍS;0003;0523;202;66;7;5;8;321;33
09210;SÃO LUÍS;0003;0524;211;61;11;3;3;323;34
09210;SÃO LUÍS;0003;0525;229;48;6;10;5;326;28
09210;SÃO LUÍS;0003;0526;230;62;5;4;5;334;28
09210;SÃO LUÍS;0003;0527;165;37;5;3;8;248;30
09210;SÃO LUÍS;0003;0528;170;31;4;2;5;241;29
09210;SÃO LUÍS;0003;0529;181;31;1;3;8;243;19
09210;SÃO LUÍS;0003;0530;180;32;3;3;3;244;23
09210;SÃO LUÍS;0003;0531;173;42;2;2;4;248;25
09210;SÃO LUÍS;0003;0532;173;43;2;10;4;258;26
09210;SÃO LUÍS;0003;0533;175;40;5;2;9;259;28
09210;SÃO LUÍS;0003;0534;185;30;5;3;4;247;20
09210;SÃO LUÍS;0003;0535;189;35;2;5;7;253;15
09210;SÃO LUÍS;0003;0536;179;25;4;0;5;244;31
09210;SÃO LUÍS;0003;0537;205;51;5;5;13;301;22
09210;SÃO LUÍS;0003;0538;206;52;5;7;8;300;22
09210;SÃO LUÍS;0003;0539;209;39;6;7;10;295;24
09210;SÃO LUÍS;0003;0540;205;43;3;8;12;296;25
09210;SÃO LUÍS;0003;0541;207;45;3;7;11;297;24
09210;SÃO LUÍS;0003;0542;196;50;3;6;7;284;22
09210;SÃO LUÍS;0003;0543;209;61;3;8;4;308;23
09210;SÃO LUÍS;0003;0544;207;51;5;7;9;302;23
09210;SÃO LUÍS;0003;0545;197;54;7;5;5;298;30
09210;SÃO LUÍS;0003;0546;215;57;4;4;9;313;24
09210;SÃO LUÍS;0003;0547;225;37;5;5;9;307;26
09210;SÃO LUÍS;0003;0548;197;60;4;8;12;299;18
09210;SÃO LUÍS;0003;0549;233;47;4;3;8;318;23
09210;SÃO LUÍS;0003;0550;209;62;4;5;11;311;20
09210;SÃO LUÍS;0003;0551;168;37;12;3;5;255;30
09210;SÃO LUÍS;0003;0552;202;46;10;5;4;283;16
09210;SÃO LUÍS;0003;0553;244;39;3;4;6;320;24
09210;SÃO LUÍS;0003;0554;187;41;8;4;2;267;25
09210;SÃO LUÍS;0003;0555;210;69;9;8;2;322;24
09210;SÃO LUÍS;0003;0556;243;38;7;7;6;324;23
09210;SÃO LUÍS;0003;0557;167;51;12;1;4;268;33
09210;SÃO LUÍS;0003;0558;182;32;1;3;9;248;21
09210;SÃO LUÍS;0003;0559;229;45;3;6;6;307;18
09210;SÃO LUÍS;0003;0560;194;42;7;1;3;270;23
09210;SÃO LUÍS;0003;0561;242;34;6;9;11;321;19
09210;SÃO LUÍS;0003;0562;163;59;8;1;4;267;32
09210;SÃO LUÍS;0003;0563;206;34;3;4;4;271;20
09210;SÃO LUÍS;0003;0564;190;36;10;6;5;279;32
09210;SÃO LUÍS;0003;0565;190;41;8;10;3;272;20
09210;SÃO LUÍS;0003;0566;186;32;2;5;5;246;16
09210;SÃO LUÍS;0003;0567;203;28;4;15;7;276;19
09210;SÃO LUÍS;0003;0568;123;49;3;4;2;203;22
09210;SÃO LUÍS;0003;0569;126;42;9;2;2;209;28
09210;SÃO LUÍS;0003;0570;131;38;10;2;7;204;16
09210;SÃO LUÍS;0003;0571;146;68;5;0;0;240;21
09210;SÃO LUÍS;0003;0572;140;70;1;0;2;235;22
09210;SÃO LUÍS;0003;0573;153;51;7;1;2;245;31
09210;SÃO LUÍS;0003;0574;157;55;6;0;1;240;21
09210;SÃO LUÍS;0010;0001;157;36;5;4;6;230;22
09210;SÃO LUÍS;0010;0002;158;39;4;10;2;247;34
09210;SÃO LUÍS;0010;0003;171;43;6;1;6;252;25
09210;SÃO LUÍS;0010;0004;159;39;5;1;8;232;20
09210;SÃO LUÍS;0010;0005;161;34;4;5;6;230;20
09210;SÃO LUÍS;0010;0006;166;34;4;5;7;248;32
09210;SÃO LUÍS;0010;0007;154;39;2;3;7;233;28
09210;SÃO LUÍS;0010;0008;155;38;4;3;9;238;29
09210;SÃO LUÍS;0010;0009;167;29;6;2;4;233;25
09210;SÃO LUÍS;0010;0010;155;37;2;5;8;234;27
09210;SÃO LUÍS;0010;0011;172;38;4;2;4;243;23
09210;SÃO LUÍS;0010;0012;171;41;4;1;7;250;26
09210;SÃO LUÍS;0010;0014;186;31;3;6;6;251;19
09210;SÃO LUÍS;0010;0016;226;35;3;6;5;292;17
09210;SÃO LUÍS;0010;0017;231;36;1;8;7;300;17
09210;SÃO LUÍS;0010;0018;221;29;6;5;12;292;19
09210;SÃO LUÍS;0010;0019;205;41;4;5;7;293;31
09210;SÃO LUÍS;0010;0020;155;31;2;4;3;218;23
09210;SÃO LUÍS;0010;0021;158;25;7;2;6;218;20
09210;SÃO LUÍS;0010;0022;165;30;6;2;9;230;18
09210;SÃO LUÍS;0010;0023;148;36;3;5;5;216;19
09210;SÃO LUÍS;0010;0024;159;33;1;7;3;211;8
09210;SÃO LUÍS;0010;0025;153;31;3;4;7;215;17
09210;SÃO LUÍS;0010;0026;145;31;0;7;5;207;19
09210;SÃO LUÍS;0010;0027;239;61;4;5;1;334;24
09210;SÃO LUÍS;0010;0028;230;54;6;4;5;325;26
09210;SÃO LUÍS;0010;0029;234;58;5;4;7;335;27
09210;SÃO LUÍS;0010;0039;168;39;2;8;7;246;22
09210;SÃO LUÍS;0010;0040;189;25;4;6;13;255;18
09210;SÃO LUÍS;0010;0041;203;41;7;2;5;270;12
09210;SÃO LUÍS;0010;0042;178;43;3;6;4;249;15
09210;SÃO LUÍS;0010;0043;163;38;2;11;11;254;29
09210;SÃO LUÍS;0010;0044;193;42;2;4;8;272;23
09210;SÃO LUÍS;0010;0062;157;27;5;6;4;230;31
09210;SÃO LUÍS;0010;0063;167;34;2;4;3;229;19
09210;SÃO LUÍS;0010;0064;149;28;3;3;4;214;27
09210;SÃO LUÍS;0010;0065;153;29;5;8;6;225;24
09210;SÃO LUÍS;0010;0066;159;27;2;5;12;226;21
09210;SÃO LUÍS;0010;0067;156;33;3;2;7;227;26
09210;SÃO LUÍS;0010;0068;154;34;5;5;4;214;12
09210;SÃO LUÍS;0010;0069;146;27;3;5;11;212;20
09210;SÃO LUÍS;0010;0070;121;41;6;5;6;210;31
09210;SÃO LUÍS;0010;0071;164;34;3;7;4;224;12
09210;SÃO LUÍS;0010;0072;154;31;2;2;6;214;19
09210;SÃO LUÍS;0010;0073;151;42;1;5;7;225;19
09210;SÃO LUÍS;0010;0074;147;45;0;1;8;216;15
09210;SÃO LUÍS;0010;0268;191;31;2;4;7;259;24
09210;SÃO LUÍS;0010;0279;189;42;7;3;7;281;33
09210;SÃO LUÍS;0010;0281;213;43;3;5;6;301;31
09210;SÃO LUÍS;0010;0282;161;28;7;6;1;225;22
09210;SÃO LUÍS;0010;0308;171;29;4;6;8;237;19
09210;SÃO LUÍS;0010;0310;200;29;1;8;7;261;16
09210;SÃO LUÍS;0010;0319;214;52;7;1;9;311;28
09210;SÃO LUÍS;0010;0320;207;39;4;4;11;285;20
09210;SÃO LUÍS;0010;0321;164;20;4;6;6;223;23
09210;SÃO LUÍS;0010;0339;195;36;5;2;7;271;26
09210;SÃO LUÍS;0010;0362;169;25;3;7;6;224;14
09210;SÃO LUÍS;0010;0364;192;44;5;3;9;270;17
09210;SÃO LUÍS;0010;0379;201;38;4;7;4;272;18
09210;SÃO LUÍS;0010;0399;139;38;3;8;7;216;21
09210;SÃO LUÍS;0010;0400;132;42;1;9;8;210;18
09210;SÃO LUÍS;0010;0401;143;44;4;0;9;215;15
09210;SÃO LUÍS;0010;0402;154;27;4;3;3;205;14
09210;SÃO LUÍS;0010;0403;139;35;1;3;11;214;25
09210;SÃO LUÍS;0010;0404;143;35;2;6;5;204;13
09210;SÃO LUÍS;0010;0405;143;29;4;8;4;207;19
09210;SÃO LUÍS;0010;0406;152;36;2;4;4;211;13
09210;SÃO LUÍS;0010;0407;148;32;2;6;3;212;21
09210;SÃO LUÍS;0010;0408;157;40;1;9;3;226;16
09210;SÃO LUÍS;0010;0409;152;31;1;7;4;217;22
09210;SÃO LUÍS;0010;0410;155;41;3;5;5;227;18
09210;SÃO LUÍS;0010;0429;218;50;1;4;8;307;26
09210;SÃO LUÍS;0010;0430;218;38;5;5;11;297;20
09210;SÃO LUÍS;0010;0431;201;40;5;8;6;298;38
09210;SÃO LUÍS;0010;0432;214;36;2;1;5;280;22
09210;SÃO LUÍS;0010;0433;218;44;4;8;4;297;19
09210;SÃO LUÍS;0010;0434;233;50;3;2;8;316;20
09210;SÃO LUÍS;0010;0435;218;37;1;3;6;292;27
09210;SÃO LUÍS;0010;0436;225;41;5;4;7;301;19
09210;SÃO LUÍS;0010;0437;246;33;3;4;4;315;25
09210;SÃO LUÍS;0010;0438;234;44;2;6;3;307;18
09210;SÃO LUÍS;0010;0439;254;34;2;1;5;318;22
09210;SÃO LUÍS;0010;0444;241;40;7;2;8;321;23
09210;SÃO LUÍS;0010;0445;173;29;4;2;5;234;21
09210;SÃO LUÍS;0010;0448;228;34;1;12;5;309;29
09210;SÃO LUÍS;0010;0449;231;41;4;7;8;313;22
09210;SÃO LUÍS;0010;0450;215;36;6;6;7;291;21
09210;SÃO LUÍS;0010;0451;200;45;1;5;5;277;21
09210;SÃO LUÍS;0010;0453;157;45;1;4;2;221;12
09210;SÃO LUÍS;0010;0457;253;34;2;5;3;312;15
09210;SÃO LUÍS;0010;0462;230;49;6;7;7;320;21
09210;SÃO LUÍS;0010;0466;222;38;6;7;7;303;23
09210;SÃO LUÍS;0010;0467;220;48;4;10;14;319;23
09210;SÃO LUÍS;0010;0468;209;43;3;0;4;270;11
09210;SÃO LUÍS;0010;0470;210;35;3;3;6;268;11
09210;SÃO LUÍS;0010;0471;223;42;4;3;3;299;24
09210;SÃO LUÍS;0010;0474;227;49;3;5;1;301;16
09210;SÃO LUÍS;0010;0476;228;40;0;4;6;307;29
09210;SÃO LUÍS;0010;0477;241;41;7;9;5;316;13
09210;SÃO LUÍS;0010;0478;230;34;4;4;6;300;22
09210;SÃO LUÍS;0010;0479;217;53;6;2;6;305;21
09210;SÃO LUÍS;0010;0480;154;33;2;4;6;214;15
09210;SÃO LUÍS;0010;0481;161;35;4;6;4;234;24
09210;SÃO LUÍS;0010;0485;235;38;7;4;3;301;14
09210;SÃO LUÍS;0010;0486;169;21;6;3;4;223;20
09210;SÃO LUÍS;0010;0487;226;48;3;5;5;309;22
09210;SÃO LUÍS;0010;0490;185;33;2;0;7;251;24
09210;SÃO LUÍS;0010;0494;245;34;2;3;6;309;19
09210;SÃO LUÍS;0010;0495;157;32;1;6;9;217;12
09210;SÃO LUÍS;0010;0496;234;45;4;4;3;318;28
09210;SÃO LUÍS;0010;0497;230;33;4;2;6;288;13
09210;SÃO LUÍS;0010;0498;219;53;7;8;7;317;23
09210;SÃO LUÍS;0010;0501;156;29;0;4;8;211;14
09210;SÃO LUÍS;0010;0502;212;63;5;10;5;324;29
09210;SÃO LUÍS;0010;0504;240;56;1;4;7;326;18
09210;SÃO LUÍS;0010;0505;229;31;3;10;9;299;17
09210;SÃO LUÍS;0010;0506;222;30;2;4;1;281;22
09210;SÃO LUÍS;0010;0507;224;38;5;7;5;303;24
09210;SÃO LUÍS;0010;0508;223;34;8;6;17;309;21
09210;SÃO LUÍS;0010;0510;219;48;6;6;11;308;18
09210;SÃO LUÍS;0010;0514;224;33;2;8;8;295;20
09210;SÃO LUÍS;0010;0515;169;24;4;3;5;220;15
09210;SÃO LUÍS;0010;0518;245;53;2;4;7;330;19
09210;SÃO LUÍS;0010;0519;247;31;1;7;5;307;16
09210;SÃO LUÍS;0010;0522;232;29;4;3;9;289;12
09210;SÃO LUÍS;0010;0523;184;39;3;4;3;252;19
09210;SÃO LUÍS;0010;0524;252;43;4;5;10;332;18
09210;SÃO LUÍS;0010;0526;215;53;3;9;7;305;18
09210;SÃO LUÍS;0010;0527;254;41;2;3;7;338;31
09210;SÃO LUÍS;0010;0528;164;26;3;6;5;224;20
09210;SÃO LUÍS;0010;0530;237;26;6;6;3;297;19
09210;SÃO LUÍS;0010;0535;263;45;1;5;6;339;19
09210;SÃO LUÍS;0010;0537;243;53;5;4;7;337;25
09210;SÃO LUÍS;0010;0542;138;22;3;4;4;185;14
09210;SÃO LUÍS;0010;0543;160;42;3;2;7;234;20
09210;SÃO LUÍS;0010;0544;126;38;4;2;7;193;16
09210;SÃO LUÍS;0010;0545;220;52;1;5;7;303;18
09210;SÃO LUÍS;0010;0550;207;27;2;5;3;255;11
09210;SÃO LUÍS;0010;0551;246;42;4;5;9;333;27
09210;SÃO LUÍS;0010;0554;257;57;1;5;9;338;9
09210;SÃO LUÍS;0010;0556;196;46;1;5;3;265;14
09210;SÃO LUÍS;0010;0557;237;42;3;5;10;313;16
09210;SÃO LUÍS;0010;0559;251;47;4;3;5;325;15
09210;SÃO LUÍS;0010;0560;171;28;4;0;7;221;11
09210;SÃO LUÍS;0010;0564;242;45;3;4;6;321;21
09210;SÃO LUÍS;0010;0568;243;49;4;5;10;335;24
09210;SÃO LUÍS;0010;0570;238;47;3;7;6;313;12
09210;SÃO LUÍS;0010;0571;184;34;7;5;3;248;15
09210;SÃO LUÍS;0010;0572;255;41;5;1;5;322;15
09210;SÃO LUÍS;0010;0573;210;22;4;2;5;252;9
09210;SÃO LUÍS;0010;0574;255;39;1;6;3;325;21
09210;SÃO LUÍS;0010;0575;215;36;6;2;4;284;21
09210;SÃO LUÍS;0010;0578;258;29;3;9;9;333;25
09210;SÃO LUÍS;0010;0579;244;63;3;4;5;340;21
09210;SÃO LUÍS;0010;0581;165;30;5;9;4;234;21
09210;SÃO LUÍS;0010;0583;195;31;4;1;6;255;18
09210;SÃO LUÍS;0010;0585;227;54;8;2;10;338;37
09210;SÃO LUÍS;0010;0587;209;47;3;6;7;303;31
09210;SÃO LUÍS;0010;0590;152;15;5;4;4;190;10
09210;SÃO LUÍS;0010;0591;223;31;2;2;8;280;14
09210;SÃO LUÍS;0010;0592;244;58;0;3;7;330;18
09210;SÃO LUÍS;0010;0593;253;43;8;3;4;333;22
09210;SÃO LUÍS;0010;0596;173;50;2;6;7;244;6
09210;SÃO LUÍS;0010;0597;233;43;2;7;2;306;19
09210;SÃO LUÍS;0010;0598;209;43;0;3;6;275;14
09210;SÃO LUÍS;0010;0608;255;30;8;1;7;312;11
09210;SÃO LUÍS;0010;0609;250;29;5;4;8;316;20
09210;SÃO LUÍS;0010;0610;239;26;5;9;14;310;17
09210;SÃO LUÍS;0010;0611;236;33;4;5;10;306;18
09210;SÃO LUÍS;0010;0612;239;33;2;4;5;302;19
09210;SÃO LUÍS;0010;0613;250;31;1;5;6;303;10
09210;SÃO LUÍS;0010;0614;246;26;10;2;5;306;17
09210;SÃO LUÍS;0010;0615;238;38;8;2;8;310;16
09210;SÃO LUÍS;0010;0616;241;40;3;5;7;322;26
09210;SÃO LUÍS;0010;0617;247;30;4;5;6;308;16
09210;SÃO LUÍS;0010;0618;246;26;4;3;6;302;17
09210;SÃO LUÍS;0010;0619;245;28;4;1;5;299;16
09210;SÃO LUÍS;0010;0620;239;25;1;4;6;293;18
09210;SÃO LUÍS;0010;0621;248;20;4;2;7;303;22
09210;SÃO LUÍS;0010;0622;223;34;9;3;5;288;14
09210;SÃO LUÍS;0010;0623;228;26;5;4;2;286;21
09210;SÃO LUÍS;0010;0624;266;33;1;2;3;326;21
09210;SÃO LUÍS;0010;0625;244;34;7;6;7;316;18
09210;SÃO LUÍS;0010;0626;252;22;3;6;5;305;17
09210;SÃO LUÍS;0010;0627;263;32;4;7;7;327;14
09210;SÃO LUÍS;0010;0628;274;31;2;4;5;328;12
09210;SÃO LUÍS;0010;0629;256;31;3;5;7;317;15
09210;SÃO LUÍS;0010;0645;175;45;2;3;7;251;19
09210;SÃO LUÍS;0010;0647;181;42;5;2;6;264;28
09210;SÃO LUÍS;0010;0649;190;43;1;3;8;260;15
09210;SÃO LUÍS;0010;0651;202;35;4;6;9;274;18
09210;SÃO LUÍS;0010;0653;221;36;3;3;8;287;16
09210;SÃO LUÍS;0010;0655;223;42;1;4;5;288;13
09210;SÃO LUÍS;0010;0657;198;35;3;2;4;260;18
09210;SÃO LUÍS;0010;0658;191;39;5;3;11;270;21
09210;SÃO LUÍS;0010;0659;198;32;6;1;7;269;25
09210;SÃO LUÍS;0010;0660;211;37;1;2;10;278;17
09210;SÃO LUÍS;0010;0661;196;35;4;4;6;262;17
09210;SÃO LUÍS;0010;0662;206;31;4;4;4;264;15
09210;SÃO LUÍS;0010;0663;223;29;6;5;4;283;16
09210;SÃO LUÍS;0010;0664;222;32;5;2;5;284;18
09210;SÃO LUÍS;0010;0665;218;37;2;3;5;283;18
09210;SÃO LUÍS;0010;0666;205;38;4;2;4;271;18
09210;SÃO LUÍS;0010;0667;214;25;2;3;8;264;12
09210;SÃO LUÍS;0010;0668;119;22;3;1;7;162;10
09210;SÃO LUÍS;0010;0669;126;26;4;3;8;178;11
09210;SÃO LUÍS;0010;0670;123;19;2;0;4;163;15
09210;SÃO LUÍS;0010;0671;108;24;2;11;12;169;12
09210;SÃO LUÍS;0010;0672;115;21;1;5;8;162;12
09210;SÃO LUÍS;0010;0673;120;27;2;2;5;168;12
09210;SÃO LUÍS;0010;0674;128;30;0;2;3;172;9
09210;SÃO LUÍS;0010;0675;129;19;4;3;5;175;15
09210;SÃO LUÍS;0010;0676;151;13;1;3;6;181;7
09210;SÃO LUÍS;0010;0683;216;31;2;1;6;276;20
09210;SÃO LUÍS;0010;0684;250;36;3;3;8;307;7
09210;SÃO LUÍS;0010;0685;237;37;4;7;4;307;18
09210;SÃO LUÍS;0010;0686;231;32;4;2;7;292;16
09210;SÃO LUÍS;0010;0687;228;30;0;3;7;284;16
09210;SÃO LUÍS;0010;0688;221;34;1;1;10;278;11
09210;SÃO LUÍS;0010;0695;212;40;3;4;8;287;20
09210;SÃO LUÍS;0010;0696;213;33;3;4;7;277;17
09210;SÃO LUÍS;0010;0697;205;37;4;5;7;277;19
09210;SÃO LUÍS;0010;0698;202;38;3;4;8;280;25
09210;SÃO LUÍS;0010;0699;222;33;5;2;3;287;22
09210;SÃO LUÍS;0010;0700;213;31;1;5;9;274;15
09210;SÃO LUÍS;0010;0701;228;30;4;1;8;290;19
09210;SÃO LUÍS;0010;0702;239;27;3;4;4;290;13
09210;SÃO LUÍS;0010;0703;224;37;1;5;7;291;17
09210;SÃO LUÍS;0010;0704;219;40;0;8;8;294;19
09210;SÃO LUÍS;0010;0705;226;39;2;3;6;286;10
09210;SÃO LUÍS;0010;0706;223;39;1;2;7;285;13
09210;SÃO LUÍS;0010;0707;230;37;1;8;3;292;13
09210;SÃO LUÍS;0010;0708;245;34;1;4;6;301;11
09210;SÃO LUÍS;0010;0709;259;24;1;2;2;302;14
09210;SÃO LUÍS;0010;0710;243;32;1;3;11;299;9
09210;SÃO LUÍS;0010;0711;230;29;2;4;3;290;22
09210;SÃO LUÍS;0010;0712;230;28;0;8;7;289;16
09210;SÃO LUÍS;0010;0713;222;35;3;3;7;282;12
09210;SÃO LUÍS;0010;0714;165;28;1;6;6;219;13
09210;SÃO LUÍS;0010;0715;163;42;2;4;9;235;15
09210;SÃO LUÍS;0010;0716;182;28;4;4;7;239;14
09210;SÃO LUÍS;0010;0717;182;33;0;9;8;240;8
09210;SÃO LUÍS;0010;0718;180;21;0;7;3;225;14
09210;SÃO LUÍS;0010;0719;262;28;0;5;8;319;16
09210;SÃO LUÍS;0010;0720;244;38;1;5;7;307;12
09210;SÃO LUÍS;0010;0721;238;35;3;2;3;298;17
09210;SÃO LUÍS;0010;0722;239;40;2;6;5;307;15
09210;SÃO LUÍS;0010;0723;235;28;3;7;7;296;16
09210;SÃO LUÍS;0010;0724;240;30;4;9;6;307;18
09210;SÃO LUÍS;0010;0725;239;36;1;6;9;309;18
09210;SÃO LUÍS;0010;0726;236;44;2;9;6;313;16
09210;SÃO LUÍS;0010;0727;239;31;3;11;5;307;18
09210;SÃO LUÍS;0010;0728;235;39;3;4;10;314;23
09210;SÃO LUÍS;0010;0729;223;16;6;2;6;275;22
09210;SÃO LUÍS;0010;0730;216;21;1;4;8;267;17
09210;SÃO LUÍS;0010;0731;203;22;1;5;10;263;22
09210;SÃO LUÍS;0010;0732;196;29;4;7;10;268;22
09210;SÃO LUÍS;0010;0733;230;22;1;3;11;285;18
09210;SÃO LUÍS;0010;0734;206;21;1;3;11;261;19
09210;SÃO LUÍS;0010;0735;210;30;0;5;3;269;21
09210;SÃO LUÍS;0010;0736;218;21;2;7;6;272;18
09210;SÃO LUÍS;0010;0737;230;26;3;1;8;281;13
09210;SÃO LUÍS;0010;0738;234;15;1;4;4;266;8
09210;SÃO LUÍS;0010;0739;241;25;0;4;4;292;18
09210;SÃO LUÍS;0010;0740;228;17;0;4;9;271;13
09210;SÃO LUÍS;0010;0741;212;20;1;2;7;257;15
09210;SÃO LUÍS;0010;0742;229;20;1;5;5;278;18
09210;SÃO LUÍS;0010;0743;225;21;1;4;4;274;19
09210;SÃO LUÍS;0010;0744;227;18;5;3;3;268;12
09210;SÃO LUÍS;0010;0745;234;38;2;4;6;302;18
09210;SÃO LUÍS;0010;0746;246;36;2;3;8;320;25
09210;SÃO LUÍS;0010;0747;241;29;2;7;9;319;31
09210;SÃO LUÍS;0010;0748;256;38;3;3;5;324;19
09210;SÃO LUÍS;0010;0749;249;47;1;5;5;322;15
09210;SÃO LUÍS;0010;0750;249;33;5;4;5;314;18
09210;SÃO LUÍS;0010;0751;260;36;0;2;4;315;13
09210;SÃO LUÍS;0010;0752;264;38;2;10;2;332;16
09210;SÃO LUÍS;0010;0753;252;32;1;5;8;309;11
09210;SÃO LUÍS;0010;0754;257;26;1;4;2;305;15
09210;SÃO LUÍS;0010;0755;240;33;1;3;11;306;18
09210;SÃO LUÍS;0010;0756;208;40;1;4;5;279;21
09210;SÃO LUÍS;0010;0757;233;30;2;5;3;287;14
09210;SÃO LUÍS;0010;0758;230;34;1;5;4;299;25
09210;SÃO LUÍS;0010;0759;235;34;1;4;5;289;10
09210;SÃO LUÍS;0010;0760;224;32;1;3;7;284;17
09210;SÃO LUÍS;0010;0761;234;31;0;5;11;298;17
09210;SÃO LUÍS;0010;0762;208;38;1;5;7;274;15
09210;SÃO LUÍS;0010;0764;163;47;0;3;4;230;13
09210;SÃO LUÍS;0010;0765;148;48;1;4;10;223;12
09210;SÃO LUÍS;0010;0766;175;44;1;3;5;239;11
09210;SÃO LUÍS;0010;0767;206;31;0;3;7;277;30
09210;SÃO LUÍS;0010;0768;208;27;0;6;12;284;31
09210;SÃO LUÍS;0010;0769;208;23;4;2;4;269;28
09210;SÃO LUÍS;0010;0770;214;25;2;2;8;268;17
09210;SÃO LUÍS;0010;0771;211;28;2;5;10;268;12
09210;SÃO LUÍS;0010;0772;219;25;0;3;10;277;20
09210;SÃO LUÍS;0010;0773;209;28;2;5;4;260;12
09210;SÃO LUÍS;0010;0774;156;90;0;2;7;276;21
09210;SÃO LUÍS;0010;0775;140;84;6;0;5;246;11
09210;SÃO LUÍS;0010;0777;178;28;15;3;6;247;17
09210;SÃO LUÍS;0010;0779;165;36;2;1;8;227;15
09210;SÃO LUÍS;0010;0780;147;42;2;5;7;211;8
09210;SÃO LUÍS;0010;0782;168;32;1;3;2;214;8
09210;SÃO LUÍS;0010;0783;149;44;0;5;5;218;15
09210;SÃO LUÍS;0010;0784;214;20;1;7;12;278;24
09210;SÃO LUÍS;0010;0785;232;19;1;3;9;282;18
09210;SÃO LUÍS;0010;0786;249;17;3;1;7;294;17
09210;SÃO LUÍS;0010;0787;239;24;0;4;9;289;13
09210;SÃO LUÍS;0010;0788;241;17;1;7;6;286;14
09210;SÃO LUÍS;0010;0789;223;20;4;7;9;277;14
09210;SÃO LUÍS;0010;0790;238;17;1;7;6;290;21
09210;SÃO LUÍS;0010;0791;243;18;3;5;6;285;10
09210;SÃO LUÍS;0010;0792;245;21;2;5;7;289;9
09210;SÃO LUÍS;0010;0793;233;27;2;2;8;287;15
09210;SÃO LUÍS;0010;0794;232;27;1;2;4;286;20
09210;SÃO LUÍS;0010;0795;248;14;1;5;8;288;12
09210;SÃO LUÍS;0010;0796;182;49;4;7;4;266;20
09210;SÃO LUÍS;0010;0797;223;45;4;3;3;291;13
09210;SÃO LUÍS;0010;0798;191;48;2;8;3;259;7
09210;SÃO LUÍS;0010;0799;194;47;5;6;6;271;13
09210;SÃO LUÍS;0010;0800;238;27;0;2;6;289;16
09210;SÃO LUÍS;0010;0801;241;27;0;4;3;288;13
09210;SÃO LUÍS;0010;0802;241;27;2;2;6;292;14
09210;SÃO LUÍS;0010;0803;254;33;2;5;6;309;9
09210;SÃO LUÍS;0010;0804;227;27;0;2;9;280;15
09210;SÃO LUÍS;0010;0805;231;29;1;6;4;283;12
09210;SÃO LUÍS;0010;0806;237;27;1;5;13;292;9
09210;SÃO LUÍS;0010;0807;222;26;2;7;2;275;16
09210;SÃO LUÍS;0010;0808;102;38;5;9;5;220;61
09210;SÃO LUÍS;0010;0809;126;32;2;9;3;217;45
09210;SÃO LUÍS;0010;0810;228;37;1;2;12;300;20
09210;SÃO LUÍS;0010;0811;235;26;1;3;7;290;18
09210;SÃO LUÍS;0010;0812;241;24;0;1;12;294;16
09210;SÃO LUÍS;0010;0813;256;20;2;5;5;303;15
09210;SÃO LUÍS;0010;0814;226;31;2;3;9;287;16
09210;SÃO LUÍS;0010;0815;231;30;1;5;12;291;12
09210;SÃO LUÍS;0010;0816;236;26;1;3;13;291;12
09210;SÃO LUÍS;0010;0817;85;22;2;2;6;123;6
09210;SÃO LUÍS;0010;0818;71;21;2;5;8;114;7
09210;SÃO LUÍS;0010;0819;202;42;8;5;9;280;14
09210;SÃO LUÍS;0010;0820;214;27;7;5;9;286;24
09210;SÃO LUÍS;0010;0821;228;28;5;10;9;310;30
09210;SÃO LUÍS;0010;0822;217;31;10;5;6;293;24
09210;SÃO LUÍS;0010;0823;227;27;5;8;9;296;20
09210;SÃO LUÍS;0010;0824;237;23;5;1;6;299;27
09210;SÃO LUÍS;0010;0825;205;35;4;6;10;285;25
09210;SÃO LUÍS;0010;0826;232;24;4;7;7;291;17
09210;SÃO LUÍS;0010;0827;238;33;3;3;7;303;19
09210;SÃO LUÍS;0010;0828;229;21;3;5;8;285;19
09210;SÃO LUÍS;0010;0829;213;34;2;4;8;280;19
09210;SÃO LUÍS;0010;0830;211;32;1;8;4;271;15
09210;SÃO LUÍS;0010;0831;230;23;2;7;5;289;22
09210;SÃO LUÍS;0010;0832;224;23;1;5;8;279;18
09210;SÃO LUÍS;0010;0833;231;24;0;3;3;273;12
09210;SÃO LUÍS;0010;0834;220;21;1;3;8;276;23
09210;SÃO LUÍS;0010;0835;223;24;3;3;4;274;17
09210;SÃO LUÍS;0010;0838;142;112;0;2;2;269;11
09210;SÃO LUÍS;0010;0839;231;59;4;3;5;327;25
09210;SÃO LUÍS;0010;0840;149;24;3;2;5;198;15
09210;SÃO LUÍS;0010;0841;241;29;4;7;3;299;15
09210;SÃO LUÍS;0010;0842;258;40;4;8;3;324;11
09210;SÃO LUÍS;0010;0843;136;47;1;1;6;203;12
09210;SÃO LUÍS;0010;0844;66;39;0;11;4;163;43
09210;SÃO LUÍS;0010;0845;57;25;1;22;2;159;52
09210;SÃO LUÍS;0010;0847;224;24;2;9;7;280;14
09210;SÃO LUÍS;0010;0848;223;33;4;3;2;283;18
09210;SÃO LUÍS;0010;0849;261;22;1;4;3;301;10
09210;SÃO LUÍS;0010;0850;229;20;0;2;4;265;10
09210;SÃO LUÍS;0010;0851;228;58;3;8;7;335;31
09210;SÃO LUÍS;0010;0852;229;35;1;5;2;282;10
09210;SÃO LUÍS;0010;0853;190;47;1;7;8;264;11
09210;SÃO LUÍS;0010;0854;214;21;3;2;5;260;15
09210;SÃO LUÍS;0010;0855;219;30;0;10;8;279;12
09210;SÃO LUÍS;0010;0856;214;31;2;4;4;275;20
09210;SÃO LUÍS;0010;0857;216;33;1;5;6;280;19
09210;SÃO LUÍS;0010;0858;235;28;0;11;3;291;14
09210;SÃO LUÍS;0010;0859;232;42;1;6;5;294;8
09210;SÃO LUÍS;0010;0860;177;29;1;6;8;243;22
09210;SÃO LUÍS;0010;0861;230;37;1;10;7;302;17
09210;SÃO LUÍS;0010;0862;220;43;5;5;6;294;15
09210;SÃO LUÍS;0010;0863;240;40;2;10;6;318;20
09210;SÃO LUÍS;0010;0864;232;55;2;10;6;330;25
09210;SÃO LUÍS;0010;0865;217;20;1;7;7;268;16
09210;SÃO LUÍS;0010;0866;213;35;5;4;7;281;17
09210;SÃO LUÍS;0010;0867;171;51;0;4;5;243;12
09210;SÃO LUÍS;0010;0868;220;30;2;7;3;281;19
09210;SÃO LUÍS;0010;0870;250;26;0;1;9;296;10
09210;SÃO LUÍS;0010;0871;235;27;4;6;6;295;17
09210;SÃO LUÍS;0010;0872;231;22;0;1;3;274;17
09210;SÃO LUÍS;0010;0873;240;13;0;3;10;278;12
09210;SÃO LUÍS;0010;0874;237;44;1;3;5;307;17
09210;SÃO LUÍS;0010;0875;233;26;1;6;10;296;20
09210;SÃO LUÍS;0010;0876;226;26;0;4;3;269;10
09210;SÃO LUÍS;0010;0877;88;36;1;4;3;139;7
09210;SÃO LUÍS;0010;0878;227;32;4;3;4;290;20
09210;SÃO LUÍS;0010;0879;251;37;1;3;3;310;15
09210;SÃO LUÍS;0010;0880;40;11;0;1;4;61;5
09210;SÃO LUÍS;0010;0881;151;104;0;4;3;276;14
09210;SÃO LUÍS;0010;0883;225;10;2;3;3;248;5
09210;SÃO LUÍS;0010;0884;248;39;0;6;3;314;18
09210;SÃO LUÍS;0010;0885;256;43;0;2;9;325;15
09210;SÃO LUÍS;0010;0886;78;12;0;0;2;96;4
09210;SÃO LUÍS;0010;0887;24;5;0;0;1;32;2
09210;SÃO LUÍS;0010;0888;274;51;2;2;8;350;13
09210;SÃO LUÍS;0010;0889;34;6;0;0;2;44;2
09210;SÃO LUÍS;0010;0890;150;10;1;3;0;178;14
09210;SÃO LUÍS;0010;0892;148;50;3;0;3;235;31
09210;SÃO LUÍS;0010;0893;167;49;6;0;1;236;13
09210;SÃO LUÍS;0010;0894;156;41;5;0;3;228;23
09210;SÃO LUÍS;0010;0895;163;47;10;1;1;243;21
09210;SÃO LUÍS;0076;0040;196;56;10;2;8;309;37
09210;SÃO LUÍS;0076;0042;206;47;10;5;6;311;37
09210;SÃO LUÍS;0076;0044;178;55;8;3;8;296;44
09210;SÃO LUÍS;0076;0046;216;46;17;2;13;328;34
09210;SÃO LUÍS;0076;0047;207;65;9;4;6;318;27
09210;SÃO LUÍS;0076;0048;218;56;10;3;3;325;35
09210;SÃO LUÍS;0076;0049;221;49;8;3;7;317;29
09210;SÃO LUÍS;0076;0050;211;45;11;4;8;315;36
09210;SÃO LUÍS;0076;0051;203;51;14;3;6;305;28
09210;SÃO LUÍS;0076;0052;218;53;10;1;5;309;22
09210;SÃO LUÍS;0076;0053;213;42;15;2;6;315;37
09210;SÃO LUÍS;0076;0054;213;60;13;4;4;322;28
09210;SÃO LUÍS;0076;0080;209;61;7;8;4;325;36
09210;SÃO LUÍS;0076;0081;222;55;12;3;5;332;35
09210;SÃO LUÍS;0076;0082;220;66;12;1;5;333;29
09210;SÃO LUÍS;0076;0083;203;56;10;3;9;319;38
09210;SÃO LUÍS;0076;0084;216;65;10;10;6;342;35
09210;SÃO LUÍS;0076;0085;224;55;6;5;2;332;40
09210;SÃO LUÍS;0076;0086;203;68;8;8;5;320;28
09210;SÃO LUÍS;0076;0087;206;62;4;3;10;313;28
09210;SÃO LUÍS;0076;0088;211;57;5;7;8;319;31
09210;SÃO LUÍS;0076;0089;216;60;6;5;4;326;35
09210;SÃO LUÍS;0076;0090;226;55;3;3;11;328;30
09210;SÃO LUÍS;0076;0096;209;79;9;6;9;348;36
09210;SÃO LUÍS;0076;0114;237;50;9;5;4;340;35
09210;SÃO LUÍS;0076;0122;227;48;12;5;11;340;37
09210;SÃO LUÍS;0076;0126;232;32;9;7;2;309;27
09210;SÃO LUÍS;0076;0136;230;33;11;2;9;320;35
09210;SÃO LUÍS;0076;0180;205;56;13;2;7;318;35
09210;SÃO LUÍS;0076;0182;245;51;8;6;6;344;28
09210;SÃO LUÍS;0076;0186;222;51;5;5;6;330;41
09210;SÃO LUÍS;0076;0187;213;48;10;10;5;321;35
09210;SÃO LUÍS;0076;0191;237;56;6;4;5;338;30
09210;SÃO LUÍS;0076;0194;208;48;8;7;6;308;31
09210;SÃO LUÍS;0076;0196;209;70;5;4;5;325;32
09210;SÃO LUÍS;0076;0197;214;56;8;2;8;331;43
09210;SÃO LUÍS;0076;0201;239;45;5;4;5;331;33
09210;SÃO LUÍS;0076;0208;224;38;10;5;5;309;27
09210;SÃO LUÍS;0076;0209;246;37;9;5;7;328;24
09210;SÃO LUÍS;0076;0210;229;35;7;3;9;312;29
09210;SÃO LUÍS;0076;0211;212;40;10;7;8;293;16
09210;SÃO LUÍS;0076;0227;220;49;4;9;7;318;29
09210;SÃO LUÍS;0076;0228;191;71;15;3;9;320;31
09210;SÃO LUÍS;0076;0237;227;47;4;7;3;315;27
09210;SÃO LUÍS;0076;0245;240;33;4;6;5;315;27
09210;SÃO LUÍS;0076;0251;198;44;2;5;5;278;24
09210;SÃO LUÍS;0076;0255;176;37;3;2;5;247;24
09210;SÃO LUÍS;0076;0261;141;45;11;0;3;227;27
09210;SÃO LUÍS;0076;0264;208;36;3;3;9;273;14
09210;SÃO LUÍS;0076;0267;167;44;7;2;0;251;31
09210;SÃO LUÍS;0076;0268;215;41;5;9;10;309;29
09210;SÃO LUÍS;0076;0269;195;27;4;2;4;258;26
09210;SÃO LUÍS;0076;0273;169;37;8;3;2;251;32
09210;SÃO LUÍS;0076;0274;134;35;5;3;2;192;13
09210;SÃO LUÍS;0076;0275;201;54;9;7;8;315;36
09210;SÃO LUÍS;0076;0278;163;33;9;1;4;237;27
09210;SÃO LUÍS;0076;0282;146;55;11;1;1;247;33
09210;SÃO LUÍS;0076;0284;153;49;11;1;0;237;23
09210;SÃO LUÍS;0076;0288;215;55;15;2;4;317;26
09210;SÃO LUÍS;0076;0289;147;48;8;3;2;238;30
09210;SÃO LUÍS;0076;0290;219;42;7;5;5;297;19
09210;SÃO LUÍS;0076;0295;221;36;6;4;9;311;35
09210;SÃO LUÍS;0076;0296;147;23;6;6;7;217;28
09210;SÃO LUÍS;0076;0297;155;47;4;2;3;251;40
09210;SÃO LUÍS;0076;0299;175;38;9;1;3;258;32
09210;SÃO LUÍS;0076;0300;216;42;7;3;5;305;32
09210;SÃO LUÍS;0076;0302;244;33;6;1;5;304;15
09210;SÃO LUÍS;0076;0303;180;41;8;2;4;265;30
09210;SÃO LUÍS;0076;0304;165;41;8;5;1;248;28
09210;SÃO LUÍS;0076;0307;226;54;1;2;6;314;25
09210;SÃO LUÍS;0076;0309;162;45;16;2;3;254;26
09210;SÃO LUÍS;0076;0311;216;51;11;4;4;320;34
09210;SÃO LUÍS;0076;0312;150;42;2;2;5;219;18
09210;SÃO LUÍS;0076;0315;158;45;9;2;4;243;25
09210;SÃO LUÍS;0076;0316;227;47;3;2;5;308;24
09210;SÃO LUÍS;0076;0318;206;66;11;6;6;325;30
09210;SÃO LUÍS;0076;0321;229;41;5;3;3;301;20
09210;SÃO LUÍS;0076;0324;207;52;9;4;6;308;30
09210;SÃO LUÍS;0076;0325;160;24;6;1;2;203;10
09210;SÃO LUÍS;0076;0326;172;44;8;9;3;257;21
09210;SÃO LUÍS;0076;0327;194;45;3;2;5;270;21
09210;SÃO LUÍS;0076;0328;210;29;2;7;4;265;13
09210;SÃO LUÍS;0076;0329;200;40;4;6;1;274;23
09210;SÃO LUÍS;0076;0330;174;41;4;2;3;251;27
09210;SÃO LUÍS;0076;0331;194;45;7;2;6;271;17
09210;SÃO LUÍS;0076;0332;177;46;9;4;8;261;17
09210;SÃO LUÍS;0076;0333;182;39;7;7;8;268;25
09210;SÃO LUÍS;0076;0334;182;33;3;4;3;261;36
09210;SÃO LUÍS;0076;0345;200;55;9;3;7;303;29
09210;SÃO LUÍS;0076;0346;208;59;5;1;7;314;34
09210;SÃO LUÍS;0076;0347;195;59;16;5;2;324;47
09210;SÃO LUÍS;0076;0348;187;68;13;3;3;304;30
09210;SÃO LUÍS;0076;0349;218;43;8;5;1;311;36
09210;SÃO LUÍS;0076;0350;200;68;9;5;7;326;37
09210;SÃO LUÍS;0076;0351;211;66;7;6;5;324;29
09210;SÃO LUÍS;0076;0352;198;62;6;5;7;311;33
09210;SÃO LUÍS;0076;0354;186;27;5;5;11;252;18
09210;SÃO LUÍS;0076;0357;168;29;12;2;5;235;19
09210;SÃO LUÍS;0076;0359;157;44;9;2;2;238;24
09210;SÃO LUÍS;0076;0361;215;50;5;5;6;302;21
09210;SÃO LUÍS;0076;0362;218;45;8;2;3;299;23
09210;SÃO LUÍS;0076;0364;200;33;4;5;6;275;27
09210;SÃO LUÍS;0076;0365;170;42;7;2;2;241;18
09210;SÃO LUÍS;0076;0367;136;26;7;5;6;190;10
09210;SÃO LUÍS;0076;0368;160;33;10;2;0;225;20
09210;SÃO LUÍS;0076;0369;224;42;11;9;7;317;24
09210;SÃO LUÍS;0076;0370;174;35;5;3;3;237;17
09210;SÃO LUÍS;0076;0372;256;42;4;5;14;344;23
09210;SÃO LUÍS;0076;0373;246;44;5;10;7;331;19
09210;SÃO LUÍS;0076;0374;233;43;5;7;11;318;19
09210;SÃO LUÍS;0076;0375;192;44;8;3;11;282;24
09210;SÃO LUÍS;0076;0376;200;43;10;5;5;284;21
09210;SÃO LUÍS;0076;0377;201;53;11;2;0;296;29
09210;SÃO LUÍS;0076;0378;209;42;5;2;5;278;15
09210;SÃO LUÍS;0076;0379;225;39;5;5;7;298;17
09210;SÃO LUÍS;0076;0380;208;42;5;4;4;285;22
09210;SÃO LUÍS;0076;0381;203;41;7;3;3;284;27
09210;SÃO LUÍS;0076;0382;203;44;7;3;6;280;17
09210;SÃO LUÍS;0076;0383;195;33;8;3;11;276;26
09210;SÃO LUÍS;0076;0384;185;48;7;1;6;266;19
09210;SÃO LUÍS;0076;0385;194;51;5;7;5;281;19
09210;SÃO LUÍS;0076;0386;180;39;7;1;5;262;30
09210;SÃO LUÍS;0076;0387;208;38;4;1;6;281;24
09210;SÃO LUÍS;0076;0388;198;38;3;6;3;273;25
09210;SÃO LUÍS;0076;0389;196;35;4;1;4;273;33
09210;SÃO LUÍS;0076;0390;222;35;7;2;2;289;21
09210;SÃO LUÍS;0076;0391;205;39;8;3;3;284;26
09210;SÃO LUÍS;0076;0392;199;37;4;3;3;271;25
09210;SÃO LUÍS;0076;0393;191;44;13;4;6;279;21
09210;SÃO LUÍS;0076;0394;192;46;6;5;11;281;21
09210;SÃO LUÍS;0076;0395;204;43;4;3;5;281;22
09210;SÃO LUÍS;0076;0396;213;46;9;3;8;310;31
09210;SÃO LUÍS;0076;0397;220;43;4;3;10;314;34
09210;SÃO LUÍS;0076;0398;218;42;8;4;8;325;45
09210;SÃO LUÍS;0076;0399;218;61;11;1;6;331;34
09210;SÃO LUÍS;0076;0400;225;49;6;5;8;324;31
09210;SÃO LUÍS;0076;0401;235;50;6;5;7;339;36
09210;SÃO LUÍS;0076;0402;232;48;7;3;7;329;32
09210;SÃO LUÍS;0076;0403;228;41;6;1;15;332;41
09210;SÃO LUÍS;0076;0404;237;54;4;3;14;336;24
09210;SÃO LUÍS;0076;0405;227;53;10;3;11;336;32
09210;SÃO LUÍS;0076;0406;259;52;5;3;4;346;23
09210;SÃO LUÍS;0076;0407;176;38;10;5;10;273;34
09210;SÃO LUÍS;0076;0408;196;40;9;3;7;277;22
09210;SÃO LUÍS;0076;0409;200;34;10;5;8;287;30
09210;SÃO LUÍS;0076;0410;191;53;4;5;6;284;25
09210;SÃO LUÍS;0076;0411;199;51;7;5;2;284;20
09210;SÃO LUÍS;0076;0412;198;38;6;6;4;274;22
09210;SÃO LUÍS;0076;0413;191;45;7;5;5;280;27
09210;SÃO LUÍS;0076;0414;191;38;7;2;8;271;25
09210;SÃO LUÍS;0076;0415;197;45;5;9;8;286;22
09210;SÃO LUÍS;0076;0416;191;42;2;1;7;276;33
09210;SÃO LUÍS;0076;0417;188;34;7;9;6;275;31
09210;SÃO LUÍS;0076;0418;195;43;6;4;6;285;31
09210;SÃO LUÍS;0076;0419;201;40;11;4;5;285;24
09210;SÃO LUÍS;0076;0420;201;50;8;5;5;282;13
09210;SÃO LUÍS;0076;0421;181;53;5;4;8;280;29
09210;SÃO LUÍS;0076;0422;204;35;2;1;3;284;39
09210;SÃO LUÍS;0076;0423;207;41;2;0;5;283;28
09210;SÃO LUÍS;0076;0424;203;38;7;2;5;281;26
09210;SÃO LUÍS;0076;0425;202;37;4;4;4;279;28
09210;SÃO LUÍS;0076;0426;202;38;3;4;4;275;24
09210;SÃO LUÍS;0076;0427;185;44;1;4;5;264;25
09210;SÃO LUÍS;0076;0428;188;28;4;5;4;257;28
09210;SÃO LUÍS;0076;0429;187;38;4;1;7;260;23
09210;SÃO LUÍS;0076;0430;180;45;6;9;3;265;22
09210;SÃO LUÍS;0076;0431;189;36;3;5;6;263;24
09210;SÃO LUÍS;0076;0432;170;46;8;3;5;267;35
09210;SÃO LUÍS;0076;0433;173;33;12;2;10;267;37
09210;SÃO LUÍS;0076;0434;185;34;8;6;5;267;29
09210;SÃO LUÍS;0076;0435;188;42;5;5;7;281;34
09210;SÃO LUÍS;0076;0436;213;32;2;4;4;284;29
09210;SÃO LUÍS;0076;0437;178;47;5;5;5;266;26
09210;SÃO LUÍS;0076;0438;189;37;8;3;7;264;20
09210;SÃO LUÍS;0076;0439;191;38;8;0;6;269;26
09210;SÃO LUÍS;0076;0440;204;42;1;7;1;274;19
09210;SÃO LUÍS;0076;0441;190;38;3;5;3;268;29
09210;SÃO LUÍS;0076;0442;175;46;7;6;7;261;20
09210;SÃO LUÍS;0076;0443;188;43;6;4;7;280;32
09210;SÃO LUÍS;0076;0444;189;32;4;3;9;277;40
09210;SÃO LUÍS;0076;0445;194;33;6;4;4;267;26
09210;SÃO LUÍS;0076;0446;193;32;10;4;4;267;24
09210;SÃO LUÍS;0076;0447;197;44;4;2;9;277;21
09210;SÃO LUÍS;0076;0448;182;48;8;5;7;275;25
09210;SÃO LUÍS;0076;0449;190;31;6;7;12;273;27
09210;SÃO LUÍS;0076;0450;204;43;5;4;5;282;21
09210;SÃO LUÍS;0076;0451;211;26;4;7;4;280;28
09210;SÃO LUÍS;0076;0452;212;31;6;1;7;275;18
09210;SÃO LUÍS;0076;0453;190;37;5;2;3;263;26
09210;SÃO LUÍS;0076;0454;195;44;3;4;3;271;22
09210;SÃO LUÍS;0076;0455;216;37;2;3;4;279;17
09210;SÃO LUÍS;0076;0456;194;37;7;4;3;264;19
09210;SÃO LUÍS;0076;0457;209;63;8;4;7;315;24
09210;SÃO LUÍS;0076;0458;228;54;5;1;7;328;33
09210;SÃO LUÍS;0076;0459;224;41;6;5;9;315;30
09210;SÃO LUÍS;0076;0460;217;48;6;6;5;314;32
09210;SÃO LUÍS;0076;0461;230;50;9;2;7;327;29
09210;SÃO LUÍS;0076;0462;243;41;3;8;8;327;24
09210;SÃO LUÍS;0076;0463;229;47;6;4;2;319;31
09210;SÃO LUÍS;0076;0464;217;45;4;3;7;304;28
09210;SÃO LUÍS;0076;0465;241;37;5;2;6;320;29
09210;SÃO LUÍS;0076;0466;211;62;11;1;9;320;26
09210;SÃO LUÍS;0076;0467;226;44;7;1;9;312;25
09210;SÃO LUÍS;0076;0468;223;47;7;9;9;322;27
09210;SÃO LUÍS;0076;0469;232;49;4;0;7;315;23
09210;SÃO LUÍS;0076;0470;228;52;9;2;7;327;29
09210;SÃO LUÍS;0076;0471;225;47;5;1;5;311;28
09210;SÃO LUÍS;0076;0472;221;50;4;5;9;311;22
09210;SÃO LUÍS;0076;0473;209;58;4;2;6;320;41
09210;SÃO LUÍS;0076;0474;219;52;8;8;11;327;29
09210;SÃO LUÍS;0076;0475;219;52;2;1;9;317;34
09210;SÃO LUÍS;0076;0476;230;40;9;7;5;309;18
09210;SÃO LUÍS;0076;0477;194;43;8;4;5;275;21
09210;SÃO LUÍS;0076;0478;201;39;2;5;5;281;29
09210;SÃO LUÍS;0076;0479;185;58;2;3;3;280;29
09210;SÃO LUÍS;0076;0480;193;53;6;4;10;287;21
09210;SÃO LUÍS;0076;0481;188;45;0;4;6;263;20
09210;SÃO LUÍS;0076;0482;191;35;5;5;10;267;21
09210;SÃO LUÍS;0076;0483;182;50;4;6;9;268;17
09210;SÃO LUÍS;0076;0484;224;33;4;2;5;294;26
09210;SÃO LUÍS;0076;0485;248;29;3;5;4;308;19
09210;SÃO LUÍS;0076;0486;229;33;1;7;7;304;27
09210;SÃO LUÍS;0076;0487;214;52;4;9;3;304;22
09210;SÃO LUÍS;0076;0488;233;32;7;5;6;302;19
09210;SÃO LUÍS;0076;0489;226;39;4;3;8;300;20
09210;SÃO LUÍS;0076;0490;227;35;4;7;6;298;19
09210;SÃO LUÍS;0076;0491;208;42;7;6;8;298;27
09210;SÃO LUÍS;0076;0492;240;31;3;6;2;300;18
09210;SÃO LUÍS;0076;0493;185;51;3;3;4;268;22
09210;SÃO LUÍS;0076;0494;210;43;6;4;7;294;24
09210;SÃO LUÍS;0076;0495;181;52;9;2;6;274;24
09210;SÃO LUÍS;0076;0496;187;51;8;1;4;275;24
09210;SÃO LUÍS;0076;0497;191;41;2;9;5;270;22
09210;SÃO LUÍS;0076;0498;225;41;6;6;14;311;19
09210;SÃO LUÍS;0076;0499;241;36;5;7;10;329;30
09210;SÃO LUÍS;0076;0500;229;40;4;7;5;319;34
09210;SÃO LUÍS;0076;0501;227;42;3;7;13;322;30
09210;SÃO LUÍS;0076;0502;245;41;3;12;9;332;22
09210;SÃO LUÍS;0076;0503;228;52;2;13;10;321;16
09210;SÃO LUÍS;0076;0504;242;42;7;11;5;337;30
09210;SÃO LUÍS;0076;0505;231;55;3;7;10;333;27
09210;SÃO LUÍS;0076;0506;238;45;5;4;13;320;15
09210;SÃO LUÍS;0076;0507;239;43;1;8;4;317;22
09210;SÃO LUÍS;0076;0508;239;47;2;7;4;314;15
09210;SÃO LUÍS;0076;0509;249;28;3;4;9;314;21
09210;SÃO LUÍS;0076;0510;230;34;3;4;13;309;25
09210;SÃO LUÍS;0076;0511;228;47;2;8;2;311;24
09210;SÃO LUÍS;0076;0512;237;39;3;6;5;323;33
09210;SÃO LUÍS;0076;0513;244;27;4;6;11;315;23
09210;SÃO LUÍS;0076;0514;237;39;4;4;9;314;21
09210;SÃO LUÍS;0076;0515;218;42;1;4;11;309;33
09210;SÃO LUÍS;0076;0516;239;35;4;9;9;324;28
09210;SÃO LUÍS;0076;0517;241;40;0;8;10;320;21
09210;SÃO LUÍS;0076;0518;244;30;1;8;4;325;38
09210;SÃO LUÍS;0076;0519;250;50;5;7;4;340;24
09210;SÃO LUÍS;0076;0520;233;36;3;7;14;321;28
09210;SÃO LUÍS;0076;0521;252;55;10;6;7;350;20
09210;SÃO LUÍS;0076;0522;238;71;5;3;5;348;26
09210;SÃO LUÍS;0076;0523;239;55;9;2;9;347;33
09210;SÃO LUÍS;0076;0524;250;49;5;1;6;356;45
09210;SÃO LUÍS;0076;0525;252;54;12;2;2;352;30
09210;SÃO LUÍS;0076;0526;243;49;6;5;4;341;34
09210;SÃO LUÍS;0076;0527;175;40;9;1;11;268;32
09210;SÃO LUÍS;0076;0528;197;36;6;5;7;281;30
09210;SÃO LUÍS;0076;0529;197;45;8;5;7;281;19
09210;SÃO LUÍS;0076;0530;180;45;5;9;8;280;33
09210;SÃO LUÍS;0076;0531;182;35;7;4;9;270;33
09210;SÃO LUÍS;0076;0532;193;40;9;2;7;271;20
09210;SÃO LUÍS;0076;0533;206;43;3;2;6;288;28
09210;SÃO LUÍS;0076;0534;206;37;6;4;9;286;24
09210;SÃO LUÍS;0076;0535;190;49;11;4;4;283;25
09210;SÃO LUÍS;0076;0536;177;43;5;4;5;258;24
09210;SÃO LUÍS;0076;0537;194;39;10;6;4;280;27
09210;SÃO LUÍS;0076;0538;184;41;9;3;3;263;23
09210;SÃO LUÍS;0076;0539;233;53;8;3;6;326;23
09210;SÃO LUÍS;0076;0540;243;47;7;4;9;329;19
09210;SÃO LUÍS;0076;0541;225;47;6;6;5;319;30
09210;SÃO LUÍS;0076;0542;211;63;5;5;9;326;33
09210;SÃO LUÍS;0076;0543;234;56;4;4;6;333;29
09210;SÃO LUÍS;0076;0544;219;37;6;6;8;309;33
09210;SÃO LUÍS;0076;0545;218;56;8;5;11;330;32
09210;SÃO LUÍS;0076;0546;236;44;11;2;11;333;29
09210;SÃO LUÍS;0076;0547;222;60;8;1;8;339;40
09210;SÃO LUÍS;0076;0548;224;56;9;6;6;330;29
09210;SÃO LUÍS;0076;0549;231;50;7;3;9;335;35
09210;SÃO LUÍS;0076;0550;223;60;7;4;9;337;34
09210;SÃO LUÍS;0076;0551;221;64;5;3;9;330;28
09210;SÃO LUÍS;0076;0552;234;48;11;2;9;324;20
09210;SÃO LUÍS;0076;0553;230;40;8;4;11;309;16
09210;SÃO LUÍS;0076;0554;225;40;8;1;7;306;25
09210;SÃO LUÍS;0076;0555;232;33;4;2;4;306;31
09210;SÃO LUÍS;0076;0556;229;35;5;6;6;305;24
09210;SÃO LUÍS;0076;0557;169;35;3;3;14;240;16
09210;SÃO LUÍS;0076;0558;170;35;5;9;7;253;27
09210;SÃO LUÍS;0076;0559;181;40;2;5;10;253;15
09210;SÃO LUÍS;0076;0560;189;30;3;5;3;246;16
09210;SÃO LUÍS;0076;0561;179;31;0;7;7;237;13
09210;SÃO LUÍS;0076;0562;203;49;1;3;8;287;23
09210;SÃO LUÍS;0076;0563;213;36;6;5;5;286;21
09210;SÃO LUÍS;0076;0564;219;33;1;4;9;289;23
09210;SÃO LUÍS;0076;0565;204;45;6;4;10;290;21
09210;SÃO LUÍS;0076;0566;213;32;2;2;13;284;22
09210;SÃO LUÍS;0076;0567;213;34;2;6;7;283;21
09210;SÃO LUÍS;0076;0568;206;46;4;4;9;289;20
09210;SÃO LUÍS;0076;0569;215;35;7;3;7;284;17
09210;SÃO LUÍS;0076;0570;208;44;5;4;10;282;11
09210;SÃO LUÍS;0076;0571;209;41;3;11;3;290;23
09210;SÃO LUÍS;0076;0572;225;45;1;5;8;299;15
09210;SÃO LUÍS;0076;0573;162;45;10;2;8;252;25
09210;SÃO LUÍS;0076;0574;179;55;5;3;9;273;22
09210;SÃO LUÍS;0076;0575;182;43;3;3;9;272;32
09210;SÃO LUÍS;0076;0576;181;44;9;2;6;267;25
09210;SÃO LUÍS;0076;0577;191;46;5;4;6;272;20
09210;SÃO LUÍS;0076;0578;187;42;4;3;6;267;25
09210;SÃO LUÍS;0076;0579;192;43;5;6;8;278;24
09210;SÃO LUÍS;0076;0580;190;44;5;3;5;276;29
09210;SÃO LUÍS;0076;0581;192;37;8;4;8;272;23
09210;SÃO LUÍS;0076;0582;192;51;4;6;6;283;24
09210;SÃO LUÍS;0076;0583;195;48;7;6;10;289;23
09210;SÃO LUÍS;0076;0584;204;35;5;2;10;273;17
09210;SÃO LUÍS;0076;0585;149;43;6;3;7;229;21
09210;SÃO LUÍS;0076;0586;170;36;5;6;1;239;21
09210;SÃO LUÍS;0076;0587;173;29;4;2;5;240;27
09210;SÃO LUÍS;0076;0588;159;32;2;4;2;230;31
09210;SÃO LUÍS;0076;0589;167;39;0;5;5;235;19
09210;SÃO LUÍS;0076;0590;196;53;7;9;8;299;26
09210;SÃO LUÍS;0076;0591;217;29;10;4;8;294;26
09210;SÃO LUÍS;0076;0592;213;37;9;1;8;289;21
09210;SÃO LUÍS;0076;0593;212;46;4;6;7;287;12
09210;SÃO LUÍS;0076;0594;206;38;10;2;9;299;34
09210;SÃO LUÍS;0076;0595;193;42;3;6;4;264;16
09210;SÃO LUÍS;0076;0596;186;64;11;2;2;296;31
09210;SÃO LUÍS;0076;0597;210;41;8;2;2;286;23
09210;SÃO LUÍS;0076;0598;220;49;4;12;10;319;24
09210;SÃO LUÍS;0076;0599;168;37;8;1;3;245;28
09210;SÃO LUÍS;0076;0600;202;44;8;4;5;288;25
09210;SÃO LUÍS;0076;0601;195;57;3;2;4;288;27
09210;SÃO LUÍS;0076;0602;143;45;12;4;1;230;25
09210;SÃO LUÍS;0076;0603;189;45;6;3;4;271;24
09210;SÃO LUÍS;0076;0605;213;61;8;9;2;324;31
09210;SÃO LUÍS;0076;0606;182;38;2;6;5;251;18
09210;SÃO LUÍS;0076;0607;198;49;10;2;8;284;17
09210;SÃO LUÍS;0076;0609;208;57;10;4;3;311;29
09210;SÃO LUÍS;0076;0610;184;35;6;3;2;260;30
09210;SÃO LUÍS;0076;0611;167;38;6;4;3;245;27
09210;SÃO LUÍS;0076;0612;210;38;8;7;3;286;20
09210;SÃO LUÍS;0076;0614;164;43;1;4;3;230;15
09210;SÃO LUÍS;0076;0615;222;47;3;5;13;309;19
09210;SÃO LUÍS;0076;0616;214;35;5;3;7;287;23
09210;SÃO LUÍS;0076;0617;181;36;5;2;1;251;26
09210;SÃO LUÍS;0076;0618;217;65;10;4;9;323;18
09210;SÃO LUÍS;0076;0619;200;42;5;2;4;271;18
09210;SÃO LUÍS;0076;0620;188;25;3;2;4;237;15
09210;SÃO LUÍS;0076;0621;190;47;1;8;7;273;20
09210;SÃO LUÍS;0076;0622;214;45;5;5;4;291;18
09210;SÃO LUÍS;0076;0623;191;43;4;3;6;275;28
09210;SÃO LUÍS;0076;0625;212;44;3;5;0;274;10
09210;SÃO LUÍS;0076;0626;223;34;4;1;3;293;28
09210;SÃO LUÍS;0076;0627;247;49;1;9;6;323;11
09210;SÃO LUÍS;0076;0628;210;41;8;2;4;282;17
09210;SÃO LUÍS;0076;0629;182;31;2;4;7;253;27
09210;SÃO LUÍS;0076;0630;201;58;7;2;6;297;23
09210;SÃO LUÍS;0076;0631;207;68;9;4;2;329;39
09210;SÃO LUÍS;0076;0632;210;47;3;3;2;288;23
09210;SÃO LUÍS;0076;0633;202;52;6;5;7;295;23
09210;SÃO LUÍS;0076;0634;199;56;9;4;5;290;17
09210;SÃO LUÍS;0076;0636;200;35;3;4;6;265;17
09210;SÃO LUÍS;0076;0637;206;34;4;9;10;288;25
09210;SÃO LUÍS;0076;0638;219;51;1;1;4;302;26
09210;SÃO LUÍS;0076;0639;210;34;7;2;3;286;30
09210;SÃO LUÍS;0076;0640;213;46;10;5;3;301;24
09210;SÃO LUÍS;0076;0641;180;66;10;2;5;291;28
09210;SÃO LUÍS;0076;0642;206;46;6;2;5;295;30
09210;SÃO LUÍS;0076;0643;228;39;8;1;4;319;39
09210;SÃO LUÍS;0076;0644;210;39;6;3;4;286;24
09210;SÃO LUÍS;0076;0645;206;48;6;3;4;298;31
09210;SÃO LUÍS;0076;0646;208;41;3;2;5;300;41
09210;SÃO LUÍS;0076;0647;254;32;2;6;11;322;17
09210;SÃO LUÍS;0076;0648;230;39;6;5;4;307;23
09210;SÃO LUÍS;0076;0649;210;34;6;4;6;292;32
09210;SÃO LUÍS;0076;0650;203;39;9;4;3;293;35
09210;SÃO LUÍS;0076;0651;242;34;9;3;8;323;27
09210;SÃO LUÍS;0076;0652;214;45;4;3;8;297;23
09210;SÃO LUÍS;0076;0653;200;37;4;4;5;286;36
09210;SÃO LUÍS;0076;0654;162;50;3;1;2;229;11
09210;SÃO LUÍS;0076;0655;182;54;3;2;5;271;25
09210;SÃO LUÍS;0076;0656;226;48;8;2;1;308;23
09210;SÃO LUÍS;0076;0657;185;34;8;3;3;269;36
09210;SÃO LUÍS;0076;0658;202;49;3;4;4;285;23
09210;SÃO LUÍS;0076;0659;218;41;7;4;3;290;17
09210;SÃO LUÍS;0076;0660;200;72;9;3;5;305;16
09210;SÃO LUÍS;0076;0661;227;59;6;3;3;326;28
09210;SÃO LUÍS;0076;0662;236;49;8;1;4;322;24
09210;SÃO LUÍS;0076;0663;213;69;8;3;5;338;40
09210;SÃO LUÍS;0076;0664;188;72;7;1;2;309;39
09210;SÃO LUÍS;0076;0665;134;48;1;3;0;201;15
09210;SÃO LUÍS;0076;0666;123;60;2;3;1;205;16
09210;SÃO LUÍS;0076;0667;197;52;5;0;1;286;31
09210;SÃO LUÍS;0089;0001;189;39;1;6;5;259;19
09210;SÃO LUÍS;0089;0002;203;46;2;11;7;284;15
09210;SÃO LUÍS;0089;0003;203;46;0;7;6;283;21
09210;SÃO LUÍS;0089;0004;206;41;0;6;9;276;14
09210;SÃO LUÍS;0089;0005;226;29;1;4;7;281;14
09210;SÃO LUÍS;0089;0006;198;51;4;7;8;284;16
09210;SÃO LUÍS;0089;0052;224;19;5;4;12;289;25
09210;SÃO LUÍS;0089;0053;211;43;5;5;9;295;22
09210;SÃO LUÍS;0089;0054;211;36;4;2;12;289;24
09210;SÃO LUÍS;0089;0055;228;28;1;1;10;287;19
09210;SÃO LUÍS;0089;0056;221;30;5;1;7;279;15
09210;SÃO LUÍS;0089;0057;223;27;9;6;12;301;24
09210;SÃO LUÍS;0089;0058;230;32;11;1;11;311;26
09210;SÃO LUÍS;0089;0059;213;36;4;5;10;295;27
09210;SÃO LUÍS;0089;0060;235;30;4;4;5;303;25
09210;SÃO LUÍS;0089;0061;218;39;1;4;11;300;27
09210;SÃO LUÍS;0089;0062;214;29;3;6;13;286;21
09210;SÃO LUÍS;0089;0063;220;25;4;5;7;281;20
09210;SÃO LUÍS;0089;0064;206;24;4;3;8;275;30
09210;SÃO LUÍS;0089;0065;205;25;4;5;17;278;22
09210;SÃO LUÍS;0089;0066;206;23;2;4;8;266;23
09210;SÃO LUÍS;0089;0067;233;27;1;7;8;307;31
09210;SÃO LUÍS;0089;0068;215;32;6;1;11;283;18
09210;SÃO LUÍS;0089;0069;242;21;9;3;10;308;23
09210;SÃO LUÍS;0089;0070;221;21;3;3;10;285;27
09210;SÃO LUÍS;0089;0071;240;32;4;4;3;300;17
09210;SÃO LUÍS;0089;0079;191;39;0;3;8;266;25
09210;SÃO LUÍS;0089;0084;244;33;3;3;5;314;26
09210;SÃO LUÍS;0089;0085;242;36;1;9;10;313;15
09210;SÃO LUÍS;0089;0086;175;38;0;9;4;237;11
09210;SÃO LUÍS;0089;0087;234;30;3;7;7;296;15
09210;SÃO LUÍS;0089;0089;228;40;6;6;10;307;17
09210;SÃO LUÍS;0089;0090;239;23;2;5;8;298;21
09210;SÃO LUÍS;0089;0094;236;38;2;8;7;314;23
09210;SÃO LUÍS;0089;0095;239;42;5;4;6;314;18
09210;SÃO LUÍS;0089;0096;236;39;6;4;9;315;21
09210;SÃO LUÍS;0089;0097;237;48;4;5;6;314;14
09210;SÃO LUÍS;0089;0098;227;27;3;9;5;291;20
09210;SÃO LUÍS;0089;0100;233;26;9;7;9;311;27
09210;SÃO LUÍS;0089;0103;225;27;2;6;7;297;30
09210;SÃO LUÍS;0089;0107;230;38;8;5;4;298;13
09210;SÃO LUÍS;0089;0108;211;49;4;5;5;285;11
09210;SÃO LUÍS;0089;0109;206;29;4;4;7;267;17
09210;SÃO LUÍS;0089;0110;237;38;5;7;4;309;18
09210;SÃO LUÍS;0089;0111;215;29;5;4;8;280;19
09210;SÃO LUÍS;0089;0113;239;32;7;5;7;308;18
09210;SÃO LUÍS;0089;0115;220;57;1;4;20;320;18
09210;SÃO LUÍS;0089;0116;252;41;2;4;11;329;19
09210;SÃO LUÍS;0089;0120;213;25;5;4;7;266;12
09210;SÃO LUÍS;0089;0121;234;53;4;7;8;320;14
09210;SÃO LUÍS;0089;0122;256;35;4;3;3;324;23
09210;SÃO LUÍS;0089;0123;228;37;2;2;12;305;24
09210;SÃO LUÍS;0089;0124;250;42;4;3;9;331;23
09210;SÃO LUÍS;0089;0126;210;45;3;7;5;301;31
09210;SÃO LUÍS;0089;0130;246;19;3;2;11;297;16
09210;SÃO LUÍS;0089;0131;211;31;4;2;10;282;24
09210;SÃO LUÍS;0089;0133;200;19;5;6;7;255;18
09210;SÃO LUÍS;0089;0135;242;41;3;3;9;321;23
09210;SÃO LUÍS;0089;0136;244;30;2;1;14;308;17
09210;SÃO LUÍS;0089;0138;230;23;3;4;9;284;15
09210;SÃO LUÍS;0089;0144;240;42;3;5;6;321;25
09210;SÃO LUÍS;0089;0145;223;33;3;2;6;281;14
09210;SÃO LUÍS;0089;0155;223;23;2;4;13;286;21
09210;SÃO LUÍS;0089;0156;198;26;5;3;10;258;16
09210;SÃO LUÍS;0089;0160;239;44;2;3;6;322;28
09210;SÃO LUÍS;0089;0162;228;35;3;5;6;300;23
09210;SÃO LUÍS;0089;0163;222;39;3;1;8;295;22
09210;SÃO LUÍS;0089;0165;227;21;2;5;8;283;20
09210;SÃO LUÍS;0089;0166;221;23;4;4;15;289;22
09210;SÃO LUÍS;0089;0167;214;29;1;6;17;285;18
09210;SÃO LUÍS;0089;0168;209;21;4;3;8;265;20
09210;SÃO LUÍS;0089;0169;142;12;1;2;4;174;13
09210;SÃO LUÍS;0089;0170;255;33;4;2;9;330;27
09210;SÃO LUÍS;0089;0171;234;26;6;3;5;297;23
09210;SÃO LUÍS;0089;0175;243;33;6;8;5;318;23
09210;SÃO LUÍS;0089;0176;229;25;3;5;8;286;16
09210;SÃO LUÍS;0089;0177;245;27;0;1;8;299;18
09210;SÃO LUÍS;0089;0178;125;19;3;5;2;164;10
09210;SÃO LUÍS;0089;0179;231;18;1;3;14;286;19
09210;SÃO LUÍS;0089;0180;233;42;5;4;9;312;19
09210;SÃO LUÍS;0089;0182;214;50;4;4;9;302;21
09210;SÃO LUÍS;0089;0184;230;32;6;5;6;309;30
09210;SÃO LUÍS;0089;0186;219;18;5;6;8;270;14
09210;SÃO LUÍS;0089;0187;149;39;2;3;7;218;18
09210;SÃO LUÍS;0089;0190;227;41;2;4;15;308;19
09210;SÃO LUÍS;0089;0192;254;34;4;6;6;333;29
09210;SÃO LUÍS;0089;0193;236;32;5;4;6;305;22
09210;SÃO LUÍS;0089;0194;222;50;2;7;6;297;10
09210;SÃO LUÍS;0089;0195;250;27;1;10;4;315;23
09210;SÃO LUÍS;0089;0197;226;36;4;6;11;295;12
09210;SÃO LUÍS;0089;0199;233;50;4;9;4;320;20
09210;SÃO LUÍS;0089;0201;237;25;3;2;13;298;18
09210;SÃO LUÍS;0089;0204;228;21;1;2;10;273;11
09210;SÃO LUÍS;0089;0205;239;33;2;7;8;310;21
09210;SÃO LUÍS;0089;0206;252;33;4;5;6;317;17
09210;SÃO LUÍS;0089;0207;272;44;3;3;6;341;13
09210;SÃO LUÍS;0089;0208;250;33;4;4;4;308;13
09210;SÃO LUÍS;0089;0212;233;22;2;4;7;292;24
09210;SÃO LUÍS;0089;0213;244;28;2;0;9;291;8
09210;SÃO LUÍS;0089;0214;225;60;3;4;14;324;18
09210;SÃO LUÍS;0089;0215;229;30;5;3;9;290;14
09210;SÃO LUÍS;0089;0218;209;49;5;5;12;302;22
09210;SÃO LUÍS;0089;0220;263;28;3;4;4;317;15
09210;SÃO LUÍS;0089;0221;217;42;5;3;6;286;13
09210;SÃO LUÍS;0089;0222;246;39;0;3;5;312;19
09210;SÃO LUÍS;0089;0223;261;12;4;2;7;293;7
09210;SÃO LUÍS;0089;0226;234;43;3;3;13;316;20
09210;SÃO LUÍS;0089;0227;228;25;6;1;4;289;25
09210;SÃO LUÍS;0089;0229;237;32;2;2;6;300;21
09210;SÃO LUÍS;0089;0231;242;36;10;8;7;320;17
09210;SÃO LUÍS;0089;0232;254;20;2;5;10;308;17
09210;SÃO LUÍS;0089;0233;218;21;5;3;14;285;24
09210;SÃO LUÍS;0089;0234;216;34;4;11;4;286;17
09210;SÃO LUÍS;0089;0236;236;34;4;4;4;303;21
09210;SÃO LUÍS;0089;0238;260;27;3;4;10;324;20
09210;SÃO LUÍS;0089;0239;248;33;5;2;11;316;17
09210;SÃO LUÍS;0089;0240;253;16;2;5;19;305;10
09210;SÃO LUÍS;0089;0243;227;34;4;4;7;299;23
09210;SÃO LUÍS;0089;0245;213;27;7;6;2;281;26
09210;SÃO LUÍS;0089;0246;251;21;7;7;6;317;25
09210;SÃO LUÍS;0089;0247;188;43;2;5;3;259;18
09210;SÃO LUÍS;0089;0248;227;27;2;6;9;292;21
09210;SÃO LUÍS;0089;0249;220;36;1;6;5;291;23
09210;SÃO LUÍS;0089;0250;257;23;0;5;9;305;11
09210;SÃO LUÍS;0089;0251;244;32;1;4;6;305;18
09210;SÃO LUÍS;0089;0252;267;23;1;1;14;324;18
09210;SÃO LUÍS;0089;0253;243;24;1;3;11;297;15
09210;SÃO LUÍS;0089;0254;229;29;1;3;3;278;13
09210;SÃO LUÍS;0089;0256;219;23;0;1;9;266;14
09210;SÃO LUÍS;0089;0258;251;32;1;2;3;304;15
09210;SÃO LUÍS;0089;0260;216;45;1;7;8;287;10
09210;SÃO LUÍS;0089;0261;229;33;5;1;8;298;22
09210;SÃO LUÍS;0089;0262;238;49;4;6;7;313;9
09210;SÃO LUÍS;0089;0263;240;21;2;6;7;295;19
09210;SÃO LUÍS;0089;0264;225;43;6;2;7;295;12
09210;SÃO LUÍS;0089;0265;249;24;0;3;9;298;13
09210;SÃO LUÍS;0089;0267;223;25;0;2;11;276;15
09210;SÃO LUÍS;0089;0269;240;43;4;4;9;320;20
09210;SÃO LUÍS;0089;0271;250;30;6;7;5;324;26
09210;SÃO LUÍS;0089;0272;259;26;1;4;6;319;23
09210;SÃO LUÍS;0089;0273;225;24;2;3;9;281;18
09210;SÃO LUÍS;0089;0274;242;35;1;1;7;307;21
09210;SÃO LUÍS;0089;0275;243;25;1;8;11;302;14
09210;SÃO LUÍS;0089;0277;175;49;0;2;8;248;14
09210;SÃO LUÍS;0089;0279;222;50;4;8;10;314;20
09210;SÃO LUÍS;0089;0281;209;19;1;9;18;262;6
09210;SÃO LUÍS;0089;0282;229;34;5;9;9;304;18
09210;SÃO LUÍS;0089;0284;225;28;1;2;9;276;11
09210;SÃO LUÍS;0089;0286;226;27;2;6;10;295;24
09210;SÃO LUÍS;0089;0288;244;33;3;4;10;312;18
09210;SÃO LUÍS;0089;0289;252;23;2;3;14;304;10
09210;SÃO LUÍS;0089;0290;241;39;5;4;12;314;13
09210;SÃO LUÍS;0089;0291;238;33;1;7;6;300;15
09210;SÃO LUÍS;0089;0293;228;35;5;4;6;295;17
09210;SÃO LUÍS;0089;0296;238;19;3;1;9;285;15
09210;SÃO LUÍS;0089;0297;240;24;6;4;14;311;23
09210;SÃO LUÍS;0089;0298;210;54;2;8;10;298;14
09210;SÃO LUÍS;0089;0302;235;21;3;1;6;283;17
09210;SÃO LUÍS;0089;0303;251;28;3;6;10;310;12
09210;SÃO LUÍS;0089;0305;219;28;3;6;7;282;19
09210;SÃO LUÍS;0089;0306;246;36;2;3;10;305;8
09210;SÃO LUÍS;0089;0307;223;41;4;5;7;294;14
09210;SÃO LUÍS;0089;0308;223;18;5;2;10;278;20
09210;SÃO LUÍS;0089;0310;233;28;2;4;6;297;24
09210;SÃO LUÍS;0089;0313;252;29;3;1;4;301;12
09210;SÃO LUÍS;0089;0314;229;25;1;6;5;286;20
09210;SÃO LUÍS;0089;0315;237;27;3;3;5;294;19
09210;SÃO LUÍS;0089;0317;240;26;3;5;10;292;8
09210;SÃO LUÍS;0089;0320;218;43;7;1;5;286;12
09210;SÃO LUÍS;0089;0321;202;31;1;5;11;262;12
09210;SÃO LUÍS;0089;0322;219;45;3;2;5;287;13
09210;SÃO LUÍS;0089;0324;211;34;1;3;9;276;18
09210;SÃO LUÍS;0089;0325;237;23;4;2;6;293;21
09210;SÃO LUÍS;0089;0326;226;35;1;4;15;299;18
09210;SÃO LUÍS;0089;0328;215;36;2;6;9;289;21
09210;SÃO LUÍS;0089;0330;230;18;2;5;7;274;12
09210;SÃO LUÍS;0089;0333;216;54;4;6;8;307;19
09210;SÃO LUÍS;0089;0334;209;27;4;3;7;273;23
09210;SÃO LUÍS;0089;0335;224;29;3;5;11;296;24
09210;SÃO LUÍS;0089;0337;250;41;3;7;11;328;16
09210;SÃO LUÍS;0089;0338;219;31;2;1;7;276;16
09210;SÃO LUÍS;0089;0339;219;30;1;4;8;279;17
09210;SÃO LUÍS;0089;0340;216;38;5;5;11;300;25
09210;SÃO LUÍS;0089;0341;217;25;2;2;15;285;24
09210;SÃO LUÍS;0089;0342;259;43;3;2;10;339;22
09210;SÃO LUÍS;0089;0343;259;35;7;3;9;339;26
09210;SÃO LUÍS;0089;0345;230;19;2;5;7;294;31
09210;SÃO LUÍS;0089;0346;227;31;3;4;7;285;13
09210;SÃO LUÍS;0089;0348;216;37;4;5;8;296;26
09210;SÃO LUÍS;0089;0349;218;60;1;2;5;300;14
09210;SÃO LUÍS;0089;0350;217;19;5;2;7;281;31
09210;SÃO LUÍS;0089;0351;222;39;2;2;8;290;17
09210;SÃO LUÍS;0089;0354;220;36;3;4;4;282;15
09210;SÃO LUÍS;0089;0355;230;42;2;3;9;302;16
09210;SÃO LUÍS;0089;0356;224;31;0;5;6;284;18
09210;SÃO LUÍS;0089;0358;215;37;2;4;10;279;11
09210;SÃO LUÍS;0089;0359;211;26;8;3;11;282;23
09210;SÃO LUÍS;0089;0360;255;38;4;9;8;333;19
09210;SÃO LUÍS;0089;0361;203;48;3;4;12;297;27
09210;SÃO LUÍS;0089;0362;208;30;2;2;6;272;24
09210;SÃO LUÍS;0089;0363;194;20;0;7;14;249;14
09210;SÃO LUÍS;0089;0364;219;34;3;5;17;297;19
09210;SÃO LUÍS;0089;0365;219;36;0;5;8;288;20
09210;SÃO LUÍS;0089;0367;184;26;2;2;13;243;16
09210;SÃO LUÍS;0089;0368;253;32;1;8;15;330;21
09210;SÃO LUÍS;0089;0369;219;30;2;1;9;282;21
09210;SÃO LUÍS;0089;0370;230;24;4;3;3;278;14
09210;SÃO LUÍS;0089;0371;202;13;2;4;5;239;13
09210;SÃO LUÍS;0089;0372;202;41;1;4;4;271;19
09210;SÃO LUÍS;0089;0373;219;33;1;1;7;277;16
09210;SÃO LUÍS;0089;0375;239;23;2;5;7;291;15
09210;SÃO LUÍS;0089;0376;204;19;2;4;8;258;21
09210;SÃO LUÍS;0089;0377;209;30;4;8;6;276;19
09210;SÃO LUÍS;0089;0378;251;31;2;12;9;330;25
09210;SÃO LUÍS;0089;0379;221;31;3;7;6;289;21
09210;SÃO LUÍS;0089;0380;263;49;0;2;5;335;16
09210;SÃO LUÍS;0089;0382;206;15;1;1;8;240;9
09210;SÃO LUÍS;0089;0385;226;31;1;4;8;292;22
09210;SÃO LUÍS;0089;0386;205;31;1;7;7;265;14
09210;SÃO LUÍS;0089;0387;208;31;3;0;10;260;8
09210;SÃO LUÍS;0089;0388;237;39;3;8;11;319;21
09210;SÃO LUÍS;0089;0389;237;30;4;2;15;310;22
09210;SÃO LUÍS;0089;0390;192;17;1;3;14;244;17
09210;SÃO LUÍS;0089;0391;211;33;3;2;5;269;15
09210;SÃO LUÍS;0089;0392;232;31;6;6;4;294;15
09210;SÃO LUÍS;0089;0393;146;39;1;3;0;207;18
09210;SÃO LUÍS;0089;0395;183;42;1;5;10;261;20
09210;SÃO LUÍS;0089;0396;201;31;3;2;9;256;10
09210;SÃO LUÍS;0089;0397;202;13;4;4;9;239;7
09210;SÃO LUÍS;0089;0398;163;35;0;4;6;222;14
09210;SÃO LUÍS;0089;0399;212;41;5;2;4;270;6
09210;SÃO LUÍS;0089;0401;245;22;0;6;3;290;14
09210;SÃO LUÍS;0089;0402;230;28;5;2;10;291;16
09210;SÃO LUÍS;0089;0403;215;36;3;4;8;275;9
09210;SÃO LUÍS;0089;0404;254;26;0;2;8;309;19
09210;SÃO LUÍS;0089;0405;261;20;2;4;3;295;5
09210;SÃO LUÍS;0089;0406;212;25;6;13;5;279;18
09210;SÃO LUÍS;0089;0407;248;22;1;1;3;288;13
09210;SÃO LUÍS;0089;0408;249;25;3;5;4;300;14
09210;SÃO LUÍS;0089;0409;226;29;4;4;5;285;17
09210;SÃO LUÍS;0089;0410;233;26;3;6;6;292;18
09210;SÃO LUÍS;0089;0411;242;31;2;6;10;306;15
09210;SÃO LUÍS;0089;0412;244;26;0;5;8;298;15
09210;SÃO LUÍS;0089;0413;230;27;3;4;8;284;12
09210;SÃO LUÍS;0089;0414;179;22;0;2;7;226;16
09210;SÃO LUÍS;0089;0415;172;23;7;2;5;223;14
09210;SÃO LUÍS;0089;0416;169;19;8;7;5;223;15
09210;SÃO LUÍS;0089;0417;169;23;4;1;4;214;13
09210;SÃO LUÍS;0089;0418;180;20;5;2;5;220;8
09210;SÃO LUÍS;0089;0419;185;15;1;4;7;221;9
09210;SÃO LUÍS;0089;0420;175;23;0;5;7;224;14
09210;SÃO LUÍS;0089;0421;175;27;3;6;5;224;8
09210;SÃO LUÍS;0089;0422;257;42;3;7;9;335;17
09210;SÃO LUÍS;0089;0423;274;35;1;5;14;341;12
09210;SÃO LUÍS;0089;0424;249;40;1;9;11;329;19
09210;SÃO LUÍS;0089;0425;266;34;2;8;8;334;16
09210;SÃO LUÍS;0089;0426;249;42;5;1;6;311;8
09210;SÃO LUÍS;0089;0427;252;45;2;3;11;329;16
09210;SÃO LUÍS;0089;0428;257;38;1;3;12;327;16
09210;SÃO LUÍS;0089;0429;272;35;4;3;10;331;7
09210;SÃO LUÍS;0089;0430;270;30;2;5;5;334;22
09210;SÃO LUÍS;0089;0431;257;33;4;6;12;328;16
09210;SÃO LUÍS;0089;0432;245;38;4;6;9;318;16
09210;SÃO LUÍS;0089;0433;228;49;2;7;10;318;22
09210;SÃO LUÍS;0089;0434;229;47;4;6;13;320;21
09210;SÃO LUÍS;0089;0435;258;45;2;9;11;338;13
09210;SÃO LUÍS;0089;0436;275;38;2;6;5;338;12
09210;SÃO LUÍS;0089;0437;246;38;2;6;8;312;12
09210;SÃO LUÍS;0089;0438;231;44;2;5;7;308;19
09210;SÃO LUÍS;0089;0439;234;36;2;5;7;301;17
09210;SÃO LUÍS;0089;0440;242;45;2;3;6;319;21
09210;SÃO LUÍS;0089;0441;235;44;0;11;9;310;11
09210;SÃO LUÍS;0089;0442;230;45;5;5;8;305;12
09210;SÃO LUÍS;0089;0443;225;36;3;4;6;291;17
09210;SÃO LUÍS;0089;0444;236;32;2;7;9;299;13
09210;SÃO LUÍS;0089;0445;238;42;3;6;5;304;10
09210;SÃO LUÍS;0089;0446;193;42;2;4;8;261;12
09210;SÃO LUÍS;0089;0447;199;42;2;2;4;254;5
09210;SÃO LUÍS;0089;0448;214;32;3;3;2;267;13
09210;SÃO LUÍS;0089;0449;203;49;2;2;8;276;12
09210;SÃO LUÍS;0089;0450;195;41;3;3;10;263;11
09210;SÃO LUÍS;0089;0451;287;30;1;3;6;336;9
09210;SÃO LUÍS;0089;0452;262;35;3;3;5;326;18
09210;SÃO LUÍS;0089;0453;274;37;0;5;12;340;12
09210;SÃO LUÍS;0089;0454;254;38;2;5;10;333;24
09210;SÃO LUÍS;0089;0455;269;41;4;5;12;341;10
09210;SÃO LUÍS;0089;0456;270;33;3;2;7;333;18
09210;SÃO LUÍS;0089;0457;279;41;2;4;10;348;12
09210;SÃO LUÍS;0089;0458;266;40;2;1;8;339;22
09210;SÃO LUÍS;0089;0459;256;38;1;5;8;327;19
09210;SÃO LUÍS;0089;0460;270;35;3;3;9;332;12
09210;SÃO LUÍS;0089;0461;264;33;1;4;5;323;16
09210;SÃO LUÍS;0089;0462;257;38;4;8;9;336;20
09210;SÃO LUÍS;0089;0463;231;32;3;2;10;301;23
09210;SÃO LUÍS;0089;0464;231;29;8;4;14;304;18
09210;SÃO LUÍS;0089;0465;249;20;3;4;5;298;17
09210;SÃO LUÍS;0089;0466;231;23;4;3;6;295;28
09210;SÃO LUÍS;0089;0467;243;30;6;4;6;311;22
09210;SÃO LUÍS;0089;0468;227;23;4;5;7;288;22
09210;SÃO LUÍS;0089;0469;241;29;2;7;6;302;17
09210;SÃO LUÍS;0089;0470;258;44;0;4;4;315;5
09210;SÃO LUÍS;0089;0471;255;36;0;4;9;318;14
09210;SÃO LUÍS;0089;0472;242;38;3;3;8;306;12
09210;SÃO LUÍS;0089;0473;244;39;0;7;6;312;16
09210;SÃO LUÍS;0089;0474;241;32;7;8;6;308;14
09210;SÃO LUÍS;0089;0475;239;35;3;3;3;303;20
09210;SÃO LUÍS;0089;0476;242;25;3;4;9;298;15
09210;SÃO LUÍS;0089;0477;226;34;1;6;7;287;13
09210;SÃO LUÍS;0089;0478;221;30;2;7;5;279;14
09210;SÃO LUÍS;0089;0479;251;22;1;1;8;295;12
09210;SÃO LUÍS;0089;0480;238;29;4;1;8;289;9
09210;SÃO LUÍS;0089;0481;215;26;8;6;2;282;25
09210;SÃO LUÍS;0089;0482;267;40;4;2;6;341;22
09210;SÃO LUÍS;0089;0483;266;22;0;1;4;302;9
09210;SÃO LUÍS;0089;0484;233;23;6;4;7;291;18
09210;SÃO LUÍS;0089;0485;257;36;2;6;4;321;16
09210;SÃO LUÍS;0089;0486;235;28;6;4;5;294;16
09210;SÃO LUÍS;0089;0487;245;27;1;8;4;302;17
09210;SÃO LUÍS;0089;0488;252;18;4;7;5;301;15
09210;SÃO LUÍS;0089;0489;265;29;0;1;9;315;11
09210;SÃO LUÍS;0089;0490;267;32;3;7;8;336;19
09210;SÃO LUÍS;0089;0491;239;31;3;5;7;300;15
09210;SÃO LUÍS;0089;0492;245;35;0;9;7;317;21
09210;SÃO LUÍS;0089;0493;275;31;1;3;3;324;11
09210;SÃO LUÍS;0089;0494;247;15;3;1;7;288;15
09210;SÃO LUÍS;0089;0495;237;24;1;5;9;290;14
09210;SÃO LUÍS;0089;0496;269;40;5;3;7;345;21
09210;SÃO LUÍS;0089;0497;243;38;2;5;10;307;9
09210;SÃO LUÍS;0089;0498;227;27;1;5;9;280;11
09210;SÃO LUÍS;0089;0499;237;44;3;4;8;311;15
09210;SÃO LUÍS;0089;0500;211;36;3;2;2;274;20
09210;SÃO LUÍS;0089;0501;261;19;1;1;8;298;8
09210;SÃO LUÍS;0089;0502;268;31;0;11;10;335;15
09210;SÃO LUÍS;0089;0503;245;26;0;2;9;299;17
09210;SÃO LUÍS;0089;0504;240;25;4;1;8;294;16
09210;SÃO LUÍS;0089;0505;237;32;0;2;13;309;25
09210;SÃO LUÍS;0089;0506;231;26;4;5;5;288;17
09210;SÃO LUÍS;0089;0507;233;38;2;6;1;289;9
09210;SÃO LUÍS;0089;0508;289;25;2;1;10;348;21
09210;SÃO LUÍS;0089;0509;215;46;1;4;12;290;12
09210;SÃO LUÍS;0089;0510;261;13;3;5;7;307;18
09210;SÃO LUÍS;0089;0511;231;29;3;6;9;294;16
09210;SÃO LUÍS;0089;0512;256;39;1;8;9;327;14
09210;SÃO LUÍS;0089;0513;124;22;3;2;5;172;16
09210;SÃO LUÍS;0089;0514;183;36;1;7;2;241;12
09210;SÃO LUÍS;0089;0515;146;15;2;3;7;182;9
09210;SÃO LUÍS;0089;0516;273;32;2;5;11;333;10
09210;SÃO LUÍS;0089;0518;108;17;0;4;3;137;5
09210;SÃO LUÍS;0089;0519;151;27;1;0;3;191;9
09210;SÃO LUÍS;0089;0520;257;32;2;3;8;314;12
09210;SÃO LUÍS;0089;0521;249;29;1;3;7;304;15
09210;SÃO LUÍS;0089;0522;256;36;2;7;6;339;32
09210;SÃO LUÍS;0089;0523;276;31;0;3;7;325;8
09210;SÃO LUÍS;0089;0524;299;9;0;4;11;339;16
09210;SÃO LUÍS;0089;0525;293;25;0;1;9;341;13
09210;SÃO LUÍS;0089;0526;111;12;0;0;0;128;5
09210;SÃO LUÍS;0089;0527;243;31;2;1;6;309;26
09210;SÃO LUÍS;0089;0528;120;20;1;2;1;159;15
09210;SÃO LUÍS;0089;0529;67;7;1;1;4;86;6
09210;SÃO LUÍS;0089;0530;59;6;0;0;2;71;4
09210;SÃO LUÍS;0089;0531;188;36;5;0;3;249;17
09210;SÃO LUÍS;0089;0532;185;43;3;0;4;255;20
09210;SÃO LUÍS;0089;0533;188;35;2;0;4;245;16
09210;SÃO LUÍS;0089;0534;185;40;4;2;3;255;21
09415;TURIAÇU;0039;0001;112;51;1;3;6;182;9
09415;TURIAÇU;0039;0002;107;65;2;1;4;183;4
09415;TURIAÇU;0039;0003;146;75;0;3;9;247;14
09415;TURIAÇU;0039;0005;101;60;1;2;1;171;6
09415;TURIAÇU;0039;0006;96;57;0;2;3;166;8
09415;TURIAÇU;0039;0007;112;81;0;1;7;207;6
09415;TURIAÇU;0039;0008;134;62;0;2;5;210;7
09415;TURIAÇU;0039;0009;91;57;0;4;3;162;7
09415;TURIAÇU;0039;0010;106;75;0;3;6;200;10
09415;TURIAÇU;0039;0011;109;80;0;2;14;216;11
09415;TURIAÇU;0039;0012;103;65;0;2;5;178;3
09415;TURIAÇU;0039;0013;100;64;0;4;11;186;7
09415;TURIAÇU;0039;0014;127;91;0;1;7;243;17
09415;TURIAÇU;0039;0015;150;84;2;6;11;269;16
09415;TURIAÇU;0039;0025;80;49;0;0;4;140;7
09415;TURIAÇU;0039;0028;62;87;0;1;6;159;3
09415;TURIAÇU;0039;0029;156;93;0;0;3;264;12
09415;TURIAÇU;0039;0030;84;72;0;1;11;179;11
09415;TURIAÇU;0039;0031;65;100;0;2;15;202;20
09415;TURIAÇU;0039;0032;61;89;0;6;14;185;15
09415;TURIAÇU;0039;0033;122;134;1;3;7;277;10
09415;TURIAÇU;0039;0057;156;83;2;6;6;273;20
09415;TURIAÇU;0039;0058;53;78;1;3;6;171;30
09415;TURIAÇU;0039;0061;153;109;0;0;11;281;8
09415;TURIAÇU;0039;0065;23;20;0;0;0;43;0
09415;TURIAÇU;0039;0066;139;82;0;3;15;248;9
09415;TURIAÇU;0039;0067;102;113;0;2;7;236;12
09415;TURIAÇU;0039;0068;143;78;0;0;5;233;7
09415;TURIAÇU;0039;0070;153;78;5;0;12;265;17
09415;TURIAÇU;0039;0071;124;92;6;0;10;245;13
09415;TURIAÇU;0039;0097;77;80;0;1;12;186;16
09415;TURIAÇU;0039;0098;126;123;0;1;4;271;17
09415;TURIAÇU;0039;0102;107;64;2;2;6;188;7
09415;TURIAÇU;0039;0103;149;88;0;6;7;265;15
09415;TURIAÇU;0039;0104;114;114;1;0;2;237;6
09415;TURIAÇU;0039;0105;127;110;0;1;4;255;13
09415;TURIAÇU;0039;0106;121;78;0;4;2;216;11
09415;TURIAÇU;0039;0107;125;75;2;0;6;219;11
09415;TURIAÇU;0039;0108;63;125;1;1;7;210;13
09415;TURIAÇU;0039;0109;161;79;0;4;9;268;15
09415;TURIAÇU;0039;0113;86;86;0;3;3;187;9
09415;TURIAÇU;0039;0116;105;63;2;2;4;183;7
09415;TURIAÇU;0039;0117;126;80;3;1;10;239;19
09415;TURIAÇU;0039;0120;130;65;3;1;13;227;15
09415;TURIAÇU;0039;0121;113;66;1;3;4;191;4
09415;TURIAÇU;0039;0123;79;75;0;4;2;166;6
09415;TURIAÇU;0039;0126;105;51;0;2;3;172;11
09415;TURIAÇU;0039;0127;61;82;0;1;6;171;21
09415;TURIAÇU;0039;0128;135;91;0;5;9;247;7
09415;TURIAÇU;0039;0129;184;73;0;1;3;269;8
09415;TURIAÇU;0039;0137;179;88;1;0;7;280;5
09415;TURIAÇU;0039;0138;153;97;0;5;7;276;14
09415;TURIAÇU;0039;0139;83;90;0;2;19;208;14
09415;TURIAÇU;0039;0141;107;116;0;2;13;248;10
09415;TURIAÇU;0039;0142;96;81;0;1;6;194;10
09415;TURIAÇU;0039;0143;102;68;0;2;1;188;15
09415;TURIAÇU;0039;0145;77;76;0;0;3;167;11
09415;TURIAÇU;0039;0146;151;93;1;2;14;267;6
09415;TURIAÇU;0039;0147;153;83;1;7;10;262;8
09415;TURIAÇU;0039;0148;129;93;0;7;4;245;12
09415;TURIAÇU;0039;0149;148;121;0;1;18;306;18
09415;TURIAÇU;0039;0150;85;97;0;3;9;201;7
09415;TURIAÇU;0039;0151;81;64;1;1;4;153;2
09415;TURIAÇU;0039;0152;66;115;0;0;10;206;15
09415;TURIAÇU;0039;0153;66;63;0;1;9;150;11
09415;TURIAÇU;0039;0154;87;75;0;0;5;181;14
09415;TURIAÇU;0039;0155;118;74;2;1;6;208;7
09415;TURIAÇU;0039;0156;98;72;0;1;6;185;8
09415;TURIAÇU;0039;0157;62;90;0;0;5;164;7
09415;TURIAÇU;0039;0158;82;64;1;1;4;155;3
09415;TURIAÇU;0039;0159;93;53;0;1;2;154;5
09415;TURIAÇU;0039;0160;102;42;0;0;2;149;3
09415;TURIAÇU;0039;0161;113;60;1;1;3;184;6
09415;TURIAÇU;0039;0162;92;63;0;2;3;181;21
09415;TURIAÇU;0039;0163;111;145;0;0;8;271;7
09415;TURIAÇU;0039;0164;67;109;1;3;7;199;12
09415;TURIAÇU;0039;0165;140;93;1;6;9;262;13
09415;TURIAÇU;0039;0166;124;72;1;1;5;213;10
09415;TURIAÇU;0039;0167;75;76;0;2;4;161;4
09415;TURIAÇU;0039;0168;168;83;0;2;7;268;8
09415;TURIAÇU;0039;0169;119;68;0;0;6;200;7
09415;TURIAÇU;0039;0170;132;48;1;2;8;198;7
09415;TURIAÇU;0039;0171;157;78;0;0;6;246;5
09415;TURIAÇU;0039;0172;79;77;1;0;4;182;21
09415;TURIAÇU;0039;0173;70;81;0;2;13;177;11
09415;TURIAÇU;0039;0174;52;58;0;0;4;120;6
09415;TURIAÇU;0039;0175;94;86;0;1;3;194;10
09415;TURIAÇU;0039;0176;120;50;0;0;4;182;8
09415;TURIAÇU;0039;0177;100;48;1;2;0;154;3
09415;TURIAÇU;0039;0178;60;46;0;0;2;113;5
09415;TURIAÇU;0039;0179;147;123;0;4;9;298;15
09415;TURIAÇU;0039;0180;95;83;0;2;8;202;14
09415;TURIAÇU;0039;0181;65;97;0;1;6;183;14
09415;TURIAÇU;0039;0182;62;113;3;0;4;189;7
09415;TURIAÇU;0039;0183;135;57;0;2;7;207;6
09415;TURIAÇU;0039;0184;123;166;0;1;2;302;10
09415;TURIAÇU;0039;0186;58;55;0;1;4;122;4
09415;TURIAÇU;0039;0187;95;52;0;1;4;156;4
09415;TURIAÇU;0039;0188;77;69;0;3;2;159;8
09415;TURIAÇU;0039;0190;151;80;0;1;3;240;5
09415;TURIAÇU;0039;0194;138;54;1;1;10;210;6
09415;TURIAÇU;0039;0195;26;35;0;1;3;72;7
09415;TURIAÇU;0039;0196;62;38;0;3;3;113;7
09415;TURIAÇU;0039;0197;50;65;0;0;5;130;10
09415;TURIAÇU;0039;0200;70;93;0;0;7;182;12
09415;TURIAÇU;0039;0201;62;110;1;4;3;188;8
09415;TURIAÇU;0039;0205;43;71;0;0;1;120;5
09415;TURIAÇU;0039;0206;17;73;0;0;4;98;4
09415;TURIAÇU;0039;0207;22;59;0;1;2;90;6
09415;TURIAÇU;0039;0209;28;40;0;1;7;80;4
09415;TURIAÇU;0039;0210;46;31;0;0;1;80;2
09415;TURIAÇU;0039;0213;130;59;1;2;1;202;9
09415;TURIAÇU;0039;0214;25;36;0;1;0;62;0
09415;TURIAÇU;0039;0215;80;81;0;1;6;174;6
09415;TURIAÇU;0039;0216;29;28;0;1;1;61;2
09415;TURIAÇU;0039;0217;33;38;0;0;3;86;12
09415;TURIAÇU;0039;0220;40;6;0;0;4;58;8
09415;TURIAÇU;0039;0221;37;11;0;0;3;56;5
09474;VARGEM GRANDE;0050;0001;116;70;2;3;16;219;12
09474;VARGEM GRANDE;0050;0002;122;64;5;0;11;220;18
09474;VARGEM GRANDE;0050;0003;108;53;0;5;9;184;9
09474;VARGEM GRANDE;0050;0004;106;57;1;3;8;188;13
09474;VARGEM GRANDE;0050;0005;103;60;1;2;13;192;13
09474;VARGEM GRANDE;0050;0006;95;66;1;2;9;189;16
09474;VARGEM GRANDE;0050;0007;106;52;4;2;11;198;23
09474;VARGEM GRANDE;0050;0008;108;54;3;1;10;188;12
09474;VARGEM GRANDE;0050;0009;144;92;3;0;9;276;28
09474;VARGEM GRANDE;0050;0010;131;91;2;5;17;266;20
09474;VARGEM GRANDE;0050;0011;135;94;2;3;19;276;23
09474;VARGEM GRANDE;0050;0012;128;88;1;4;21;260;18
09474;VARGEM GRANDE;0050;0013;144;86;0;3;20;273;20
09474;VARGEM GRANDE;0050;0015;120;63;2;4;17;218;12
09474;VARGEM GRANDE;0050;0016;124;67;5;3;8;227;20
09474;VARGEM GRANDE;0050;0018;144;70;0;1;12;240;13
09474;VARGEM GRANDE;0050;0019;146;56;1;4;11;235;17
09474;VARGEM GRANDE;0050;0020;134;62;2;2;11;231;20
09474;VARGEM GRANDE;0050;0021;129;63;0;3;17;229;17
09474;VARGEM GRANDE;0050;0022;160;74;1;2;10;265;18
09474;VARGEM GRANDE;0050;0023;164;64;4;3;10;256;11
09474;VARGEM GRANDE;0050;0024;153;83;6;3;6;267;16
09474;VARGEM GRANDE;0050;0025;154;65;3;6;10;257;19
09474;VARGEM GRANDE;0050;0026;175;70;2;2;14;276;13
09474;VARGEM GRANDE;0050;0027;180;61;2;3;8;272;18
09474;VARGEM GRANDE;0050;0028;175;67;1;4;12;275;16
09474;VARGEM GRANDE;0050;0029;150;83;1;6;10;277;27
09474;VARGEM GRANDE;0050;0030;143;80;3;4;14;264;20
09474;VARGEM GRANDE;0050;0031;150;80;3;2;12;261;14
09474;VARGEM GRANDE;0050;0032;141;94;0;3;15;274;21
09474;VARGEM GRANDE;0050;0033;157;76;1;4;16;270;16
09474;VARGEM GRANDE;0050;0034;146;88;1;2;19;278;22
09474;VARGEM GRANDE;0050;0035;129;77;1;8;10;254;29
09474;VARGEM GRANDE;0050;0036;142;91;1;2;16;279;27
09474;VARGEM GRANDE;0050;0037;140;74;1;4;19;268;30
09474;VARGEM GRANDE;0050;0038;140;77;0;3;14;255;21
09474;VARGEM GRANDE;0050;0039;120;52;1;0;7;196;16
09474;VARGEM GRANDE;0050;0040;119;51;0;1;9;199;19
09474;VARGEM GRANDE;0050;0041;118;57;3;3;11;212;20
09474;VARGEM GRANDE;0050;0042;126;61;1;1;14;213;10
09474;VARGEM GRANDE;0050;0043;125;48;0;0;14;199;12
09474;VARGEM GRANDE;0050;0044;105;62;1;8;11;204;17
09474;VARGEM GRANDE;0050;0046;120;59;2;4;13;211;13
09474;VARGEM GRANDE;0050;0048;115;49;1;4;10;191;12
09474;VARGEM GRANDE;0050;0050;122;52;0;3;3;189;9
09474;VARGEM GRANDE;0050;0051;116;41;0;5;11;189;16
09474;VARGEM GRANDE;0050;0053;109;40;1;4;10;176;12
09474;VARGEM GRANDE;0050;0054;113;41;2;4;10;185;15
09474;VARGEM GRANDE;0050;0056;112;55;0;3;5;187;12
09474;VARGEM GRANDE;0050;0057;120;47;1;0;5;190;17
09474;VARGEM GRANDE;0050;0058;167;92;2;6;12;293;14
09474;VARGEM GRANDE;0050;0059;176;88;0;5;10;309;30
09474;VARGEM GRANDE;0050;0062;190;85;3;2;8;309;21
09474;VARGEM GRANDE;0050;0063;181;78;2;3;13;296;19
09474;VARGEM GRANDE;0050;0064;191;89;1;4;14;320;21
09474;VARGEM GRANDE;0050;0065;158;93;5;5;23;302;18
09474;VARGEM GRANDE;0050;0066;170;69;3;5;16;287;24
09474;VARGEM GRANDE;0050;0067;165;76;1;6;15;294;31
09474;VARGEM GRANDE;0050;0068;161;71;0;6;20;282;24
09474;VARGEM GRANDE;0050;0069;128;71;1;3;7;220;10
09474;VARGEM GRANDE;0050;0071;152;99;1;5;18;300;25
09474;VARGEM GRANDE;0050;0073;62;31;3;3;4;111;8
09474;VARGEM GRANDE;0050;0075;152;78;1;3;11;265;20
09474;VARGEM GRANDE;0050;0077;148;75;2;7;20;280;28
09474;VARGEM GRANDE;0050;0078;68;53;0;2;9;156;24
09474;VARGEM GRANDE;0050;0082;59;48;1;1;8;137;20
09474;VARGEM GRANDE;0050;0083;74;80;2;1;10;187;20
09474;VARGEM GRANDE;0050;0084;73;37;1;1;15;134;7
09474;VARGEM GRANDE;0050;0087;52;42;1;2;5;117;15
09474;VARGEM GRANDE;0050;0089;56;64;1;1;14;164;28
09474;VARGEM GRANDE;0050;0090;70;72;0;3;22;193;26
09474;VARGEM GRANDE;0050;0091;79;51;0;0;8;163;25
09474;VARGEM GRANDE;0050;0094;149;82;0;6;9;277;31
09474;VARGEM GRANDE;0050;0095;81;60;1;2;9;170;17
09474;VARGEM GRANDE;0050;0098;75;58;0;0;12;164;19
09474;VARGEM GRANDE;0050;0100;62;123;0;2;18;224;19
09474;VARGEM GRANDE;0050;0101;109;61;0;3;8;219;38
09474;VARGEM GRANDE;0050;0103;113;104;0;2;11;252;22
09474;VARGEM GRANDE;0050;0104;51;33;0;1;1;94;8
09474;VARGEM GRANDE;0050;0105;161;104;0;1;8;295;21
09474;VARGEM GRANDE;0050;0106;43;37;0;1;8;101;12
09474;VARGEM GRANDE;0050;0107;88;95;0;5;24;247;35
09474;VARGEM GRANDE;0050;0110;83;55;0;1;2;156;15
09474;VARGEM GRANDE;0050;0114;66;103;0;4;10;196;13
09474;VARGEM GRANDE;0050;0115;75;69;0;1;20;184;19
09474;VARGEM GRANDE;0050;0116;84;42;10;2;7;171;26
09474;VARGEM GRANDE;0050;0117;113;83;2;1;7;228;22
09474;VARGEM GRANDE;0050;0118;104;122;1;2;22;282;31
09474;VARGEM GRANDE;0050;0119;95;113;0;2;12;244;22
09474;VARGEM GRANDE;0050;0121;148;88;2;2;14;272;18
09474;VARGEM GRANDE;0050;0124;215;45;3;2;8;285;12
09474;VARGEM GRANDE;0050;0125;174;82;3;5;20;310;26
09474;VARGEM GRANDE;0050;0126;71;82;0;2;18;193;20
09474;VARGEM GRANDE;0050;0127;81;123;0;0;4;232;24
09474;VARGEM GRANDE;0050;0128;157;89;2;4;15;287;20
09474;VARGEM GRANDE;0050;0133;147;85;1;2;16;268;17
09474;VARGEM GRANDE;0050;0134;74;61;0;1;6;156;14
09474;VARGEM GRANDE;0050;0135;82;50;1;2;6;165;24
09474;VARGEM GRANDE;0050;0137;130;127;0;3;20;307;27
09474;VARGEM GRANDE;0050;0144;69;63;0;3;3;155;17
09474;VARGEM GRANDE;0050;0147;58;37;0;0;5;112;12
09474;VARGEM GRANDE;0050;0150;173;70;0;11;14;287;19
09474;VARGEM GRANDE;0050;0154;113;49;1;0;12;193;18
09474;VARGEM GRANDE;0050;0158;78;44;7;1;9;160;21
09474;VARGEM GRANDE;0050;0161;73;91;0;5;1;187;17
09474;VARGEM GRANDE;0050;0166;67;68;1;1;5;156;14
09474;VARGEM GRANDE;0050;0179;170;83;1;6;17;289;12
09474;VARGEM GRANDE;0050;0182;135;52;1;6;16;228;18
09474;VARGEM GRANDE;0050;0186;134;89;1;6;12;263;21
09474;VARGEM GRANDE;0050;0189;86;69;0;0;10;177;12
09474;VARGEM GRANDE;0050;0191;161;95;2;2;16;292;16
09474;VARGEM GRANDE;0050;0233;139;105;1;9;9;281;18
07145;BACURITUBA;0038;0075;95;74;0;4;8;200;19
07145;BACURITUBA;0038;0076;107;74;0;2;10;202;9
07145;BACURITUBA;0038;0077;115;67;0;4;9;209;14
07145;BACURITUBA;0038;0078;116;83;1;1;6;223;16
07145;BACURITUBA;0038;0079;119;75;1;6;9;221;11
07145;BACURITUBA;0038;0080;114;81;0;6;6;225;18
07145;BACURITUBA;0038;0081;127;82;1;6;8;240;16
07145;BACURITUBA;0038;0082;139;73;1;5;7;236;11
07145;BACURITUBA;0038;0083;126;83;0;6;3;234;16
07145;BACURITUBA;0038;0095;103;34;2;3;4;158;12
07145;BACURITUBA;0038;0097;111;37;0;0;3;167;16
07145;BACURITUBA;0038;0103;115;114;1;0;10;257;17
07145;BACURITUBA;0038;0106;128;64;0;5;5;214;12
07145;BACURITUBA;0038;0120;120;98;0;0;4;238;16
07145;BACURITUBA;0038;0134;132;65;0;1;3;210;9
07145;BACURITUBA;0038;0137;107;31;1;0;1;147;7
07145;BACURITUBA;0038;0143;92;40;1;1;8;147;5
07145;BACURITUBA;0038;0163;98;91;0;4;11;221;17
07145;BACURITUBA;0038;0165;92;32;0;3;7;143;9
07145;BACURITUBA;0038;0166;120;53;2;4;5;186;2
07285;BOM LUGAR;0066;0010;127;28;5;4;7;178;7
07285;BOM LUGAR;0066;0014;155;16;3;2;7;200;17
07285;BOM LUGAR;0066;0016;154;40;2;4;15;224;9
07285;BOM LUGAR;0066;0017;154;42;3;3;7;223;14
07285;BOM LUGAR;0066;0018;145;34;2;6;9;208;12
07285;BOM LUGAR;0066;0040;80;57;0;2;6;150;5
07285;BOM LUGAR;0066;0041;220;11;0;4;2;244;7
07285;BOM LUGAR;0066;0042;213;26;0;5;2;266;20
07285;BOM LUGAR;0066;0046;125;43;0;3;6;185;8
07285;BOM LUGAR;0066;0051;204;50;0;4;11;282;13
07285;BOM LUGAR;0066;0052;144;52;5;2;3;230;24
07285;BOM LUGAR;0066;0061;93;22;3;3;4;135;10
07285;BOM LUGAR;0066;0062;121;18;0;3;5;171;24
07285;BOM LUGAR;0066;0063;178;23;2;3;9;227;12
07285;BOM LUGAR;0066;0064;99;15;0;2;1;124;7
07285;BOM LUGAR;0066;0066;96;48;4;3;6;167;10
07285;BOM LUGAR;0066;0068;160;82;0;3;10;274;19
07285;BOM LUGAR;0066;0071;136;20;0;3;4;175;12
07285;BOM LUGAR;0066;0075;155;25;2;11;4;224;27
07285;BOM LUGAR;0066;0076;191;32;2;4;4;242;9
07285;BOM LUGAR;0066;0078;128;74;0;0;7;219;10
07285;BOM LUGAR;0066;0079;184;62;1;3;3;268;15
07285;BOM LUGAR;0066;0094;131;52;0;1;10;208;14
07285;BOM LUGAR;0066;0098;90;44;1;2;5;146;4
07285;BOM LUGAR;0066;0109;149;24;0;3;3;191;12
07285;BOM LUGAR;0066;0120;176;33;2;9;4;255;31
07285;BOM LUGAR;0066;0121;194;15;0;2;4;225;10
07285;BOM LUGAR;0066;0126;188;25;0;1;4;224;6
07285;BOM LUGAR;0066;0139;165;36;0;5;6;227;15
07285;BOM LUGAR;0066;0159;87;41;0;3;3;142;8
07285;BOM LUGAR;0066;0169;151;37;0;6;12;220;14
07285;BOM LUGAR;0066;0170;113;29;1;7;5;160;5
07285;BOM LUGAR;0066;0171;143;50;2;4;6;216;11
07285;BOM LUGAR;0066;0172;106;42;2;2;5;162;5
07285;BOM LUGAR;0066;0174;138;23;1;3;11;183;7
07285;BOM LUGAR;0066;0241;186;28;1;4;3;237;15
07285;BOM LUGAR;0066;0301;81;7;1;2;2;96;3
07285;BOM LUGAR;0066;0303;125;31;0;5;12;185;12
07285;BOM LUGAR;0066;0304;114;30;3;2;6;166;11
07285;BOM LUGAR;0066;0305;129;37;1;4;11;194;12
07285;BOM LUGAR;0066;0309;206;34;1;6;8;320;65
07285;BOM LUGAR;0066;0310;188;26;2;7;4;241;14
07285;BOM LUGAR;0066;0312;238;23;2;0;2;284;19
07285;BOM LUGAR;0066;0315;171;36;1;3;0;222;11
07285;BOM LUGAR;0066;0317;125;22;1;10;9;192;25
07544;FERNANDO FALCÃO;0097;0172;87;139;2;2;2;251;19
07544;FERNANDO FALCÃO;0097;0174;45;99;1;0;10;165;10
07544;FERNANDO FALCÃO;0097;0175;46;122;0;0;2;252;82
07544;FERNANDO FALCÃO;0097;0176;40;144;0;0;1;257;72
07544;FERNANDO FALCÃO;0097;0177;62;72;0;0;0;145;11
07544;FERNANDO FALCÃO;0097;0178;60;156;1;6;6;242;13
07544;FERNANDO FALCÃO;0097;0180;35;56;1;2;1;101;6
07544;FERNANDO FALCÃO;0097;0181;82;126;1;6;7;237;15
07544;FERNANDO FALCÃO;0097;0182;93;119;0;3;11;233;7
07544;FERNANDO FALCÃO;0097;0183;108;112;0;5;3;243;15
07544;FERNANDO FALCÃO;0097;0184;0;131;0;1;2;259;125
07544;FERNANDO FALCÃO;0097;0185;1;126;0;7;1;246;111
07544;FERNANDO FALCÃO;0097;0186;5;119;0;0;0;252;128
07544;FERNANDO FALCÃO;0097;0187;80;93;2;9;20;232;28
07544;FERNANDO FALCÃO;0097;0188;85;96;0;11;11;236;33
07544;FERNANDO FALCÃO;0097;0189;92;79;2;5;19;207;10
07544;FERNANDO FALCÃO;0097;0190;104;88;4;3;15;232;18
07544;FERNANDO FALCÃO;0097;0191;109;69;4;5;10;221;24
07544;FERNANDO FALCÃO;0097;0192;41;128;0;0;9;193;15
07544;FERNANDO FALCÃO;0097;0193;30;125;0;3;10;183;15
07544;FERNANDO FALCÃO;0097;0194;33;125;0;5;11;189;15
07544;FERNANDO FALCÃO;0097;0195;34;112;0;2;7;174;19
07544;FERNANDO FALCÃO;0097;0196;105;83;2;4;17;224;13
07544;FERNANDO FALCÃO;0097;0197;111;88;1;1;16;222;5
07544;FERNANDO FALCÃO;0097;0198;108;107;2;1;6;233;9
07544;FERNANDO FALCÃO;0097;0199;99;86;3;1;4;205;12
07544;FERNANDO FALCÃO;0097;0200;124;71;1;0;12;220;12
07544;FERNANDO FALCÃO;0097;0201;146;139;0;4;9;311;13
07544;FERNANDO FALCÃO;0097;0202;128;107;2;1;7;257;12
07544;FERNANDO FALCÃO;0097;0203;87;97;3;1;15;225;22
07544;FERNANDO FALCÃO;0097;0205;3;142;0;0;3;277;129
07544;FERNANDO FALCÃO;0097;0207;3;24;0;0;0;189;162
07544;FERNANDO FALCÃO;0097;0208;120;102;2;3;7;244;10
07544;FERNANDO FALCÃO;0097;0210;129;106;0;2;15;260;8
07544;FERNANDO FALCÃO;0097;0212;61;58;2;3;4;140;12
07544;FERNANDO FALCÃO;0097;0214;0;84;0;5;0;203;114
07641;GOVERNADOR NEWTON BELLO;0096;0058;59;40;0;0;5;116;12
07641;GOVERNADOR NEWTON BELLO;0096;0126;107;76;0;3;12;220;22
07641;GOVERNADOR NEWTON BELLO;0096;0127;111;83;1;1;12;226;18
07641;GOVERNADOR NEWTON BELLO;0096;0128;105;81;0;4;8;220;22
07641;GOVERNADOR NEWTON BELLO;0096;0129;109;95;3;1;8;234;18
07641;GOVERNADOR NEWTON BELLO;0096;0130;49;129;0;2;12;204;12
07641;GOVERNADOR NEWTON BELLO;0096;0134;102;72;2;3;13;203;11
07641;GOVERNADOR NEWTON BELLO;0096;0135;100;72;1;2;11;207;21
07641;GOVERNADOR NEWTON BELLO;0096;0136;111;77;0;6;5;207;8
07641;GOVERNADOR NEWTON BELLO;0096;0137;103;76;2;5;7;209;16
07641;GOVERNADOR NEWTON BELLO;0096;0138;100;66;1;1;7;187;12
07641;GOVERNADOR NEWTON BELLO;0096;0139;89;73;0;2;6;184;14
07641;GOVERNADOR NEWTON BELLO;0096;0140;93;67;0;0;5;178;13
07641;GOVERNADOR NEWTON BELLO;0096;0141;46;102;0;1;15;173;9
07641;GOVERNADOR NEWTON BELLO;0096;0142;41;36;1;0;6;99;15
07641;GOVERNADOR NEWTON BELLO;0096;0143;77;128;4;3;13;249;24
07641;GOVERNADOR NEWTON BELLO;0096;0145;23;62;0;4;7;109;13
07641;GOVERNADOR NEWTON BELLO;0096;0146;24;68;0;3;6;110;9
07641;GOVERNADOR NEWTON BELLO;0096;0148;33;43;0;0;0;82;6
07641;GOVERNADOR NEWTON BELLO;0096;0149;86;67;0;4;22;209;30
07641;GOVERNADOR NEWTON BELLO;0096;0151;48;61;0;0;4;122;9
07641;GOVERNADOR NEWTON BELLO;0096;0152;51;37;0;0;4;100;8
07641;GOVERNADOR NEWTON BELLO;0096;0153;42;81;1;4;5;147;14
07641;GOVERNADOR NEWTON BELLO;0096;0154;86;80;1;1;5;204;31
07641;GOVERNADOR NEWTON BELLO;0096;0158;84;152;0;8;8;288;36
07641;GOVERNADOR NEWTON BELLO;0096;0159;80;84;3;3;8;224;46
07641;GOVERNADOR NEWTON BELLO;0096;0211;94;83;0;4;11;209;17
07641;GOVERNADOR NEWTON BELLO;0096;0219;118;68;1;2;8;212;15
07641;GOVERNADOR NEWTON BELLO;0096;0226;79;90;1;2;9;192;11
07641;GOVERNADOR NEWTON BELLO;0096;0229;115;96;0;1;5;237;20
07641;GOVERNADOR NEWTON BELLO;0096;0230;105;64;3;1;7;186;6
07641;GOVERNADOR NEWTON BELLO;0096;0231;116;70;0;3;10;221;22
07641;GOVERNADOR NEWTON BELLO;0096;0232;96;92;1;2;8;213;14
07684;IGARAPÉ DO MEIO;0077;0394;116;75;7;10;6;230;16
07684;IGARAPÉ DO MEIO;0077;0395;91;93;2;4;10;227;27
07684;IGARAPÉ DO MEIO;0077;0396;92;82;4;10;10;214;16
07684;IGARAPÉ DO MEIO;0077;0397;107;71;2;7;6;213;20
07684;IGARAPÉ DO MEIO;0077;0398;91;93;0;5;11;232;32
07684;IGARAPÉ DO MEIO;0077;0399;104;67;1;4;19;227;32
07684;IGARAPÉ DO MEIO;0077;0400;86;91;0;7;9;216;23
07684;IGARAPÉ DO MEIO;0077;0401;97;70;3;6;10;209;23
07684;IGARAPÉ DO MEIO;0077;0402;92;65;0;6;12;185;10
07684;IGARAPÉ DO MEIO;0077;0403;90;60;1;12;6;184;15
07684;IGARAPÉ DO MEIO;0077;0404;56;63;2;11;6;231;93
07684;IGARAPÉ DO MEIO;0077;0405;62;72;0;4;5;227;84
07684;IGARAPÉ DO MEIO;0077;0406;76;56;0;6;10;172;24
07684;IGARAPÉ DO MEIO;0077;0407;82;54;0;5;4;177;32
07684;IGARAPÉ DO MEIO;0077;0408;94;65;2;7;3;193;22
07684;IGARAPÉ DO MEIO;0077;0409;75;68;3;8;6;183;23
07684;IGARAPÉ DO MEIO;0077;0410;91;55;1;3;9;181;22
07684;IGARAPÉ DO MEIO;0077;0411;72;57;5;6;11;179;28
07684;IGARAPÉ DO MEIO;0077;0412;86;56;9;5;10;190;24
07684;IGARAPÉ DO MEIO;0077;0413;84;68;2;3;8;186;21
07684;IGARAPÉ DO MEIO;0077;0414;84;61;2;2;7;175;19
07684;IGARAPÉ DO MEIO;0077;0415;67;112;3;4;7;217;24
07684;IGARAPÉ DO MEIO;0077;0416;82;111;0;3;3;220;21
07684;IGARAPÉ DO MEIO;0077;0417;66;114;1;1;8;207;17
07684;IGARAPÉ DO MEIO;0077;0418;59;81;3;0;10;191;38
07684;IGARAPÉ DO MEIO;0077;0419;83;61;1;4;8;200;43
07684;IGARAPÉ DO MEIO;0077;0420;81;84;0;4;9;216;38
07684;IGARAPÉ DO MEIO;0077;0421;90;82;1;3;10;206;20
07684;IGARAPÉ DO MEIO;0077;0424;63;147;0;8;5;241;18
07684;IGARAPÉ DO MEIO;0077;0425;68;137;0;1;7;227;14
07684;IGARAPÉ DO MEIO;0077;0427;86;58;4;5;11;183;19
07684;IGARAPÉ DO MEIO;0077;0428;90;70;3;5;10;196;18
07684;IGARAPÉ DO MEIO;0077;0429;90;63;3;2;12;189;19
07684;IGARAPÉ DO MEIO;0077;0430;101;58;2;9;12;196;14
07684;IGARAPÉ DO MEIO;0077;0431;87;69;6;3;7;194;22
07684;IGARAPÉ DO MEIO;0077;0432;82;72;8;5;6;182;9
07684;IGARAPÉ DO MEIO;0077;0434;16;35;4;2;5;70;8
07684;IGARAPÉ DO MEIO;0077;0435;48;113;1;0;5;188;21
07684;IGARAPÉ DO MEIO;0077;0437;31;41;0;2;2;83;7
07684;IGARAPÉ DO MEIO;0077;0438;20;57;0;2;2;95;14
07684;IGARAPÉ DO MEIO;0077;0439;13;73;1;1;0;102;14
07684;IGARAPÉ DO MEIO;0077;0448;69;65;2;9;5;172;22
07684;IGARAPÉ DO MEIO;0077;0449;100;62;5;2;12;198;17
07684;IGARAPÉ DO MEIO;0077;0455;35;60;0;2;4;115;14
07684;IGARAPÉ DO MEIO;0077;0457;102;110;7;7;10;268;32
07706;ITAIPAVA DO GRAJAÚ;0015;0043;149;44;0;0;7;221;21
07706;ITAIPAVA DO GRAJAÚ;0015;0044;117;23;0;1;4;154;9
07706;ITAIPAVA DO GRAJAÚ;0015;0045;162;71;1;3;12;275;26
07706;ITAIPAVA DO GRAJAÚ;0015;0046;131;55;1;3;11;211;10
07706;ITAIPAVA DO GRAJAÚ;0015;0070;106;56;0;2;6;200;30
07706;ITAIPAVA DO GRAJAÚ;0015;0072;140;51;0;2;3;204;8
07706;ITAIPAVA DO GRAJAÚ;0015;0074;138;11;0;5;3;168;11
07706;ITAIPAVA DO GRAJAÚ;0015;0075;125;17;0;1;4;148;1
07706;ITAIPAVA DO GRAJAÚ;0015;0076;94;17;4;3;3;135;14
07706;ITAIPAVA DO GRAJAÚ;0015;0102;87;80;2;2;4;187;12
07706;ITAIPAVA DO GRAJAÚ;0015;0132;133;10;4;0;8;166;11
07706;ITAIPAVA DO GRAJAÚ;0015;0145;120;39;1;2;9;182;11
07706;ITAIPAVA DO GRAJAÚ;0015;0163;156;39;3;1;4;224;21
07706;ITAIPAVA DO GRAJAÚ;0015;0166;102;53;0;2;9;192;26
07706;ITAIPAVA DO GRAJAÚ;0015;0168;113;15;3;4;6;154;13
07706;ITAIPAVA DO GRAJAÚ;0015;0169;162;68;3;2;17;277;25
07706;ITAIPAVA DO GRAJAÚ;0015;0180;95;18;2;2;1;126;8
07706;ITAIPAVA DO GRAJAÚ;0015;0187;53;59;2;1;4;128;9
07706;ITAIPAVA DO GRAJAÚ;0015;0188;131;10;0;1;7;154;5
07706;ITAIPAVA DO GRAJAÚ;0015;0189;128;24;0;0;1;163;10
07706;ITAIPAVA DO GRAJAÚ;0015;0230;105;57;1;13;8;208;24
07706;ITAIPAVA DO GRAJAÚ;0015;0231;118;52;1;7;4;204;22
07706;ITAIPAVA DO GRAJAÚ;0015;0236;194;61;5;0;11;282;11
07706;ITAIPAVA DO GRAJAÚ;0015;0237;185;60;3;3;8;276;17
07706;ITAIPAVA DO GRAJAÚ;0015;0272;191;61;4;3;9;283;15
07706;ITAIPAVA DO GRAJAÚ;0015;0278;131;13;0;0;6;153;3
07706;ITAIPAVA DO GRAJAÚ;0015;0284;184;69;6;5;9;285;12
07706;ITAIPAVA DO GRAJAÚ;0015;0294;89;47;0;5;6;158;11
07706;ITAIPAVA DO GRAJAÚ;0015;0306;116;23;0;1;8;158;10
07706;ITAIPAVA DO GRAJAÚ;0015;0307;129;28;0;1;4;169;7
07706;ITAIPAVA DO GRAJAÚ;0015;0314;161;68;0;1;2;246;14
07706;ITAIPAVA DO GRAJAÚ;0015;0323;177;39;1;0;20;250;13
07706;ITAIPAVA DO GRAJAÚ;0015;0329;175;33;2;3;9;235;13
07706;ITAIPAVA DO GRAJAÚ;0015;0341;157;44;2;1;15;233;14
07706;ITAIPAVA DO GRAJAÚ;0015;0347;132;29;3;4;7;187;12
07706;ITAIPAVA DO GRAJAÚ;0015;0361;150;47;1;2;8;236;28
07706;ITAIPAVA DO GRAJAÚ;0015;0366;73;33;0;1;3;112;2
07706;ITAIPAVA DO GRAJAÚ;0015;0386;164;39;2;2;6;224;11
07706;ITAIPAVA DO GRAJAÚ;0015;0395;166;58;2;3;5;251;17
07706;ITAIPAVA DO GRAJAÚ;0015;0398;135;72;0;1;1;223;14
07706;ITAIPAVA DO GRAJAÚ;0015;0403;156;52;4;4;6;230;8
07706;ITAIPAVA DO GRAJAÚ;0015;0404;174;38;4;3;0;231;12
07889;MARACAÇUMÉ;0100;0075;110;51;2;4;8;204;29
07889;MARACAÇUMÉ;0100;0079;90;53;2;2;9;179;23
07889;MARACAÇUMÉ;0100;0080;113;44;1;0;17;206;31
07889;MARACAÇUMÉ;0100;0081;104;45;3;7;13;188;16
07889;MARACAÇUMÉ;0100;0082;109;48;2;5;7;195;24
07889;MARACAÇUMÉ;0100;0083;115;51;1;4;7;202;24
07889;MARACAÇUMÉ;0100;0084;116;55;1;1;9;201;19
07889;MARACAÇUMÉ;0100;0085;110;67;1;1;14;205;12
07889;MARACAÇUMÉ;0100;0086;124;67;4;4;15;243;29
07889;MARACAÇUMÉ;0100;0087;134;61;0;4;17;237;21
07889;MARACAÇUMÉ;0100;0088;77;88;2;2;12;199;18
07889;MARACAÇUMÉ;0100;0090;140;96;0;3;7;264;18
07889;MARACAÇUMÉ;0100;0091;98;74;1;2;13;209;21
07889;MARACAÇUMÉ;0100;0092;98;70;0;5;13;206;20
07889;MARACAÇUMÉ;0100;0093;102;51;4;2;14;196;23
07889;MARACAÇUMÉ;0100;0094;106;68;2;4;11;217;26
07889;MARACAÇUMÉ;0100;0095;132;52;5;4;15;229;21
07889;MARACAÇUMÉ;0100;0096;112;64;0;1;18;216;21
07889;MARACAÇUMÉ;0100;0101;134;74;0;5;22;268;33
07889;MARACAÇUMÉ;0100;0102;111;79;1;5;19;247;32
07889;MARACAÇUMÉ;0100;0103;129;77;2;3;16;260;33
07889;MARACAÇUMÉ;0100;0104;141;79;2;2;16;255;15
07889;MARACAÇUMÉ;0100;0105;145;65;4;4;13;264;33
07889;MARACAÇUMÉ;0100;0107;110;67;2;8;23;241;31
07889;MARACAÇUMÉ;0100;0108;99;53;2;4;11;185;16
07889;MARACAÇUMÉ;0100;0109;98;75;6;8;16;235;32
07889;MARACAÇUMÉ;0100;0110;140;60;1;10;12;250;27
07889;MARACAÇUMÉ;0100;0114;143;74;1;7;10;264;29
07889;MARACAÇUMÉ;0100;0115;158;65;1;5;9;260;22
07889;MARACAÇUMÉ;0100;0116;99;51;1;4;11;184;18
07889;MARACAÇUMÉ;0100;0121;131;61;5;9;20;247;21
07889;MARACAÇUMÉ;0100;0123;114;73;3;4;19;238;25
07889;MARACAÇUMÉ;0100;0129;117;51;3;8;13;206;14
07889;MARACAÇUMÉ;0100;0130;112;70;3;4;11;231;31
07889;MARACAÇUMÉ;0100;0134;137;58;4;2;5;219;13
07889;MARACAÇUMÉ;0100;0135;103;65;4;10;23;235;30
07889;MARACAÇUMÉ;0100;0138;126;49;2;4;15;218;22
07889;MARACAÇUMÉ;0100;0141;106;69;5;3;16;234;35
07889;MARACAÇUMÉ;0100;0143;120;54;4;2;14;230;36
07889;MARACAÇUMÉ;0100;0144;132;59;3;7;11;239;27
07889;MARACAÇUMÉ;0100;0145;72;75;1;2;9;179;20
07889;MARACAÇUMÉ;0100;0146;109;66;3;4;15;221;24
07889;MARACAÇUMÉ;0100;0148;110;49;2;4;7;193;21
07889;MARACAÇUMÉ;0100;0149;160;50;0;8;13;250;19
07889;MARACAÇUMÉ;0100;0150;133;48;1;7;5;217;23
07889;MARACAÇUMÉ;0100;0159;140;53;5;6;13;237;20
07889;MARACAÇUMÉ;0100;0160;116;54;3;6;11;216;26
07889;MARACAÇUMÉ;0100;0162;122;65;0;4;18;235;26
07889;MARACAÇUMÉ;0100;0166;128;78;2;3;5;237;21
07889;MARACAÇUMÉ;0100;0170;154;67;4;8;15;262;14
07889;MARACAÇUMÉ;0100;0181;19;59;1;0;5;102;18
07889;MARACAÇUMÉ;0100;0183;147;74;1;6;9;252;15
07986;NOVA COLINAS;0105;0032;77;116;2;4;29;247;19
07986;NOVA COLINAS;0105;0033;92;111;6;9;19;250;13
07986;NOVA COLINAS;0105;0034;82;125;4;2;19;253;21
07986;NOVA COLINAS;0105;0035;75;117;4;4;15;229;14
07986;NOVA COLINAS;0105;0036;64;78;4;6;17;186;17
07986;NOVA COLINAS;0105;0037;93;77;2;4;10;206;20
07986;NOVA COLINAS;0105;0038;53;63;1;0;8;133;8
07986;NOVA COLINAS;0105;0039;63;137;1;2;23;235;9
07986;NOVA COLINAS;0105;0040;112;121;4;7;11;276;21
07986;NOVA COLINAS;0105;0044;63;114;8;0;11;212;16
07986;NOVA COLINAS;0105;0045;86;85;2;2;11;200;14
07986;NOVA COLINAS;0105;0048;36;77;2;0;7;126;4
07986;NOVA COLINAS;0105;0049;93;94;3;4;11;217;12
07986;NOVA COLINAS;0105;0051;89;98;3;3;8;209;8
07986;NOVA COLINAS;0105;0055;125;105;3;2;8;254;11
07986;NOVA COLINAS;0105;0098;95;116;2;3;11;245;18
07986;NOVA COLINAS;0105;0158;93;102;1;1;7;208;4
08036;IMPERATRIZ;0033;0003;168;58;16;2;12;284;28
08036;IMPERATRIZ;0033;0007;158;55;12;0;4;251;22
08036;IMPERATRIZ;0033;0009;154;55;22;5;13;270;21
08036;IMPERATRIZ;0033;0011;96;40;24;2;3;191;26
08036;IMPERATRIZ;0033;0017;151;64;29;8;9;279;18
08036;IMPERATRIZ;0033;0018;153;55;26;14;5;280;27
08036;IMPERATRIZ;0033;0019;161;59;21;5;8;283;29
08036;IMPERATRIZ;0033;0020;165;59;20;13;8;290;25
08036;IMPERATRIZ;0033;0021;168;58;17;7;7;283;26
08036;IMPERATRIZ;0033;0022;159;56;17;16;9;285;28
08036;IMPERATRIZ;0033;0023;162;78;18;11;9;304;26
08036;IMPERATRIZ;0033;0024;169;57;20;9;6;281;20
08036;IMPERATRIZ;0033;0025;165;60;17;13;12;291;24
08036;IMPERATRIZ;0033;0026;159;53;22;11;2;280;33
08036;IMPERATRIZ;0033;0027;100;62;20;8;5;217;22
08036;IMPERATRIZ;0033;0043;164;55;17;7;9;267;15
08036;IMPERATRIZ;0033;0044;160;54;22;9;9;273;19
08036;IMPERATRIZ;0033;0045;152;60;18;5;10;271;26
08036;IMPERATRIZ;0033;0046;151;46;21;15;12;265;20
08036;IMPERATRIZ;0033;0047;152;65;20;10;6;274;21
08036;IMPERATRIZ;0033;0048;179;60;26;5;16;313;27
08036;IMPERATRIZ;0033;0049;177;61;20;11;9;301;23
08036;IMPERATRIZ;0033;0050;172;49;22;5;12;286;26
08036;IMPERATRIZ;0033;0051;173;63;23;8;11;300;22
08036;IMPERATRIZ;0033;0052;115;76;22;6;6;243;18
08036;IMPERATRIZ;0033;0053;117;64;23;12;15;248;17
08036;IMPERATRIZ;0033;0054;88;36;11;3;4;161;19
08036;IMPERATRIZ;0033;0062;103;54;11;2;8;202;24
08036;IMPERATRIZ;0033;0065;150;67;12;9;5;271;28
08036;IMPERATRIZ;0033;0074;97;41;22;8;7;197;22
08036;IMPERATRIZ;0033;0075;87;35;12;6;5;168;23
08036;IMPERATRIZ;0033;0083;141;70;18;1;12;257;15
08036;IMPERATRIZ;0033;0084;121;61;13;12;4;237;26
08036;IMPERATRIZ;0033;0085;87;47;20;0;7;174;13
08036;IMPERATRIZ;0033;0092;83;34;14;3;10;157;13
08036;IMPERATRIZ;0033;0093;82;30;18;5;10;154;9
08036;IMPERATRIZ;0033;0094;79;30;17;2;9;156;19
08036;IMPERATRIZ;0033;0095;69;42;16;6;10;156;13
08036;IMPERATRIZ;0033;0096;75;36;17;3;4;154;19
08036;IMPERATRIZ;0033;0099;93;39;16;5;1;174;20
08036;IMPERATRIZ;0033;0102;98;35;11;8;7;173;14
08036;IMPERATRIZ;0033;0107;147;57;19;8;7;258;20
08036;IMPERATRIZ;0033;0111;109;49;15;5;12;206;16
08036;IMPERATRIZ;0033;0112;74;27;13;4;8;143;17
08036;IMPERATRIZ;0033;0143;136;54;11;5;6;232;20
08036;IMPERATRIZ;0033;0184;156;80;28;11;10;321;36
08036;IMPERATRIZ;0033;0185;184;80;32;6;27;363;34
08036;IMPERATRIZ;0033;0186;144;74;39;7;21;325;40
08036;IMPERATRIZ;0033;0187;158;85;33;14;10;335;35
08036;IMPERATRIZ;0033;0188;176;89;30;8;11;342;28
08036;IMPERATRIZ;0033;0189;151;91;32;13;13;326;26
08036;IMPERATRIZ;0033;0190;143;84;34;12;23;333;37
08036;IMPERATRIZ;0033;0191;108;54;14;10;8;230;36
08036;IMPERATRIZ;0033;0194;111;61;21;2;7;224;22
08036;IMPERATRIZ;0033;0197;111;48;20;10;12;223;22
08036;IMPERATRIZ;0033;0198;134;60;18;6;10;243;15
08036;IMPERATRIZ;0033;0205;134;89;21;14;13;306;35
08036;IMPERATRIZ;0033;0206;118;88;19;15;16;282;26
08036;IMPERATRIZ;0033;0256;78;109;2;14;11;238;24
08036;IMPERATRIZ;0033;0257;65;102;13;11;10;240;39
08036;IMPERATRIZ;0033;0261;78;110;9;11;14;248;26
08036;IMPERATRIZ;0033;0262;83;98;15;6;11;244;31
08036;IMPERATRIZ;0033;0263;81;106;10;13;12;252;30
08036;IMPERATRIZ;0033;0275;46;27;2;6;2;91;8
08036;IMPERATRIZ;0033;0303;156;67;23;5;13;277;13
08036;IMPERATRIZ;0033;0305;65;128;12;16;14;262;27
08036;IMPERATRIZ;0033;0308;128;82;16;10;22;292;34
08036;IMPERATRIZ;0033;0313;63;90;5;6;12;188;12
08036;IMPERATRIZ;0033;0316;168;50;21;8;7;281;27
08036;IMPERATRIZ;0033;0322;67;89;1;5;5;189;22
08036;IMPERATRIZ;0033;0328;178;70;26;8;8;307;17
08036;IMPERATRIZ;0033;0330;92;47;17;2;7;184;19
08036;IMPERATRIZ;0033;0332;162;57;20;7;9;273;18
08036;IMPERATRIZ;0033;0333;129;83;17;15;13;301;44
08036;IMPERATRIZ;0033;0334;133;78;24;13;17;301;36
08036;IMPERATRIZ;0033;0342;138;77;19;17;19;306;36
08036;IMPERATRIZ;0033;0345;162;53;21;5;6;274;27
08036;IMPERATRIZ;0033;0346;155;60;25;11;4;283;28
08036;IMPERATRIZ;0033;0352;131;86;23;9;19;298;30
08036;IMPERATRIZ;0033;0354;157;86;14;15;9;317;36
08036;IMPERATRIZ;0033;0359;147;56;25;5;18;267;16
08036;IMPERATRIZ;0033;0365;128;93;13;11;19;302;38
08036;IMPERATRIZ;0033;0370;142;95;10;11;18;320;44
08036;IMPERATRIZ;0033;0376;142;96;19;10;12;311;32
08036;IMPERATRIZ;0033;0378;145;96;18;10;12;317;36
08036;IMPERATRIZ;0033;0379;142;90;19;9;12;302;30
08036;IMPERATRIZ;0033;0384;140;103;24;10;17;324;30
08036;IMPERATRIZ;0033;0386;167;46;24;7;14;276;18
08036;IMPERATRIZ;0033;0390;140;111;22;10;12;327;32
08036;IMPERATRIZ;0033;0392;153;94;18;10;12;316;29
08036;IMPERATRIZ;0033;0393;140;95;14;13;26;325;37
08036;IMPERATRIZ;0033;0400;131;101;24;10;22;315;27
08036;IMPERATRIZ;0033;0401;184;79;36;7;16;346;24
08036;IMPERATRIZ;0033;0403;119;104;25;8;15;304;33
08036;IMPERATRIZ;0033;0404;135;79;25;13;13;305;40
08036;IMPERATRIZ;0033;0407;152;90;16;13;25;324;28
08036;IMPERATRIZ;0033;0412;87;107;9;8;12;242;19
08036;IMPERATRIZ;0033;0413;123;88;14;11;15;280;29
08036;IMPERATRIZ;0033;0420;194;78;28;11;13;353;29
08036;IMPERATRIZ;0033;0427;169;80;26;10;14;328;29
08036;IMPERATRIZ;0033;0428;121;78;23;12;18;283;31
08036;IMPERATRIZ;0033;0431;76;107;10;11;12;251;35
08036;IMPERATRIZ;0033;0434;126;92;19;11;13;282;21
08036;IMPERATRIZ;0033;0436;134;78;18;12;21;293;30
08036;IMPERATRIZ;0033;0442;100;72;21;7;10;236;26
08036;IMPERATRIZ;0033;0444;143;50;26;3;14;259;23
08036;IMPERATRIZ;0033;0449;123;99;14;8;12;286;30
08036;IMPERATRIZ;0033;0675;126;49;10;10;12;244;37
08036;IMPERATRIZ;0033;0676;125;51;26;5;7;238;24
08036;IMPERATRIZ;0033;0677;129;64;16;6;8;244;21
08036;IMPERATRIZ;0033;0678;142;60;14;5;12;258;25
08036;IMPERATRIZ;0033;0679;134;51;24;5;16;253;23
08036;IMPERATRIZ;0033;0680;130;63;20;2;11;250;24
08036;IMPERATRIZ;0033;0681;142;65;18;7;4;253;17
08036;IMPERATRIZ;0033;0682;21;82;6;4;1;135;21
08036;IMPERATRIZ;0033;0683;39;53;8;6;4;131;21
08036;IMPERATRIZ;0033;0684;122;84;23;14;16;293;34
08036;IMPERATRIZ;0033;0685;132;83;28;9;10;289;27
08036;IMPERATRIZ;0033;0686;124;100;19;10;12;302;37
08036;IMPERATRIZ;0033;0687;132;85;27;7;17;300;32
08036;IMPERATRIZ;0033;0688;139;81;24;9;14;294;27
08036;IMPERATRIZ;0033;0689;132;83;26;12;16;297;28
08036;IMPERATRIZ;0033;0690;109;95;21;12;20;286;29
08036;IMPERATRIZ;0033;0691;118;80;24;12;15;280;31
08036;IMPERATRIZ;0033;0692;141;73;26;10;17;297;30
08036;IMPERATRIZ;0033;0693;137;74;28;7;18;291;27
08036;IMPERATRIZ;0033;0694;75;93;6;7;11;224;32
08036;IMPERATRIZ;0033;0696;82;96;9;11;8;232;26
08036;IMPERATRIZ;0033;0698;134;76;12;10;5;277;40
08036;IMPERATRIZ;0033;0699;122;84;19;9;8;268;26
08036;IMPERATRIZ;0033;0700;146;65;30;9;14;294;30
08036;IMPERATRIZ;0033;0701;154;63;22;14;10;301;38
08036;IMPERATRIZ;0033;0702;160;75;16;12;15;302;24
08036;IMPERATRIZ;0033;0703;156;69;26;9;13;305;32
08036;IMPERATRIZ;0033;0704;166;59;29;10;7;287;16
08036;IMPERATRIZ;0033;0705;145;69;31;13;10;292;24
08036;IMPERATRIZ;0033;0706;136;51;25;9;15;277;41
08036;IMPERATRIZ;0033;0707;147;73;10;9;8;272;25
08036;IMPERATRIZ;0033;0708;156;68;17;6;13;285;25
08036;IMPERATRIZ;0033;0709;140;69;20;3;14;271;25
08036;IMPERATRIZ;0033;0710;127;63;20;9;18;273;36
08036;IMPERATRIZ;0033;0711;138;73;15;7;9;275;33
08036;IMPERATRIZ;0033;0712;128;62;23;4;14;263;32
08036;IMPERATRIZ;0033;0713;142;71;22;14;7;283;27
08036;IMPERATRIZ;0033;0714;140;62;24;6;12;272;28
08036;IMPERATRIZ;0033;0715;146;64;26;9;14;283;24
08036;IMPERATRIZ;0033;0716;114;94;25;7;18;288;30
08036;IMPERATRIZ;0033;0717;121;83;20;12;14;287;37
08036;IMPERATRIZ;0033;0718;130;90;27;9;4;295;35
08036;IMPERATRIZ;0033;0719;126;92;24;9;15;293;27
08036;IMPERATRIZ;0033;0720;112;96;24;9;21;300;38
08036;IMPERATRIZ;0033;0721;125;74;28;8;20;279;24
08036;IMPERATRIZ;0033;0722;146;77;18;10;14;303;38
08036;IMPERATRIZ;0033;0723;141;84;26;11;11;316;43
08036;IMPERATRIZ;0033;0724;152;76;15;10;16;308;39
08036;IMPERATRIZ;0033;0725;157;70;18;11;20;307;31
08036;IMPERATRIZ;0033;0726;106;39;23;7;14;214;25
08036;IMPERATRIZ;0033;0730;112;35;13;6;9;202;27
08036;IMPERATRIZ;0033;0736;143;72;25;5;9;302;48
08036;IMPERATRIZ;0033;0737;140;73;33;10;19;304;29
08036;IMPERATRIZ;0033;0738;129;64;37;11;12;285;32
08036;IMPERATRIZ;0033;0739;127;73;27;14;10;276;25
08036;IMPERATRIZ;0033;0740;84;81;7;1;17;214;24
08036;IMPERATRIZ;0033;0741;76;80;15;6;9;212;26
08036;IMPERATRIZ;0033;0742;86;82;12;9;9;220;22
08036;IMPERATRIZ;0033;0743;69;82;12;11;11;208;23
08036;IMPERATRIZ;0033;0744;150;61;29;6;15;299;38
08036;IMPERATRIZ;0033;0745;146;73;29;8;15;307;36
08036;IMPERATRIZ;0033;0746;161;67;25;7;13;298;25
08036;IMPERATRIZ;0033;0747;143;55;19;11;24;289;37
08036;IMPERATRIZ;0033;0748;157;67;20;6;8;288;30
08036;IMPERATRIZ;0033;0749;163;68;17;4;17;305;36
08036;IMPERATRIZ;0033;0750;97;57;10;4;8;204;28
08036;IMPERATRIZ;0033;0751;103;53;10;9;8;191;8
08036;IMPERATRIZ;0033;0752;92;56;17;5;5;193;18
08036;IMPERATRIZ;0033;0753;102;59;11;6;8;216;30
08036;IMPERATRIZ;0033;0754;112;50;17;1;6;208;22
08036;IMPERATRIZ;0033;0755;114;63;13;7;4;217;16
08036;IMPERATRIZ;0033;0756;114;45;17;8;7;213;22
08036;IMPERATRIZ;0033;0757;111;57;13;6;6;211;18
08036;IMPERATRIZ;0033;0758;101;51;17;4;9;203;21
08036;IMPERATRIZ;0033;0759;167;52;22;5;10;300;44
08036;IMPERATRIZ;0033;0760;172;58;21;9;12;292;20
08036;IMPERATRIZ;0033;0761;169;57;27;7;13;307;34
08036;IMPERATRIZ;0033;0762;165;61;21;4;10;281;20
08036;IMPERATRIZ;0033;0763;168;53;28;8;7;293;29
08036;IMPERATRIZ;0033;0764;179;61;18;6;11;302;27
08036;IMPERATRIZ;0033;0765;162;38;33;9;4;279;33
08036;IMPERATRIZ;0033;0766;167;40;31;7;8;283;30
08036;IMPERATRIZ;0033;0767;165;62;18;9;11;282;17
08036;IMPERATRIZ;0033;0768;76;121;2;9;9;229;12
08036;IMPERATRIZ;0033;0770;117;69;10;7;5;222;14
08036;IMPERATRIZ;0033;0771;132;69;13;4;7;237;12
08036;IMPERATRIZ;0033;0773;127;54;15;8;9;234;21
08036;IMPERATRIZ;0033;0775;152;76;21;8;9;297;31
08036;IMPERATRIZ;0033;0776;170;59;16;9;10;285;21
08036;IMPERATRIZ;0033;0777;126;82;23;19;13;287;24
08036;IMPERATRIZ;0033;0778;172;60;15;8;17;296;24
08036;IMPERATRIZ;0033;0779;143;61;10;14;13;276;35
08036;IMPERATRIZ;0033;0780;145;86;19;5;14;295;26
08036;IMPERATRIZ;0033;0781;119;70;14;11;14;278;50
08036;IMPERATRIZ;0033;0782;131;71;28;8;13;294;43
08036;IMPERATRIZ;0033;0783;145;70;19;7;16;296;39
08036;IMPERATRIZ;0033;0784;130;81;16;8;13;286;38
08036;IMPERATRIZ;0033;0785;151;66;25;8;11;292;31
08036;IMPERATRIZ;0033;0786;124;82;14;7;13;279;39
08036;IMPERATRIZ;0033;0787;140;69;21;7;19;293;37
08036;IMPERATRIZ;0033;0788;134;70;29;7;16;293;37
08036;IMPERATRIZ;0033;0789;143;79;27;7;17;304;31
08036;IMPERATRIZ;0033;0790;139;75;29;3;11;291;34
08036;IMPERATRIZ;0033;0791;142;71;26;15;13;299;32
08036;IMPERATRIZ;0033;0792;131;67;22;19;12;271;20
08036;IMPERATRIZ;0033;0793;128;76;24;8;16;297;45
08036;IMPERATRIZ;0033;0794;138;65;23;12;20;298;40
08036;IMPERATRIZ;0033;0795;114;82;17;11;17;266;25
08036;IMPERATRIZ;0033;0796;124;68;22;11;8;263;30
08036;IMPERATRIZ;0033;0797;98;70;23;15;12;244;26
08036;IMPERATRIZ;0033;0798;126;69;15;10;10;255;25
08036;IMPERATRIZ;0033;0799;127;73;18;3;10;254;23
08036;IMPERATRIZ;0033;0800;60;53;3;3;9;151;23
08036;IMPERATRIZ;0033;0801;56;52;9;5;4;140;14
08036;IMPERATRIZ;0033;0802;68;70;4;3;12;179;22
08036;IMPERATRIZ;0033;0804;75;75;0;7;5;188;26
08036;IMPERATRIZ;0033;0807;73;67;5;5;4;171;17
08036;IMPERATRIZ;0033;0808;139;68;18;10;16;278;27
08036;IMPERATRIZ;0033;0809;123;67;18;7;20;270;35
08036;IMPERATRIZ;0033;0810;121;62;19;6;25;273;40
08036;IMPERATRIZ;0033;0811;146;65;18;5;11;270;25
08036;IMPERATRIZ;0033;0812;132;65;22;10;11;273;33
08036;IMPERATRIZ;0033;0813;129;68;14;9;17;268;31
08036;IMPERATRIZ;0033;0814;121;57;21;12;11;258;36
08036;IMPERATRIZ;0033;0815;123;69;18;11;9;265;35
08036;IMPERATRIZ;0033;0816;45;98;24;4;10;248;67
08036;IMPERATRIZ;0033;0818;123;70;23;8;4;244;16
08036;IMPERATRIZ;0033;0819;118;69;21;15;9;256;24
08036;IMPERATRIZ;0033;0820;124;63;11;6;15;248;29
08036;IMPERATRIZ;0033;0821;118;56;19;5;11;235;26
08036;IMPERATRIZ;0033;0822;36;73;10;2;1;173;51
08036;IMPERATRIZ;0033;0823;38;77;8;3;7;169;36
08036;IMPERATRIZ;0033;0824;140;78;26;12;16;306;34
08036;IMPERATRIZ;0033;0825;145;73;13;8;17;290;34
08036;IMPERATRIZ;0033;0826;150;74;24;7;16;302;31
08036;IMPERATRIZ;0033;0827;155;65;19;5;14;293;35
08036;IMPERATRIZ;0033;0828;130;87;16;15;15;297;34
08036;IMPERATRIZ;0033;0829;145;90;23;9;11;306;28
08036;IMPERATRIZ;0033;0830;121;83;16;8;11;279;40
08036;IMPERATRIZ;0033;0831;132;88;22;5;11;285;27
08036;IMPERATRIZ;0033;0832;149;69;17;7;5;268;21
08036;IMPERATRIZ;0033;0833;89;57;6;7;5;188;24
08036;IMPERATRIZ;0033;0834;78;61;7;9;9;191;27
08036;IMPERATRIZ;0033;0835;142;72;19;10;16;296;37
08036;IMPERATRIZ;0033;0836;157;69;21;11;18;309;33
08036;IMPERATRIZ;0033;0837;156;65;22;11;16;316;46
08036;IMPERATRIZ;0033;0838;139;76;29;21;20;318;33
08036;IMPERATRIZ;0033;0839;166;67;28;10;5;313;37
08036;IMPERATRIZ;0033;0840;140;59;33;17;14;305;42
08036;IMPERATRIZ;0033;0841;141;87;26;11;15;306;26
08036;IMPERATRIZ;0033;0842;161;65;21;18;8;308;35
08036;IMPERATRIZ;0033;0843;153;56;24;10;15;289;31
08036;IMPERATRIZ;0033;0844;168;68;21;10;8;314;39
08036;IMPERATRIZ;0033;0845;127;72;22;15;14;285;35
08036;IMPERATRIZ;0033;0846;137;67;30;4;8;270;24
08036;IMPERATRIZ;0033;0847;154;49;29;5;14;266;15
08036;IMPERATRIZ;0033;0848;111;52;13;9;19;231;27
08036;IMPERATRIZ;0033;0849;106;55;25;4;16;236;30
08036;IMPERATRIZ;0033;0850;116;49;18;5;12;232;32
08036;IMPERATRIZ;0033;0851;122;49;19;8;10;236;28
08036;IMPERATRIZ;0033;0852;109;49;15;4;15;224;32
08036;IMPERATRIZ;0033;0853;121;59;18;7;3;224;16
08036;IMPERATRIZ;0033;0854;149;83;20;5;7;299;35
08036;IMPERATRIZ;0033;0855;138;74;18;13;10;274;21
08036;IMPERATRIZ;0033;0856;127;78;15;10;8;276;38
08036;IMPERATRIZ;0033;0857;131;83;28;6;10;286;28
08036;IMPERATRIZ;0033;0858;125;69;26;5;18;279;36
08036;IMPERATRIZ;0033;0859;138;77;26;10;9;288;28
08036;IMPERATRIZ;0033;0860;122;83;20;6;14;281;36
08036;IMPERATRIZ;0033;0861;136;73;29;8;13;291;32
08036;IMPERATRIZ;0033;0862;127;72;20;7;4;247;17
08036;IMPERATRIZ;0033;0863;74;28;17;6;4;142;13
08036;IMPERATRIZ;0033;0867;139;64;18;8;8;266;29
08036;IMPERATRIZ;0033;0875;152;63;17;11;10;279;26
08036;IMPERATRIZ;0033;0876;129;79;24;14;14;281;21
08036;IMPERATRIZ;0033;0877;149;79;25;12;9;298;24
08036;IMPERATRIZ;0033;0878;125;102;31;9;10;307;30
08036;IMPERATRIZ;0033;0879;122;101;22;13;8;289;23
08036;IMPERATRIZ;0033;0880;126;89;22;14;13;285;21
08036;IMPERATRIZ;0033;0881;132;106;28;23;8;311;14
08036;IMPERATRIZ;0033;0882;208;38;15;7;3;288;17
08036;IMPERATRIZ;0033;0883;155;75;22;6;11;298;29
08036;IMPERATRIZ;0033;0884;117;126;18;18;10;321;32
08036;IMPERATRIZ;0033;0885;118;110;21;8;8;292;27
08036;IMPERATRIZ;0033;0886;125;91;27;11;12;291;25
08036;IMPERATRIZ;0033;0887;81;104;14;9;6;240;26
08036;IMPERATRIZ;0033;0888;158;63;24;13;13;300;29
08036;IMPERATRIZ;0033;0889;161;48;19;7;3;276;38
08036;IMPERATRIZ;0033;0890;126;89;23;10;7;287;32
08036;IMPERATRIZ;0033;0891;127;87;33;11;13;301;30
08036;IMPERATRIZ;0033;0892;132;97;11;12;15;291;24
08036;IMPERATRIZ;0033;0893;99;47;19;11;4;199;19
08036;IMPERATRIZ;0033;0894;150;69;18;12;15;296;32
08036;IMPERATRIZ;0033;0895;115;86;22;16;13;282;30
08036;IMPERATRIZ;0033;0896;147;54;22;8;8;266;27
08036;IMPERATRIZ;0033;0897;93;104;8;7;12;255;31
08036;IMPERATRIZ;0033;0898;166;62;22;6;9;292;27
08036;IMPERATRIZ;0033;0899;80;64;13;6;10;204;31
08036;IMPERATRIZ;0033;0900;155;68;24;7;11;293;28
08036;IMPERATRIZ;0033;0901;109;100;13;20;5;278;31
08036;IMPERATRIZ;0033;0902;53;42;12;3;6;130;14
08036;IMPERATRIZ;0033;0903;96;31;4;0;0;141;10
08036;IMPERATRIZ;0033;0904;122;39;9;2;3;191;16
08036;IMPERATRIZ;0065;0486;135;76;18;10;12;277;26
08036;IMPERATRIZ;0065;0488;127;75;19;6;16;271;28
08036;IMPERATRIZ;0065;0489;119;49;13;4;9;223;29
08036;IMPERATRIZ;0065;0490;136;58;19;6;8;257;30
08036;IMPERATRIZ;0065;0493;104;77;25;2;6;244;30
08036;IMPERATRIZ;0065;0495;139;103;6;8;14;303;33
08036;IMPERATRIZ;0065;0496;124;100;18;11;19;300;28
08036;IMPERATRIZ;0065;0497;117;94;17;5;21;293;39
08036;IMPERATRIZ;0065;0498;134;108;15;4;5;301;35
08036;IMPERATRIZ;0065;0499;152;87;13;16;11;304;25
08036;IMPERATRIZ;0065;0500;131;94;15;9;9;295;37
08036;IMPERATRIZ;0065;0501;138;89;14;7;19;298;31
08036;IMPERATRIZ;0065;0502;96;66;20;6;6;219;25
08036;IMPERATRIZ;0065;0503;101;67;15;4;10;219;22
08036;IMPERATRIZ;0065;0504;103;71;12;9;9;221;17
08036;IMPERATRIZ;0065;0505;99;66;14;4;15;223;25
08036;IMPERATRIZ;0065;0506;100;63;20;5;6;221;27
08036;IMPERATRIZ;0065;0507;117;63;15;4;9;224;16
08036;IMPERATRIZ;0065;0509;117;48;14;8;4;210;19
08036;IMPERATRIZ;0065;0510;131;49;17;2;8;230;23
08036;IMPERATRIZ;0065;0511;127;68;12;4;9;245;25
08036;IMPERATRIZ;0065;0512;137;60;14;7;5;247;24
08036;IMPERATRIZ;0065;0513;121;61;11;8;7;243;35
08036;IMPERATRIZ;0065;0514;110;60;17;10;10;230;23
08036;IMPERATRIZ;0065;0515;115;56;14;2;10;227;30
08036;IMPERATRIZ;0065;0516;137;47;11;5;6;241;35
08036;IMPERATRIZ;0065;0517;128;60;20;5;4;248;31
08036;IMPERATRIZ;0065;0518;130;42;17;3;7;226;27
08036;IMPERATRIZ;0065;0520;138;50;32;5;3;248;20
08036;IMPERATRIZ;0065;0521;130;61;23;7;13;256;22
08036;IMPERATRIZ;0065;0522;127;57;17;2;14;233;16
08036;IMPERATRIZ;0065;0523;136;57;17;4;15;244;15
08036;IMPERATRIZ;0065;0524;140;46;17;10;7;242;22
08036;IMPERATRIZ;0065;0525;141;59;27;9;2;255;17
08036;IMPERATRIZ;0065;0526;135;66;28;7;17;289;36
08036;IMPERATRIZ;0065;0527;162;66;21;12;15;307;31
08036;IMPERATRIZ;0065;0528;142;80;21;6;13;293;31
08036;IMPERATRIZ;0065;0529;137;91;20;13;16;309;32
08036;IMPERATRIZ;0065;0530;146;88;33;10;10;316;29
08036;IMPERATRIZ;0065;0531;172;79;28;7;10;317;21
08036;IMPERATRIZ;0065;0532;154;96;17;7;15;320;31
08036;IMPERATRIZ;0065;0533;127;72;23;7;13;280;38
08036;IMPERATRIZ;0065;0534;113;87;13;9;14;265;29
08036;IMPERATRIZ;0065;0535;121;74;21;6;16;274;36
08036;IMPERATRIZ;0065;0536;125;79;17;5;9;266;31
08036;IMPERATRIZ;0065;0537;123;81;24;8;10;273;27
08036;IMPERATRIZ;0065;0540;134;72;18;12;13;275;26
08036;IMPERATRIZ;0065;0541;127;67;22;16;7;258;19
08036;IMPERATRIZ;0065;0542;111;101;26;10;21;296;27
08036;IMPERATRIZ;0065;0543;147;67;19;12;9;275;21
08036;IMPERATRIZ;0065;0544;114;84;18;11;14;279;38
08036;IMPERATRIZ;0065;0545;116;87;17;11;12;267;24
08036;IMPERATRIZ;0065;0546;139;88;19;9;8;292;29
08036;IMPERATRIZ;0065;0547;138;94;16;9;13;297;27
08036;IMPERATRIZ;0065;0548;125;88;19;8;8;276;28
08036;IMPERATRIZ;0065;0549;141;75;16;8;19;288;29
08036;IMPERATRIZ;0065;0550;118;98;17;9;26;282;14
08036;IMPERATRIZ;0065;0551;124;62;25;4;14;253;24
08036;IMPERATRIZ;0065;0552;128;69;16;9;13;256;21
08036;IMPERATRIZ;0065;0553;87;52;14;10;9;199;27
08036;IMPERATRIZ;0065;0555;85;41;14;4;5;170;21
08036;IMPERATRIZ;0065;0557;156;56;28;6;11;275;18
08036;IMPERATRIZ;0065;0558;143;63;25;7;14;274;22
08036;IMPERATRIZ;0065;0559;139;67;17;10;12;263;18
08036;IMPERATRIZ;0065;0560;152;57;19;10;9;273;26
08036;IMPERATRIZ;0065;0561;157;66;23;8;11;283;18
08036;IMPERATRIZ;0065;0562;161;68;20;13;10;292;20
08036;IMPERATRIZ;0065;0563;135;81;21;7;12;282;26
08036;IMPERATRIZ;0065;0564;166;77;13;9;8;297;24
08036;IMPERATRIZ;0065;0565;130;90;28;10;14;301;29
08036;IMPERATRIZ;0065;0566;147;87;24;3;11;287;15
08036;IMPERATRIZ;0065;0567;132;96;18;7;9;289;27
08036;IMPERATRIZ;0065;0569;144;72;17;10;4;276;29
08036;IMPERATRIZ;0065;0570;145;73;26;6;15;288;23
08036;IMPERATRIZ;0065;0574;137;73;24;10;14;286;28
08036;IMPERATRIZ;0065;0576;140;58;24;9;10;267;26
08036;IMPERATRIZ;0065;0577;146;51;27;9;11;274;30
08036;IMPERATRIZ;0065;0578;137;61;20;8;13;261;22
08036;IMPERATRIZ;0065;0579;172;57;12;9;16;289;23
08036;IMPERATRIZ;0065;0580;155;69;17;6;11;272;14
08036;IMPERATRIZ;0065;0581;147;59;21;7;12;273;27
08036;IMPERATRIZ;0065;0582;167;63;25;6;5;286;20
08036;IMPERATRIZ;0065;0583;160;50;17;8;4;258;19
08036;IMPERATRIZ;0065;0584;154;73;31;3;6;289;22
08036;IMPERATRIZ;0065;0585;131;74;15;5;14;273;34
08036;IMPERATRIZ;0065;0586;121;80;19;8;13;278;37
08036;IMPERATRIZ;0065;0587;133;76;13;10;18;279;29
08036;IMPERATRIZ;0065;0588;151;62;22;4;8;279;32
08036;IMPERATRIZ;0065;0589;85;80;17;12;8;222;20
08036;IMPERATRIZ;0065;0590;99;78;19;5;8;238;29
08036;IMPERATRIZ;0065;0591;98;71;20;6;11;234;28
08036;IMPERATRIZ;0065;0592;88;77;22;3;11;234;33
08036;IMPERATRIZ;0065;0593;93;87;14;7;7;227;19
08036;IMPERATRIZ;0065;0594;112;72;11;7;8;234;24
08036;IMPERATRIZ;0065;0595;133;92;10;11;14;285;25
08036;IMPERATRIZ;0065;0596;138;87;15;13;8;280;19
08036;IMPERATRIZ;0065;0597;117;50;23;10;4;219;15
08036;IMPERATRIZ;0065;0598;127;57;29;6;9;240;12
08036;IMPERATRIZ;0065;0599;136;46;29;3;7;238;17
08036;IMPERATRIZ;0065;0600;125;62;27;3;6;239;16
08036;IMPERATRIZ;0065;0605;110;75;17;11;11;248;24
08036;IMPERATRIZ;0065;0606;108;61;21;8;11;233;24
08036;IMPERATRIZ;0065;0607;124;76;11;9;6;248;22
08036;IMPERATRIZ;0065;0608;104;72;11;10;12;233;24
08036;IMPERATRIZ;0065;0609;114;61;22;4;12;243;30
08036;IMPERATRIZ;0065;0610;113;68;21;4;10;238;22
08036;IMPERATRIZ;0065;0611;111;62;21;8;12;236;22
08036;IMPERATRIZ;0065;0612;111;63;20;4;7;228;23
08036;IMPERATRIZ;0065;0613;132;63;13;5;11;243;19
08036;IMPERATRIZ;0065;0614;100;122;18;10;12;298;36
08036;IMPERATRIZ;0065;0615;114;108;19;11;15;300;33
08036;IMPERATRIZ;0065;0616;170;50;21;9;6;276;20
08036;IMPERATRIZ;0065;0617;150;57;19;9;10;275;30
08036;IMPERATRIZ;0065;0618;162;54;16;10;12;273;19
08036;IMPERATRIZ;0065;0619;162;49;16;7;9;265;22
08036;IMPERATRIZ;0065;0620;158;55;18;11;13;280;25
08036;IMPERATRIZ;0065;0621;157;74;21;11;7;288;18
08036;IMPERATRIZ;0065;0622;169;59;13;11;7;284;25
08036;IMPERATRIZ;0065;0623;166;59;19;14;6;295;31
08036;IMPERATRIZ;0065;0624;154;57;22;10;11;283;29
08036;IMPERATRIZ;0065;0625;156;52;21;12;8;275;26
08036;IMPERATRIZ;0065;0626;170;66;17;11;6;294;24
08036;IMPERATRIZ;0065;0627;159;53;24;9;7;270;18
08036;IMPERATRIZ;0065;0628;159;64;21;10;8;281;19
08036;IMPERATRIZ;0065;0629;160;43;20;7;10;261;21
08036;IMPERATRIZ;0065;0630;146;62;19;11;11;266;17
08036;IMPERATRIZ;0065;0631;152;66;16;9;7;275;25
08036;IMPERATRIZ;0065;0632;160;48;9;11;2;254;24
08036;IMPERATRIZ;0065;0633;131;63;27;7;13;262;21
08036;IMPERATRIZ;0065;0634;116;58;19;7;9;225;16
08036;IMPERATRIZ;0065;0635;105;56;24;6;16;244;37
08036;IMPERATRIZ;0065;0636;100;77;26;10;9;250;28
08036;IMPERATRIZ;0065;0637;116;67;26;4;10;245;22
08036;IMPERATRIZ;0065;0638;150;55;16;11;12;264;20
08036;IMPERATRIZ;0065;0639;113;92;22;12;18;287;30
08036;IMPERATRIZ;0065;0640;136;78;23;7;9;283;30
08036;IMPERATRIZ;0065;0641;122;89;21;10;18;288;28
08036;IMPERATRIZ;0065;0642;116;99;19;7;20;289;28
08036;IMPERATRIZ;0065;0643;109;84;31;12;12;283;35
08036;IMPERATRIZ;0065;0644;135;79;17;13;8;281;29
08036;IMPERATRIZ;0065;0645;136;82;16;9;12;281;26
08036;IMPERATRIZ;0065;0646;130;72;11;9;24;288;42
08036;IMPERATRIZ;0065;0647;142;85;14;6;12;286;27
08036;IMPERATRIZ;0065;0648;128;73;26;10;16;292;39
08036;IMPERATRIZ;0065;0649;135;77;24;18;17;298;27
08036;IMPERATRIZ;0065;0650;136;69;28;7;11;281;30
08036;IMPERATRIZ;0065;0651;137;70;22;8;19;288;32
08036;IMPERATRIZ;0065;0652;142;76;27;9;7;286;25
08036;IMPERATRIZ;0065;0653;156;74;23;6;13;295;23
08036;IMPERATRIZ;0065;0654;134;68;16;4;11;251;18
08036;IMPERATRIZ;0065;0655;116;64;15;7;9;223;12
08036;IMPERATRIZ;0065;0656;121;62;14;5;10;227;15
08036;IMPERATRIZ;0065;0657;119;55;16;5;7;222;20
08036;IMPERATRIZ;0065;0658;110;66;22;3;8;235;26
08036;IMPERATRIZ;0065;0659;87;83;14;9;9;228;26
08036;IMPERATRIZ;0065;0660;109;82;23;5;20;270;31
08036;IMPERATRIZ;0065;0661;116;77;14;7;19;263;30
08036;IMPERATRIZ;0065;0662;115;81;13;6;14;260;31
08036;IMPERATRIZ;0065;0663;118;62;21;7;25;267;34
08036;IMPERATRIZ;0065;0664;100;87;20;6;10;262;39
08036;IMPERATRIZ;0065;0665;130;74;11;7;13;272;37
08036;IMPERATRIZ;0065;0666;99;92;20;8;12;259;28
08036;IMPERATRIZ;0065;0667;110;64;14;2;6;216;20
08036;IMPERATRIZ;0065;0668;111;57;15;8;14;228;23
08036;IMPERATRIZ;0065;0669;115;47;17;5;7;213;22
08036;IMPERATRIZ;0065;0670;115;61;16;5;12;232;23
08036;IMPERATRIZ;0065;0671;106;51;16;6;9;219;31
08036;IMPERATRIZ;0065;0672;117;53;20;7;9;229;23
08036;IMPERATRIZ;0065;0673;163;72;24;10;18;308;21
08036;IMPERATRIZ;0065;0674;163;72;31;2;13;310;29
08036;IMPERATRIZ;0065;0675;146;78;28;7;17;304;28
08036;IMPERATRIZ;0065;0676;181;79;19;2;20;324;23
08036;IMPERATRIZ;0065;0677;166;87;26;10;9;320;22
08036;IMPERATRIZ;0065;0678;122;78;18;8;15;268;27
08036;IMPERATRIZ;0065;0679;124;73;13;5;11;255;29
08036;IMPERATRIZ;0065;0680;133;85;11;5;14;274;26
08036;IMPERATRIZ;0065;0681;131;86;12;4;7;266;26
08036;IMPERATRIZ;0065;0682;115;82;12;5;24;261;23
08036;IMPERATRIZ;0065;0683;125;89;19;5;13;278;27
08036;IMPERATRIZ;0065;0684;111;89;13;10;14;270;33
08036;IMPERATRIZ;0065;0685;129;71;16;8;16;267;27
08036;IMPERATRIZ;0065;0686;120;83;13;3;6;251;26
08036;IMPERATRIZ;0065;0687;127;61;20;10;16;260;26
08036;IMPERATRIZ;0065;0688;113;77;18;7;14;258;29
08036;IMPERATRIZ;0065;0689;120;67;11;17;13;247;19
08036;IMPERATRIZ;0065;0690;128;69;14;10;12;256;23
08036;IMPERATRIZ;0065;0693;103;37;12;1;9;178;16
08036;IMPERATRIZ;0065;0695;99;27;13;8;6;166;13
08036;IMPERATRIZ;0065;0697;92;71;21;5;10;230;31
08036;IMPERATRIZ;0065;0698;124;77;18;6;11;259;23
08036;IMPERATRIZ;0065;0699;116;82;14;6;10;250;22
08036;IMPERATRIZ;0065;0700;113;71;17;9;8;246;28
08036;IMPERATRIZ;0065;0702;128;68;20;10;7;262;29
08036;IMPERATRIZ;0065;0703;115;72;23;6;13;252;23
08036;IMPERATRIZ;0065;0704;129;65;18;7;11;248;18
08036;IMPERATRIZ;0065;0705;115;58;19;8;13;254;41
08036;IMPERATRIZ;0065;0706;120;68;22;9;12;250;19
08036;IMPERATRIZ;0065;0707;104;56;26;11;12;240;31
08036;IMPERATRIZ;0065;0708;57;77;8;4;5;178;27
08036;IMPERATRIZ;0065;0710;112;42;13;4;7;195;17
08036;IMPERATRIZ;0065;0711;102;62;9;9;3;194;9
08036;IMPERATRIZ;0065;0712;102;50;15;5;5;193;16
08036;IMPERATRIZ;0065;0713;107;33;15;7;12;189;15
08036;IMPERATRIZ;0065;0714;100;54;18;8;6;202;16
08036;IMPERATRIZ;0065;0715;116;44;21;6;3;201;11
08036;IMPERATRIZ;0065;0723;86;89;21;6;9;256;45
08036;IMPERATRIZ;0065;0724;94;80;12;14;17;252;35
08036;IMPERATRIZ;0065;0725;88;87;17;6;18;257;41
08036;IMPERATRIZ;0065;0726;108;88;17;11;18;273;31
08036;IMPERATRIZ;0065;0727;89;105;18;6;9;252;25
08036;IMPERATRIZ;0065;0728;111;93;16;14;21;281;26
08036;IMPERATRIZ;0065;0729;104;81;18;8;10;251;30
08036;IMPERATRIZ;0065;0730;92;101;11;5;20;269;40
08036;IMPERATRIZ;0065;0731;120;75;20;11;18;276;32
08036;IMPERATRIZ;0065;0732;95;82;25;11;8;245;24
08036;IMPERATRIZ;0065;0733;107;72;19;10;13;255;34
08036;IMPERATRIZ;0065;0734;103;86;21;12;10;254;22
08036;IMPERATRIZ;0065;0735;134;68;10;5;8;246;21
08036;IMPERATRIZ;0065;0736;112;62;26;9;7;236;20
08036;IMPERATRIZ;0065;0737;119;66;18;4;10;235;18
08036;IMPERATRIZ;0065;0738;115;66;12;7;8;232;24
08036;IMPERATRIZ;0065;0739;111;63;13;4;10;236;35
08036;IMPERATRIZ;0065;0740;104;49;14;12;14;219;26
08036;IMPERATRIZ;0065;0741;110;64;17;8;10;233;24
08036;IMPERATRIZ;0065;0742;148;70;17;8;10;277;24
08036;IMPERATRIZ;0065;0743;149;63;16;6;14;271;23
08036;IMPERATRIZ;0065;0744;126;67;20;9;15;265;28
08036;IMPERATRIZ;0065;0745;144;73;12;9;21;279;20
08036;IMPERATRIZ;0065;0746;135;81;24;10;11;286;25
08036;IMPERATRIZ;0065;0747;131;75;16;6;15;266;23
08036;IMPERATRIZ;0065;0748;139;75;13;11;18;287;31
08036;IMPERATRIZ;0065;0749;159;69;12;12;15;293;26
08036;IMPERATRIZ;0065;0750;138;74;22;8;8;266;16
08036;IMPERATRIZ;0065;0751;141;64;22;9;7;265;22
08036;IMPERATRIZ;0065;0752;159;84;19;8;13;323;40
08036;IMPERATRIZ;0065;0753;197;63;24;11;3;326;28
08036;IMPERATRIZ;0065;0756;172;74;26;13;10;323;28
08036;IMPERATRIZ;0065;0757;172;70;17;5;12;311;35
08036;IMPERATRIZ;0065;0758;181;69;24;10;16;321;21
08036;IMPERATRIZ;0065;0759;169;83;21;5;10;310;22
08036;IMPERATRIZ;0065;0760;156;72;18;7;14;297;30
08036;IMPERATRIZ;0065;0761;125;86;24;10;16;295;34
08036;IMPERATRIZ;0065;0762;143;86;30;11;16;304;18
08036;IMPERATRIZ;0065;0763;150;84;18;3;10;293;28
08036;IMPERATRIZ;0065;0764;141;81;36;5;9;297;25
08036;IMPERATRIZ;0065;0765;145;82;24;10;16;298;21
08036;IMPERATRIZ;0065;0766;158;79;28;8;11;306;22
08036;IMPERATRIZ;0065;0767;163;67;22;4;12;300;32
08036;IMPERATRIZ;0065;0768;151;85;16;10;5;301;34
08036;IMPERATRIZ;0065;0769;154;66;27;9;12;305;37
08036;IMPERATRIZ;0065;0770;179;55;19;8;7;291;23
08036;IMPERATRIZ;0065;0771;172;73;17;8;12;301;19
08036;IMPERATRIZ;0065;0772;169;69;17;13;6;296;22
08036;IMPERATRIZ;0065;0773;145;59;28;4;19;291;36
08036;IMPERATRIZ;0065;0774;162;79;16;5;13;308;33
08036;IMPERATRIZ;0065;0775;145;76;21;9;13;289;25
08036;IMPERATRIZ;0065;0776;127;80;16;5;5;264;31
08036;IMPERATRIZ;0065;0777;109;112;19;4;6;287;37
08036;IMPERATRIZ;0065;0778;109;64;19;4;10;234;28
08036;IMPERATRIZ;0065;0779;152;58;20;5;13;266;18
08036;IMPERATRIZ;0065;0780;136;70;19;15;11;276;25
08036;IMPERATRIZ;0065;0785;133;78;29;20;13;288;15
08036;IMPERATRIZ;0065;0822;90;121;15;15;14;299;44
08036;IMPERATRIZ;0065;0823;113;102;24;2;8;280;31
08036;IMPERATRIZ;0065;0824;89;109;18;15;6;279;42
08036;IMPERATRIZ;0065;0825;89;48;21;6;5;176;7
08036;IMPERATRIZ;0065;0826;127;91;12;7;10;258;11
08036;IMPERATRIZ;0065;0827;115;68;22;8;11;254;30
08036;IMPERATRIZ;0065;0828;113;80;15;11;12;257;26
08036;IMPERATRIZ;0065;0830;143;84;26;18;10;314;33
08036;IMPERATRIZ;0065;0831;124;97;21;10;14;294;28
08036;IMPERATRIZ;0065;0832;123;80;12;14;9;262;24
08036;IMPERATRIZ;0065;0833;200;59;17;14;17;327;20
08036;IMPERATRIZ;0065;0834;132;62;27;11;9;266;25
08036;IMPERATRIZ;0065;0835;140;72;23;7;4;276;30
08036;IMPERATRIZ;0065;0836;96;87;14;11;15;245;22
08036;IMPERATRIZ;0065;0837;97;100;18;5;15;274;39
08036;IMPERATRIZ;0065;0838;91;110;17;4;20;274;32
08036;IMPERATRIZ;0065;0839;72;113;21;8;13;259;32
08036;IMPERATRIZ;0065;0841;136;60;16;4;7;250;27
08036;IMPERATRIZ;0065;0842;51;43;13;7;7;139;18
08036;IMPERATRIZ;0065;0843;124;71;24;15;7;272;31
08036;IMPERATRIZ;0065;0845;69;98;12;6;10;212;17
08036;IMPERATRIZ;0065;0846;82;101;10;9;10;238;26
08036;IMPERATRIZ;0065;0847;135;72;22;8;11;275;27
08036;IMPERATRIZ;0065;0849;13;10;0;2;2;53;26
08036;IMPERATRIZ;0065;0850;22;27;3;6;8;74;8
08036;IMPERATRIZ;0065;0852;45;33;6;5;6;101;6
08036;IMPERATRIZ;0065;0853;43;54;4;7;7;126;11
08036;IMPERATRIZ;0065;0855;94;33;6;0;2;141;6
08044;PAULINO NEVES;0040;0018;97;143;0;1;9;257;7
08044;PAULINO NEVES;0040;0019;100;113;0;1;4;227;9
08044;PAULINO NEVES;0040;0021;141;105;0;2;7;261;6
08044;PAULINO NEVES;0040;0022;70;45;0;3;5;128;5
08044;PAULINO NEVES;0040;0023;75;51;0;1;2;132;3
08044;PAULINO NEVES;0040;0024;117;101;4;1;11;256;22
08044;PAULINO NEVES;0040;0025;121;116;1;4;7;265;16
08044;PAULINO NEVES;0040;0026;133;101;1;6;9;264;14
08044;PAULINO NEVES;0040;0027;148;91;1;8;8;273;17
08044;PAULINO NEVES;0040;0028;124;107;0;4;6;257;16
08044;PAULINO NEVES;0040;0029;86;116;0;6;10;232;14
08044;PAULINO NEVES;0040;0030;67;91;3;0;7;175;7
08044;PAULINO NEVES;0040;0059;134;96;4;4;9;258;11
08044;PAULINO NEVES;0040;0060;78;86;1;1;6;184;12
08044;PAULINO NEVES;0040;0061;103;117;0;2;5;240;13
08044;PAULINO NEVES;0040;0081;142;85;0;4;12;265;22
08044;PAULINO NEVES;0040;0082;134;117;0;2;7;274;14
08044;PAULINO NEVES;0040;0083;141;113;2;4;9;286;17
08044;PAULINO NEVES;0040;0084;53;86;0;2;3;147;3
08044;PAULINO NEVES;0040;0085;40;97;0;1;8;154;8
08044;PAULINO NEVES;0040;0086;46;94;1;1;1;148;5
08044;PAULINO NEVES;0040;0087;64;107;1;1;11;190;6
08044;PAULINO NEVES;0040;0088;42;70;0;1;4;120;3
08044;PAULINO NEVES;0040;0089;144;107;1;5;5;282;20
08044;PAULINO NEVES;0040;0105;82;87;0;0;7;183;7
08044;PAULINO NEVES;0040;0108;157;84;0;4;10;267;12
08044;PAULINO NEVES;0040;0110;142;90;3;6;11;262;10
08044;PAULINO NEVES;0040;0113;153;79;2;5;10;263;14
08044;PAULINO NEVES;0040;0121;55;94;1;3;4;168;11
08044;PAULINO NEVES;0040;0150;54;107;1;1;2;172;7
08044;PAULINO NEVES;0040;0152;97;122;2;0;6;245;18
08044;PAULINO NEVES;0040;0153;87;47;0;0;2;142;6
08044;PAULINO NEVES;0040;0154;77;92;0;3;5;187;10
08044;PAULINO NEVES;0040;0157;108;149;0;0;5;277;15
08044;PAULINO NEVES;0040;0158;156;91;5;3;10;271;6
08044;PAULINO NEVES;0040;0164;89;106;0;0;6;211;10
08044;PAULINO NEVES;0040;0166;126;100;0;3;13;258;16
08044;PAULINO NEVES;0040;0169;88;63;0;2;5;167;9
08044;PAULINO NEVES;0040;0176;113;101;1;2;6;237;14
08044;PAULINO NEVES;0040;0191;44;87;0;0;7;148;10
08044;PAULINO NEVES;0040;0196;65;93;0;1;1;165;5
08044;PAULINO NEVES;0040;0198;89;111;1;0;2;211;8
08044;PAULINO NEVES;0040;0208;72;86;3;1;2;170;6
08044;PAULINO NEVES;0040;0213;57;93;0;0;5;166;11
08044;PAULINO NEVES;0040;0214;116;82;2;0;4;217;13
08044;PAULINO NEVES;0040;0215;76;108;0;1;6;199;8
08044;PAULINO NEVES;0040;0216;71;58;0;1;7;139;2
08044;PAULINO NEVES;0040;0218;46;51;0;0;1;102;4
08044;PAULINO NEVES;0040;0219;69;37;0;3;3;121;9
08044;PAULINO NEVES;0040;0220;119;61;0;0;6;197;11
08044;PAULINO NEVES;0040;0230;96;60;0;0;2;167;9
08044;PAULINO NEVES;0040;0232;69;54;1;1;1;131;5
08044;PAULINO NEVES;0040;0236;128;97;2;2;7;243;7
08044;PAULINO NEVES;0040;0260;132;100;2;2;3;247;8
08044;PAULINO NEVES;0040;0261;29;79;0;1;2;116;5
08044;PAULINO NEVES;0040;0262;47;77;0;1;0;129;4
08044;PAULINO NEVES;0040;0263;42;43;0;2;4;96;5
08044;PAULINO NEVES;0040;0264;70;96;1;1;6;182;8
08044;PAULINO NEVES;0040;0265;70;115;0;0;4;200;11
08044;PAULINO NEVES;0040;0266;124;97;1;7;10;255;16
08044;PAULINO NEVES;0040;0271;44;56;1;2;5;113;5
08044;PAULINO NEVES;0040;0275;49;51;0;0;2;108;6
08087;PERITORÓ;0008;0184;91;129;3;10;14;272;25
08087;PERITORÓ;0008;0185;102;131;1;6;12;278;26
08087;PERITORÓ;0008;0186;108;119;0;8;14;267;18
08087;PERITORÓ;0008;0187;84;164;2;4;10;281;17
08087;PERITORÓ;0008;0188;88;116;2;4;34;263;19
08087;PERITORÓ;0008;0189;95;120;1;7;27;273;23
08087;PERITORÓ;0008;0190;107;119;2;4;25;280;23
08087;PERITORÓ;0008;0191;90;131;2;3;18;267;23
08087;PERITORÓ;0008;0192;140;116;2;2;11;290;19
08087;PERITORÓ;0008;0193;120;134;1;6;14;288;13
08087;PERITORÓ;0008;0194;140;113;1;3;14;281;10
08087;PERITORÓ;0008;0195;138;108;1;2;9;282;24
08087;PERITORÓ;0008;0196;92;88;1;3;3;208;21
08087;PERITORÓ;0008;0197;96;87;0;6;11;216;16
08087;PERITORÓ;0008;0198;98;88;2;3;12;213;10
08087;PERITORÓ;0008;0199;101;77;1;2;7;198;10
08087;PERITORÓ;0008;0200;92;94;0;4;22;235;23
08087;PERITORÓ;0008;0202;100;94;0;5;18;233;16
08087;PERITORÓ;0008;0203;96;112;0;2;15;243;18
08087;PERITORÓ;0008;0205;106;108;0;2;12;241;13
08087;PERITORÓ;0008;0206;115;98;1;2;13;242;13
08087;PERITORÓ;0008;0207;112;87;0;2;13;230;16
08087;PERITORÓ;0008;0208;109;100;1;2;17;238;9
08087;PERITORÓ;0008;0209;102;103;1;3;14;244;21
08087;PERITORÓ;0008;0210;117;109;1;5;11;258;15
08087;PERITORÓ;0008;0211;122;94;1;6;13;256;20
08087;PERITORÓ;0008;0212;119;92;2;5;14;249;17
08087;PERITORÓ;0008;0213;108;127;3;10;7;270;15
08087;PERITORÓ;0008;0214;103;91;0;6;29;252;23
08087;PERITORÓ;0008;0215;68;92;0;0;25;204;19
08087;PERITORÓ;0008;0216;93;91;0;0;8;214;22
08087;PERITORÓ;0008;0217;86;77;2;4;25;212;18
08087;PERITORÓ;0008;0218;84;100;1;1;9;213;18
08087;PERITORÓ;0008;0219;68;67;0;0;12;156;9
08087;PERITORÓ;0008;0220;56;110;1;4;19;212;22
08087;PERITORÓ;0008;0221;67;106;0;4;12;213;24
08087;PERITORÓ;0008;0222;42;103;1;8;12;183;17
08087;PERITORÓ;0008;0224;58;106;1;0;10;189;14
08087;PERITORÓ;0008;0226;49;136;4;0;26;246;31
08087;PERITORÓ;0008;0227;104;93;1;4;13;226;11
08087;PERITORÓ;0008;0228;100;97;0;4;12;231;18
08087;PERITORÓ;0008;0229;102;81;1;0;14;215;17
08087;PERITORÓ;0008;0230;101;104;1;5;9;232;12
08087;PERITORÓ;0008;0231;37;109;1;1;17;196;31
08087;PERITORÓ;0008;0232;36;104;1;1;11;174;21
08087;PERITORÓ;0008;0233;23;49;1;1;7;87;6
08087;PERITORÓ;0008;0234;32;63;1;10;5;129;18
08087;PERITORÓ;0008;0236;83;89;1;0;5;198;20
08087;PERITORÓ;0008;0237;39;70;0;0;3;121;9
08087;PERITORÓ;0008;0238;125;117;1;3;6;268;16
08087;PERITORÓ;0008;0239;63;82;0;3;9;161;4
08087;PERITORÓ;0008;0241;84;73;0;3;16;188;12
08087;PERITORÓ;0008;0242;86;80;3;4;12;193;8
08087;PERITORÓ;0008;0243;78;86;2;2;11;196;17
08087;PERITORÓ;0008;0244;99;91;2;2;6;206;6
08087;PERITORÓ;0008;0245;103;71;2;7;3;194;8
08214;LORETO;0062;0001;54;103;0;1;10;200;32
08214;LORETO;0062;0002;50;81;3;3;20;193;36
08214;LORETO;0062;0003;59;81;4;1;5;193;43
08214;LORETO;0062;0004;72;86;3;0;7;202;34
08214;LORETO;0062;0005;28;59;2;1;5;121;26
08214;LORETO;0062;0006;43;52;1;1;10;121;14
08214;LORETO;0062;0007;37;63;0;3;14;134;17
08214;LORETO;0062;0008;83;113;3;10;15;275;51
08214;LORETO;0062;0009;114;101;2;4;20;287;46
08214;LORETO;0062;0010;115;108;5;4;13;285;40
08214;LORETO;0062;0011;52;93;0;3;19;207;40
08214;LORETO;0062;0012;69;99;2;3;12;216;31
08214;LORETO;0062;0013;97;92;0;9;20;245;27
08214;LORETO;0062;0016;70;81;5;3;15;214;40
08214;LORETO;0062;0017;75;78;1;5;14;189;16
08214;LORETO;0062;0019;109;125;3;6;10;287;34
08214;LORETO;0062;0020;3;46;0;1;2;64;12
08214;LORETO;0062;0021;48;86;2;3;20;174;15
08214;LORETO;0062;0024;105;89;2;3;20;245;26
08214;LORETO;0062;0025;125;117;4;3;7;283;27
08214;LORETO;0062;0032;81;122;0;7;18;268;40
08214;LORETO;0062;0033;80;88;2;2;9;207;26
08214;LORETO;0062;0034;98;98;4;4;10;240;26
08214;LORETO;0062;0040;85;128;2;2;9;257;31
08214;LORETO;0062;0043;21;49;0;2;2;78;4
08214;LORETO;0062;0046;74;95;1;2;13;203;18
08214;LORETO;0062;0047;36;59;0;1;6;121;19
08214;LORETO;0062;0048;71;73;3;1;8;194;38
08214;LORETO;0062;0049;81;131;1;2;20;262;27
08214;LORETO;0062;0050;126;97;1;3;6;264;31
08214;LORETO;0062;0051;70;87;2;5;11;204;29
08214;LORETO;0062;0052;115;92;0;3;12;239;17
08214;LORETO;0062;0078;68;124;1;6;10;238;29
08214;LORETO;0062;0095;66;27;2;2;5;106;4
08249;SANTO AMARO DO MARANHÃO;0032;0098;198;55;0;10;10;299;26
08249;SANTO AMARO DO MARANHÃO;0032;0099;206;45;0;9;10;289;19
08249;SANTO AMARO DO MARANHÃO;0032;0101;184;47;3;5;9;273;25
08249;SANTO AMARO DO MARANHÃO;0032;0102;197;46;0;5;19;292;25
08249;SANTO AMARO DO MARANHÃO;0032;0103;206;52;1;4;11;290;16
08249;SANTO AMARO DO MARANHÃO;0032;0104;222;40;2;3;10;293;16
08249;SANTO AMARO DO MARANHÃO;0032;0105;157;57;1;4;7;246;20
08249;SANTO AMARO DO MARANHÃO;0032;0106;154;50;3;7;12;251;25
08249;SANTO AMARO DO MARANHÃO;0032;0107;164;44;3;4;9;241;17
08249;SANTO AMARO DO MARANHÃO;0032;0108;120;94;1;4;16;256;21
08249;SANTO AMARO DO MARANHÃO;0032;0109;127;80;0;2;16;255;30
08249;SANTO AMARO DO MARANHÃO;0032;0110;132;90;2;1;8;248;15
08249;SANTO AMARO DO MARANHÃO;0032;0111;126;92;2;5;12;260;23
08249;SANTO AMARO DO MARANHÃO;0032;0112;126;100;0;3;12;263;22
08249;SANTO AMARO DO MARANHÃO;0032;0113;133;69;0;6;16;241;17
08249;SANTO AMARO DO MARANHÃO;0032;0114;138;80;1;7;5;252;21
08249;SANTO AMARO DO MARANHÃO;0032;0115;146;72;1;3;7;253;24
08249;SANTO AMARO DO MARANHÃO;0032;0116;138;77;5;3;11;258;24
08249;SANTO AMARO DO MARANHÃO;0032;0117;134;93;1;3;15;278;32
08249;SANTO AMARO DO MARANHÃO;0032;0119;103;109;0;0;7;254;35
08249;SANTO AMARO DO MARANHÃO;0032;0120;136;74;0;1;5;231;15
08249;SANTO AMARO DO MARANHÃO;0032;0121;201;36;0;0;11;255;7
08249;SANTO AMARO DO MARANHÃO;0032;0123;129;85;1;0;9;236;12
08249;SANTO AMARO DO MARANHÃO;0032;0124;151;103;1;1;12;282;14
08249;SANTO AMARO DO MARANHÃO;0032;0125;117;37;2;4;9;182;13
08249;SANTO AMARO DO MARANHÃO;0032;0126;141;119;0;3;8;298;27
08249;SANTO AMARO DO MARANHÃO;0032;0127;87;61;0;1;8;176;19
08249;SANTO AMARO DO MARANHÃO;0032;0128;163;91;1;0;10;306;41
08249;SANTO AMARO DO MARANHÃO;0032;0129;71;18;1;1;4;104;9
08249;SANTO AMARO DO MARANHÃO;0032;0130;224;41;0;13;6;304;20
08249;SANTO AMARO DO MARANHÃO;0032;0131;133;97;2;2;6;265;25
08249;SANTO AMARO DO MARANHÃO;0032;0132;54;68;0;2;4;134;6
08249;SANTO AMARO DO MARANHÃO;0032;0133;36;43;0;3;4;96;10
08249;SANTO AMARO DO MARANHÃO;0032;0138;53;49;0;0;0;114;12
08249;SANTO AMARO DO MARANHÃO;0032;0139;43;31;0;1;9;92;8
08249;SANTO AMARO DO MARANHÃO;0032;0140;69;87;0;3;4;171;8
08249;SANTO AMARO DO MARANHÃO;0032;0153;211;34;0;5;11;274;13
08249;SANTO AMARO DO MARANHÃO;0032;0160;197;31;2;7;11;268;20
08249;SANTO AMARO DO MARANHÃO;0032;0161;162;70;1;3;13;267;18
08249;SANTO AMARO DO MARANHÃO;0032;0162;45;19;1;1;4;75;5
08249;SANTO AMARO DO MARANHÃO;0032;0163;25;47;1;0;1;90;16
08249;SANTO AMARO DO MARANHÃO;0032;0164;209;36;0;4;7;270;14
08249;SANTO AMARO DO MARANHÃO;0032;0166;77;25;0;4;7;123;10
08249;SANTO AMARO DO MARANHÃO;0032;0168;144;64;2;1;4;228;13
08249;SANTO AMARO DO MARANHÃO;0032;0170;67;61;0;0;7;143;8
08249;SANTO AMARO DO MARANHÃO;0032;0203;152;35;2;2;7;208;10
08249;SANTO AMARO DO MARANHÃO;0032;0204;33;47;0;0;2;88;6
08249;SANTO AMARO DO MARANHÃO;0032;0206;206;45;0;4;5;275;15
08249;SANTO AMARO DO MARANHÃO;0032;0208;56;5;0;4;4;73;4
08370;MONÇÃO;0043;0113;120;70;2;2;17;231;20
08370;MONÇÃO;0043;0114;139;72;4;3;10;243;15
08370;MONÇÃO;0043;0115;138;73;1;4;12;245;17
08370;MONÇÃO;0043;0116;142;71;0;4;10;252;25
08370;MONÇÃO;0043;0117;120;82;2;3;10;246;29
08370;MONÇÃO;0043;0118;122;72;4;4;11;235;22
08370;MONÇÃO;0043;0119;117;80;3;4;7;228;17
08370;MONÇÃO;0043;0120;133;84;2;6;8;245;12
08370;MONÇÃO;0043;0121;140;67;1;0;9;229;12
08370;MONÇÃO;0043;0122;105;76;1;7;11;220;20
08370;MONÇÃO;0043;0123;140;73;3;1;8;238;13
08370;MONÇÃO;0043;0124;141;63;1;16;4;241;16
08370;MONÇÃO;0043;0125;125;88;1;5;8;236;9
08370;MONÇÃO;0043;0126;87;52;1;2;10;168;16
08370;MONÇÃO;0043;0127;89;56;1;6;5;170;13
08370;MONÇÃO;0043;0128;97;51;2;1;3;168;14
08370;MONÇÃO;0043;0129;89;59;1;4;6;176;17
08370;MONÇÃO;0043;0130;92;59;2;1;6;173;13
08370;MONÇÃO;0043;0131;80;50;2;1;6;151;12
08370;MONÇÃO;0043;0132;86;51;0;3;8;163;15
08370;MONÇÃO;0043;0134;114;111;2;4;13;268;24
08370;MONÇÃO;0043;0135;35;31;0;1;6;83;10
08370;MONÇÃO;0043;0136;151;70;1;1;13;257;21
08370;MONÇÃO;0043;0137;138;95;0;0;10;259;16
08370;MONÇÃO;0043;0140;85;63;0;1;15;185;21
08370;MONÇÃO;0043;0141;105;52;0;2;5;179;15
08370;MONÇÃO;0043;0142;115;70;1;3;3;211;19
08370;MONÇÃO;0043;0144;108;63;2;3;9;205;20
08370;MONÇÃO;0043;0145;114;80;1;2;9;223;17
08370;MONÇÃO;0043;0146;111;83;2;2;5;220;17
08370;MONÇÃO;0043;0147;118;66;2;2;4;209;17
08370;MONÇÃO;0043;0148;17;19;0;0;2;45;7
08370;MONÇÃO;0043;0149;32;39;0;1;7;89;10
08370;MONÇÃO;0043;0151;80;80;0;1;10;187;16
08370;MONÇÃO;0043;0152;90;124;0;2;8;248;24
08370;MONÇÃO;0043;0153;73;34;1;1;8;151;34
08370;MONÇÃO;0043;0154;82;43;0;0;1;138;12
08370;MONÇÃO;0043;0155;93;66;1;2;6;194;26
08370;MONÇÃO;0043;0156;45;41;1;0;4;112;21
08370;MONÇÃO;0043;0157;40;15;0;0;8;65;2
08370;MONÇÃO;0043;0158;111;100;2;4;11;252;24
08370;MONÇÃO;0043;0159;123;95;0;4;9;261;30
08370;MONÇÃO;0043;0160;126;71;4;3;11;235;20
08370;MONÇÃO;0043;0161;106;78;0;6;8;227;29
08370;MONÇÃO;0043;0162;140;82;1;4;16;269;26
08370;MONÇÃO;0043;0163;139;81;1;3;11;258;23
08370;MONÇÃO;0043;0164;133;81;4;3;13;262;28
08370;MONÇÃO;0043;0165;144;78;0;9;11;271;29
08370;MONÇÃO;0043;0166;110;93;1;1;10;241;26
08370;MONÇÃO;0043;0167;118;79;0;6;11;243;29
08370;MONÇÃO;0043;0168;92;94;0;3;5;211;17
08370;MONÇÃO;0043;0169;115;105;0;4;10;262;28
08370;MONÇÃO;0043;0171;59;58;1;0;12;141;11
08370;MONÇÃO;0043;0172;67;67;0;3;4;155;14
08370;MONÇÃO;0043;0174;91;86;0;3;2;194;12
08370;MONÇÃO;0043;0175;81;82;0;2;5;180;10
08370;MONÇÃO;0043;0176;84;68;0;1;5;172;14
08370;MONÇÃO;0043;0177;149;82;0;1;2;246;12
08370;MONÇÃO;0043;0178;127;85;0;1;2;228;13
08370;MONÇÃO;0043;0179;42;44;0;0;5;95;4
08370;MONÇÃO;0043;0180;54;41;0;0;0;95;0
08370;MONÇÃO;0043;0181;170;89;0;5;8;304;32
08370;MONÇÃO;0043;0182;64;15;0;0;3;122;40
08370;MONÇÃO;0043;0183;43;58;0;2;5;121;13
08370;MONÇÃO;0043;0184;98;94;2;6;7;237;30
08370;MONÇÃO;0043;0187;95;87;0;0;9;229;38
08370;MONÇÃO;0043;0188;74;45;0;3;6;150;22
08370;MONÇÃO;0043;0189;78;38;0;2;7;145;20
08370;MONÇÃO;0043;0190;33;35;0;0;1;82;13
08370;MONÇÃO;0043;0191;140;75;2;2;9;245;17
08370;MONÇÃO;0043;0192;117;81;1;3;10;229;17
08370;MONÇÃO;0043;0193;105;91;0;4;10;230;20
08370;MONÇÃO;0043;0194;110;89;1;4;5;229;20
08370;MONÇÃO;0043;0195;118;93;0;2;14;252;25
08370;MONÇÃO;0043;0196;115;78;1;1;5;216;16
08370;MONÇÃO;0043;0197;6;27;0;0;0;42;9
08370;MONÇÃO;0043;0198;51;53;0;1;2;113;6
08370;MONÇÃO;0043;0199;18;46;1;0;1;81;15
08370;MONÇÃO;0043;0200;61;28;0;0;2;94;3
08370;MONÇÃO;0043;0201;33;13;0;1;4;65;14
08370;MONÇÃO;0043;0202;32;25;0;0;0;64;7
08370;MONÇÃO;0043;0203;22;21;0;0;0;57;14
08370;MONÇÃO;0043;0208;33;27;0;1;5;76;10
08370;MONÇÃO;0043;0210;55;35;6;1;9;119;13
08370;MONÇÃO;0043;0211;52;63;0;0;2;124;7
08370;MONÇÃO;0043;0213;113;77;1;3;1;210;15
08370;MONÇÃO;0043;0215;35;55;0;2;5;105;8
08400;SÃO PEDRO DOS CRENTES;0082;0030;152;119;5;0;16;298;6
08400;SÃO PEDRO DOS CRENTES;0082;0031;142;113;4;6;15;288;8
08400;SÃO PEDRO DOS CRENTES;0082;0032;135;132;1;5;22;303;8
08400;SÃO PEDRO DOS CRENTES;0082;0033;119;133;6;1;14;285;12
08400;SÃO PEDRO DOS CRENTES;0082;0036;105;39;0;4;10;168;10
08400;SÃO PEDRO DOS CRENTES;0082;0037;82;48;1;2;15;159;11
08400;SÃO PEDRO DOS CRENTES;0082;0038;106;49;0;1;8;173;9
08400;SÃO PEDRO DOS CRENTES;0082;0048;148;117;1;0;14;289;9
08400;SÃO PEDRO DOS CRENTES;0082;0057;122;114;3;2;22;278;15
08400;SÃO PEDRO DOS CRENTES;0082;0062;143;113;3;4;12;281;6
08400;SÃO PEDRO DOS CRENTES;0082;0071;137;114;10;5;15;296;15
08400;SÃO PEDRO DOS CRENTES;0082;0080;142;120;2;2;12;292;14
08400;SÃO PEDRO DOS CRENTES;0082;0084;147;114;0;5;10;282;6
08400;SÃO PEDRO DOS CRENTES;0082;0085;136;100;1;2;13;263;11
08400;SÃO PEDRO DOS CRENTES;0082;0092;114;106;2;0;13;244;9
08451;NOVA IORQUE;0017;0037;91;111;0;0;10;225;13
08451;NOVA IORQUE;0017;0038;97;102;0;1;11;231;20
08451;NOVA IORQUE;0017;0039;67;106;1;0;5;193;14
08451;NOVA IORQUE;0017;0040;67;103;1;3;5;196;17
08451;NOVA IORQUE;0017;0041;78;111;1;2;9;214;13
08451;NOVA IORQUE;0017;0042;62;89;0;0;17;181;13
08451;NOVA IORQUE;0017;0043;59;84;0;4;11;177;19
08451;NOVA IORQUE;0017;0044;66;93;0;3;8;179;9
08451;NOVA IORQUE;0017;0045;97;134;3;2;7;259;16
08451;NOVA IORQUE;0017;0046;89;127;1;3;5;231;6
08451;NOVA IORQUE;0017;0050;73;107;1;0;5;205;19
08451;NOVA IORQUE;0017;0060;46;154;0;2;8;220;10
08451;NOVA IORQUE;0017;0061;75;196;1;1;3;283;7
08451;NOVA IORQUE;0017;0062;68;185;1;2;8;273;9
08451;NOVA IORQUE;0017;0065;45;152;0;1;6;218;14
08516;PALMEIRÂNDIA;0038;0049;116;82;1;6;7;231;19
08516;PALMEIRÂNDIA;0038;0052;146;75;1;5;4;252;21
08516;PALMEIRÂNDIA;0038;0053;102;105;0;3;5;227;12
08516;PALMEIRÂNDIA;0038;0063;95;86;1;4;10;209;13
08516;PALMEIRÂNDIA;0038;0064;131;97;2;6;7;266;23
08516;PALMEIRÂNDIA;0038;0065;109;51;0;3;5;183;15
08516;PALMEIRÂNDIA;0038;0066;93;97;4;0;7;215;14
08516;PALMEIRÂNDIA;0038;0090;84;75;2;4;8;188;15
08516;PALMEIRÂNDIA;0038;0094;102;96;0;4;13;248;33
08516;PALMEIRÂNDIA;0038;0096;82;57;0;3;9;167;16
08516;PALMEIRÂNDIA;0038;0099;29;117;0;2;11;181;22
08516;PALMEIRÂNDIA;0038;0101;131;80;0;3;6;242;22
08516;PALMEIRÂNDIA;0038;0107;113;102;0;3;5;241;18
08516;PALMEIRÂNDIA;0038;0112;41;99;1;2;7;169;19
08516;PALMEIRÂNDIA;0038;0115;109;62;0;5;5;205;24
08516;PALMEIRÂNDIA;0038;0121;71;67;2;4;3;154;7
08516;PALMEIRÂNDIA;0038;0122;115;69;1;7;5;212;15
08516;PALMEIRÂNDIA;0038;0123;129;86;0;7;9;257;26
08516;PALMEIRÂNDIA;0038;0124;67;103;0;2;12;200;16
08516;PALMEIRÂNDIA;0038;0125;154;45;0;9;14;239;17
08516;PALMEIRÂNDIA;0038;0129;12;56;1;2;3;77;3
08516;PALMEIRÂNDIA;0038;0135;127;87;0;8;2;231;7
08516;PALMEIRÂNDIA;0038;0136;82;75;0;5;8;197;27
08516;PALMEIRÂNDIA;0038;0138;133;79;0;4;7;242;19
08516;PALMEIRÂNDIA;0038;0144;57;68;0;5;6;148;12
08516;PALMEIRÂNDIA;0038;0154;76;56;0;3;5;152;12
08516;PALMEIRÂNDIA;0038;0156;75;61;0;2;12;178;28
08516;PALMEIRÂNDIA;0038;0157;150;54;0;7;6;231;14
08516;PALMEIRÂNDIA;0038;0162;112;64;0;4;5;193;8
08516;PALMEIRÂNDIA;0038;0164;76;79;0;2;3;173;13
08516;PALMEIRÂNDIA;0038;0170;34;102;0;0;4;150;10
08516;PALMEIRÂNDIA;0038;0171;74;80;1;3;4;173;11
08516;PALMEIRÂNDIA;0038;0172;115;80;0;1;6;215;13
08516;PALMEIRÂNDIA;0038;0173;99;80;0;4;6;207;18
08516;PALMEIRÂNDIA;0038;0174;134;83;1;4;12;252;18
08516;PALMEIRÂNDIA;0038;0175;134;98;1;3;10;261;15
08516;PALMEIRÂNDIA;0038;0176;116;89;3;4;7;235;16
08516;PALMEIRÂNDIA;0038;0178;108;92;0;7;6;225;12
08516;PALMEIRÂNDIA;0038;0179;87;72;1;4;20;209;25
08516;PALMEIRÂNDIA;0038;0180;111;56;0;5;5;195;18
08516;PALMEIRÂNDIA;0038;0181;124;92;0;9;3;242;14
08516;PALMEIRÂNDIA;0038;0182;103;65;0;2;3;188;15
08516;PALMEIRÂNDIA;0038;0183;92;54;2;4;8;181;21
08516;PALMEIRÂNDIA;0038;0184;89;78;1;4;3;190;15
08516;PALMEIRÂNDIA;0038;0185;117;85;0;1;8;230;19
08516;PALMEIRÂNDIA;0038;0186;112;88;1;5;7;237;24
08516;PALMEIRÂNDIA;0038;0187;119;95;0;1;9;244;20
08516;PALMEIRÂNDIA;0038;0188;126;85;0;6;6;243;20
08516;PALMEIRÂNDIA;0038;0189;102;80;1;3;10;223;27
08516;PALMEIRÂNDIA;0038;0190;84;90;1;0;7;203;21
08516;PALMEIRÂNDIA;0038;0191;110;90;0;1;11;229;17
08516;PALMEIRÂNDIA;0038;0192;94;67;0;7;11;198;19
08516;PALMEIRÂNDIA;0038;0193;138;94;3;12;7;274;20
08516;PALMEIRÂNDIA;0038;0195;116;84;1;5;13;245;26
08516;PALMEIRÂNDIA;0038;0196;133;89;1;8;7;263;25
08516;PALMEIRÂNDIA;0038;0197;134;90;1;6;10;262;21
08516;PALMEIRÂNDIA;0038;0198;106;63;2;5;13;206;17
08516;PALMEIRÂNDIA;0038;0199;110;86;0;1;11;229;21
08516;PALMEIRÂNDIA;0038;0200;106;60;0;7;3;188;12
08516;PALMEIRÂNDIA;0038;0206;84;53;1;3;11;166;14
08516;PALMEIRÂNDIA;0038;0207;55;9;1;3;1;73;4
08575;PASSAGEM FRANCA;0044;0001;66;73;1;4;13;166;9
08575;PASSAGEM FRANCA;0044;0002;73;76;0;6;14;177;8
08575;PASSAGEM FRANCA;0044;0003;67;82;2;4;12;173;6
08575;PASSAGEM FRANCA;0044;0004;71;73;2;2;11;174;15
08575;PASSAGEM FRANCA;0044;0005;66;73;1;4;16;176;16
08575;PASSAGEM FRANCA;0044;0006;68;85;0;1;13;180;13
08575;PASSAGEM FRANCA;0044;0007;82;71;1;4;6;173;9
08575;PASSAGEM FRANCA;0044;0008;74;55;3;2;13;156;9
08575;PASSAGEM FRANCA;0044;0009;83;71;2;4;11;175;4
08575;PASSAGEM FRANCA;0044;0010;134;97;0;4;10;252;7
08575;PASSAGEM FRANCA;0044;0011;118;110;1;3;15;259;12
08575;PASSAGEM FRANCA;0044;0012;90;72;0;8;16;200;14
08575;PASSAGEM FRANCA;0044;0025;89;83;0;2;10;198;14
08575;PASSAGEM FRANCA;0044;0026;97;69;1;5;11;196;13
08575;PASSAGEM FRANCA;0044;0027;87;87;1;0;9;194;10
08575;PASSAGEM FRANCA;0044;0028;85;82;2;1;14;197;13
08575;PASSAGEM FRANCA;0044;0029;99;63;0;7;10;186;7
08575;PASSAGEM FRANCA;0044;0030;105;108;3;5;14;247;12
08575;PASSAGEM FRANCA;0044;0031;90;83;5;4;23;231;26
08575;PASSAGEM FRANCA;0044;0033;60;57;2;0;16;146;11
08575;PASSAGEM FRANCA;0044;0036;74;70;2;1;16;173;10
08575;PASSAGEM FRANCA;0044;0037;66;72;1;1;12;163;11
08575;PASSAGEM FRANCA;0044;0038;66;70;1;3;14;170;16
08575;PASSAGEM FRANCA;0044;0039;70;70;1;8;8;176;19
08575;PASSAGEM FRANCA;0044;0040;67;70;1;4;12;164;10
08575;PASSAGEM FRANCA;0044;0041;109;96;0;5;15;238;13
08575;PASSAGEM FRANCA;0044;0042;118;114;3;2;9;262;16
08575;PASSAGEM FRANCA;0044;0043;107;112;2;1;24;259;13
08575;PASSAGEM FRANCA;0044;0044;110;116;2;4;9;249;8
08575;PASSAGEM FRANCA;0044;0045;106;81;1;3;7;213;15
08575;PASSAGEM FRANCA;0044;0046;108;88;0;4;7;221;14
08575;PASSAGEM FRANCA;0044;0048;105;110;4;1;13;247;14
08575;PASSAGEM FRANCA;0044;0049;120;111;2;5;13;259;8
08575;PASSAGEM FRANCA;0044;0050;114;99;1;8;17;252;13
08575;PASSAGEM FRANCA;0044;0054;66;78;0;3;8;170;15
08575;PASSAGEM FRANCA;0044;0061;88;80;0;7;13;198;10
08575;PASSAGEM FRANCA;0044;0064;79;71;1;3;15;182;13
08575;PASSAGEM FRANCA;0044;0067;91;77;1;2;6;189;12
08575;PASSAGEM FRANCA;0044;0082;68;73;2;3;19;179;14
08575;PASSAGEM FRANCA;0044;0083;128;97;1;5;17;259;11
08575;PASSAGEM FRANCA;0044;0084;75;53;1;2;8;158;19
08575;PASSAGEM FRANCA;0044;0085;83;91;2;0;11;208;21
08575;PASSAGEM FRANCA;0044;0088;78;56;3;1;10;154;6
08575;PASSAGEM FRANCA;0044;0089;75;146;0;0;18;252;13
08575;PASSAGEM FRANCA;0044;0090;39;71;0;1;14;139;14
08575;PASSAGEM FRANCA;0044;0092;91;111;1;1;22;242;16
08575;PASSAGEM FRANCA;0044;0094;40;56;0;1;12;113;4
08575;PASSAGEM FRANCA;0044;0097;105;97;0;6;25;260;27
08575;PASSAGEM FRANCA;0044;0103;63;99;1;2;19;203;19
08575;PASSAGEM FRANCA;0044;0104;40;48;2;2;11;113;10
08575;PASSAGEM FRANCA;0044;0107;64;104;0;5;19;215;23
08575;PASSAGEM FRANCA;0044;0108;121;94;1;4;11;246;15
08575;PASSAGEM FRANCA;0044;0109;92;66;1;0;18;188;11
08575;PASSAGEM FRANCA;0044;0112;59;58;0;4;15;147;11
08575;PASSAGEM FRANCA;0044;0113;77;60;0;0;10;154;7
08575;PASSAGEM FRANCA;0044;0114;125;97;1;7;5;243;8
08575;PASSAGEM FRANCA;0044;0173;111;91;1;3;16;235;13
08575;PASSAGEM FRANCA;0044;0174;63;57;0;1;5;129;3
08621;VILA NOVA DOS MARTÍRIOS;0092;0061;121;96;9;4;10;263;23
08621;VILA NOVA DOS MARTÍRIOS;0092;0062;109;111;4;3;15;264;22
08621;VILA NOVA DOS MARTÍRIOS;0092;0063;98;110;5;2;10;253;28
08621;VILA NOVA DOS MARTÍRIOS;0092;0064;88;62;8;6;10;211;37
08621;VILA NOVA DOS MARTÍRIOS;0092;0065;82;74;2;1;10;197;28
08621;VILA NOVA DOS MARTÍRIOS;0092;0066;93;89;3;0;10;217;22
08621;VILA NOVA DOS MARTÍRIOS;0092;0067;77;97;5;8;11;216;18
08621;VILA NOVA DOS MARTÍRIOS;0092;0068;78;105;4;4;7;214;16
08621;VILA NOVA DOS MARTÍRIOS;0092;0069;101;133;6;7;7;282;28
08621;VILA NOVA DOS MARTÍRIOS;0092;0070;105;117;7;3;13;279;34
08621;VILA NOVA DOS MARTÍRIOS;0092;0071;123;125;8;3;16;300;25
08621;VILA NOVA DOS MARTÍRIOS;0092;0072;92;129;7;4;15;284;37
08621;VILA NOVA DOS MARTÍRIOS;0092;0073;123;109;5;6;13;280;24
08621;VILA NOVA DOS MARTÍRIOS;0092;0074;109;124;3;6;14;275;19
08621;VILA NOVA DOS MARTÍRIOS;0092;0075;108;130;7;7;16;293;25
08621;VILA NOVA DOS MARTÍRIOS;0092;0076;98;127;5;3;20;281;28
08621;VILA NOVA DOS MARTÍRIOS;0092;0201;71;79;4;4;8;187;21
08621;VILA NOVA DOS MARTÍRIOS;0092;0217;99;105;3;4;19;255;25
08621;VILA NOVA DOS MARTÍRIOS;0092;0229;99;117;0;10;13;264;25
08621;VILA NOVA DOS MARTÍRIOS;0092;0231;103;104;5;1;6;252;33
08621;VILA NOVA DOS MARTÍRIOS;0092;0243;86;96;4;7;6;217;18
08621;VILA NOVA DOS MARTÍRIOS;0092;0256;134;95;5;9;8;274;23
08621;VILA NOVA DOS MARTÍRIOS;0092;0274;76;66;7;6;7;178;16
08621;VILA NOVA DOS MARTÍRIOS;0092;0275;103;89;5;9;12;240;22
08621;VILA NOVA DOS MARTÍRIOS;0092;0279;79;86;7;6;8;204;18
08621;VILA NOVA DOS MARTÍRIOS;0092;0280;76;117;3;9;16;249;28
08621;VILA NOVA DOS MARTÍRIOS;0092;0281;81;123;3;4;6;242;25
08753;POÇÃO DE PEDRAS;0061;0003;75;75;4;5;19;212;34
08753;POÇÃO DE PEDRAS;0061;0005;101;88;2;5;7;222;19
08753;POÇÃO DE PEDRAS;0061;0008;83;118;1;5;17;250;26
08753;POÇÃO DE PEDRAS;0061;0010;65;140;2;11;22;266;26
08753;POÇÃO DE PEDRAS;0061;0019;45;104;1;5;4;168;9
08753;POÇÃO DE PEDRAS;0061;0023;29;48;1;3;7;98;10
08753;POÇÃO DE PEDRAS;0061;0025;50;107;1;3;9;186;16
08753;POÇÃO DE PEDRAS;0061;0029;36;95;0;3;11;155;10
08753;POÇÃO DE PEDRAS;0061;0030;45;64;2;8;8;144;17
08753;POÇÃO DE PEDRAS;0061;0031;45;59;0;6;6;143;27
08753;POÇÃO DE PEDRAS;0061;0032;46;66;1;3;8;140;16
08753;POÇÃO DE PEDRAS;0061;0033;42;116;1;9;9;181;4
08753;POÇÃO DE PEDRAS;0061;0034;54;105;2;2;11;188;14
08753;POÇÃO DE PEDRAS;0061;0035;53;86;0;5;11;199;44
08753;POÇÃO DE PEDRAS;0061;0037;47;71;4;2;6;141;11
08753;POÇÃO DE PEDRAS;0061;0038;41;80;5;2;14;155;13
08753;POÇÃO DE PEDRAS;0061;0040;33;138;1;4;14;202;12
08753;POÇÃO DE PEDRAS;0061;0041;67;89;1;7;13;199;22
08753;POÇÃO DE PEDRAS;0061;0044;87;77;3;3;12;197;15
08753;POÇÃO DE PEDRAS;0061;0045;48;96;2;0;5;170;19
08753;POÇÃO DE PEDRAS;0061;0068;94;80;1;5;5;199;14
08753;POÇÃO DE PEDRAS;0061;0069;116;140;4;6;8;300;26
08753;POÇÃO DE PEDRAS;0061;0088;35;161;0;5;12;229;16
08753;POÇÃO DE PEDRAS;0061;0097;20;65;3;1;2;106;15
08753;POÇÃO DE PEDRAS;0061;0098;111;86;6;6;13;242;20
08753;POÇÃO DE PEDRAS;0061;0099;26;51;1;4;7;103;14
08753;POÇÃO DE PEDRAS;0061;0100;69;190;2;4;8;282;9
08753;POÇÃO DE PEDRAS;0061;0101;90;106;0;5;3;217;13
08753;POÇÃO DE PEDRAS;0061;0102;48;68;0;1;6;141;18
08753;POÇÃO DE PEDRAS;0061;0107;42;100;5;5;3;164;9
08753;POÇÃO DE PEDRAS;0061;0108;49;78;1;8;2;143;5
08753;POÇÃO DE PEDRAS;0061;0112;25;28;0;7;0;64;4
08753;POÇÃO DE PEDRAS;0061;0118;51;52;2;1;4;133;23
08753;POÇÃO DE PEDRAS;0061;0119;17;34;1;0;3;60;5
08753;POÇÃO DE PEDRAS;0061;0120;82;85;4;4;11;203;17
08753;POÇÃO DE PEDRAS;0061;0124;29;38;0;2;3;75;3
08753;POÇÃO DE PEDRAS;0061;0129;48;57;0;2;6;123;10
08753;POÇÃO DE PEDRAS;0061;0130;53;88;0;1;3;165;20
08753;POÇÃO DE PEDRAS;0061;0132;13;77;0;1;0;110;19
08753;POÇÃO DE PEDRAS;0061;0138;91;80;1;4;12;207;19
08753;POÇÃO DE PEDRAS;0061;0139;109;88;5;5;19;266;40
08753;POÇÃO DE PEDRAS;0061;0146;42;76;0;2;8;134;6
08753;POÇÃO DE PEDRAS;0061;0147;45;65;2;4;10;132;6
08753;POÇÃO DE PEDRAS;0061;0149;54;88;5;2;13;176;14
08753;POÇÃO DE PEDRAS;0061;0150;79;73;3;2;16;201;28
08753;POÇÃO DE PEDRAS;0061;0151;9;99;0;1;6;121;6
08753;POÇÃO DE PEDRAS;0061;0152;18;59;1;3;2;89;6
08753;POÇÃO DE PEDRAS;0061;0160;110;86;3;7;9;229;14
08753;POÇÃO DE PEDRAS;0061;0167;31;47;4;1;9;100;8
08753;POÇÃO DE PEDRAS;0061;0170;80;87;2;2;9;192;12
08753;POÇÃO DE PEDRAS;0061;0171;91;73;0;4;10;196;18
08753;POÇÃO DE PEDRAS;0061;0172;71;103;3;6;11;208;14
08753;POÇÃO DE PEDRAS;0061;0173;92;93;4;4;7;222;22
08753;POÇÃO DE PEDRAS;0061;0174;80;104;2;2;10;226;28
08753;POÇÃO DE PEDRAS;0061;0175;71;99;1;4;7;195;13
08753;POÇÃO DE PEDRAS;0061;0176;134;109;3;4;18;289;21
08753;POÇÃO DE PEDRAS;0061;0177;150;109;2;8;13;298;16
08753;POÇÃO DE PEDRAS;0061;0178;146;96;3;7;16;287;19
08753;POÇÃO DE PEDRAS;0061;0179;44;48;0;7;9;126;18
08753;POÇÃO DE PEDRAS;0061;0180;29;62;2;6;6;128;23
08753;POÇÃO DE PEDRAS;0061;0181;49;52;4;1;14;134;14
08753;POÇÃO DE PEDRAS;0061;0182;47;55;3;1;6;133;21
08753;POÇÃO DE PEDRAS;0061;0183;43;94;1;5;5;156;8
08753;POÇÃO DE PEDRAS;0061;0184;42;127;0;6;5;189;9
08753;POÇÃO DE PEDRAS;0061;0187;67;87;3;3;13;189;16
08753;POÇÃO DE PEDRAS;0061;0194;37;152;0;2;8;213;14
08877;RIACHÃO;0075;0001;109;130;2;1;17;281;22
08877;RIACHÃO;0075;0002;140;110;0;7;20;301;24
08877;RIACHÃO;0075;0003;124;113;5;1;17;286;26
08877;RIACHÃO;0075;0004;116;135;7;8;11;294;17
08877;RIACHÃO;0075;0005;78;95;1;2;18;218;24
08877;RIACHÃO;0075;0006;81;82;4;7;14;208;20
08877;RIACHÃO;0075;0007;85;103;4;4;13;226;17
08877;RIACHÃO;0075;0008;85;79;0;3;10;193;16
08877;RIACHÃO;0075;0009;66;74;2;2;13;177;20
08877;RIACHÃO;0075;0010;66;85;3;1;16;188;17
08877;RIACHÃO;0075;0011;69;84;2;4;10;184;15
08877;RIACHÃO;0075;0012;56;108;2;3;12;199;18
08877;RIACHÃO;0075;0013;108;116;2;3;6;247;12
08877;RIACHÃO;0075;0014;118;102;3;7;8;255;17
08877;RIACHÃO;0075;0015;105;109;5;2;11;246;14
08877;RIACHÃO;0075;0016;93;119;3;8;8;246;15
08877;RIACHÃO;0075;0017;104;106;2;8;11;253;22
08877;RIACHÃO;0075;0018;102;126;0;5;10;262;19
08877;RIACHÃO;0075;0019;106;117;1;3;9;258;22
08877;RIACHÃO;0075;0020;72;73;5;4;14;196;28
08877;RIACHÃO;0075;0021;124;111;3;4;10;274;22
08877;RIACHÃO;0075;0022;131;122;5;3;13;294;20
08877;RIACHÃO;0075;0023;118;107;2;9;16;275;23
08877;RIACHÃO;0075;0024;107;117;6;4;12;272;26
08877;RIACHÃO;0075;0025;54;89;3;2;13;181;20
08877;RIACHÃO;0075;0026;58;80;2;1;16;175;18
08877;RIACHÃO;0075;0027;72;73;3;3;13;184;20
08877;RIACHÃO;0075;0028;66;85;0;4;9;180;16
08877;RIACHÃO;0075;0029;63;77;3;4;8;171;16
08877;RIACHÃO;0075;0030;66;82;2;1;12;180;17
08877;RIACHÃO;0075;0032;108;114;3;1;4;263;33
08877;RIACHÃO;0075;0033;79;134;1;4;16;254;20
08877;RIACHÃO;0075;0034;80;85;3;4;9;197;16
08877;RIACHÃO;0075;0035;66;83;1;7;15;183;11
08877;RIACHÃO;0075;0038;70;152;1;3;8;253;19
08877;RIACHÃO;0075;0042;113;111;4;1;14;260;17
08877;RIACHÃO;0075;0043;64;129;9;3;23;265;37
08877;RIACHÃO;0075;0044;105;118;2;3;13;275;34
08877;RIACHÃO;0075;0048;68;93;1;5;12;195;16
08877;RIACHÃO;0075;0049;100;44;20;11;19;213;19
08877;RIACHÃO;0075;0050;93;114;1;5;17;277;47
08877;RIACHÃO;0075;0051;73;137;0;2;15;244;17
08877;RIACHÃO;0075;0052;82;106;2;5;7;221;19
08877;RIACHÃO;0075;0058;83;122;3;2;14;250;26
08877;RIACHÃO;0075;0062;113;124;4;5;9;265;10
08877;RIACHÃO;0075;0064;47;72;4;2;9;157;23
08877;RIACHÃO;0075;0065;31;79;0;1;1;121;9
08877;RIACHÃO;0075;0066;97;109;5;2;16;251;22
08877;RIACHÃO;0075;0067;102;86;3;2;13;215;9
08877;RIACHÃO;0075;0068;43;49;0;0;8;120;20
08877;RIACHÃO;0075;0070;64;60;0;0;3;187;60
08877;RIACHÃO;0075;0072;114;101;0;2;15;258;26
08877;RIACHÃO;0075;0074;78;119;1;3;19;247;27
08877;RIACHÃO;0075;0076;75;124;1;2;16;237;19
08877;RIACHÃO;0075;0077;91;109;1;3;12;232;16
08877;RIACHÃO;0075;0078;107;105;3;6;7;246;18
08877;RIACHÃO;0075;0082;96;117;0;4;9;241;15
08877;RIACHÃO;0075;0083;88;140;2;3;13;267;21
08990;SANTA QUITÉRIA DO MARANHÃO;0024;0050;70;132;0;3;13;242;24
08990;SANTA QUITÉRIA DO MARANHÃO;0024;0051;51;134;0;1;8;219;25
08990;SANTA QUITÉRIA DO MARANHÃO;0024;0052;79;67;2;9;16;180;7
08990;SANTA QUITÉRIA DO MARANHÃO;0024;0053;54;128;1;1;9;200;7
08990;SANTA QUITÉRIA DO MARANHÃO;0024;0055;96;138;0;1;8;263;20
08990;SANTA QUITÉRIA DO MARANHÃO;0024;0059;95;123;1;8;14;257;16
08990;SANTA QUITÉRIA DO MARANHÃO;0024;0060;80;131;3;1;9;228;4
08990;SANTA QUITÉRIA DO MARANHÃO;0024;0062;71;110;0;6;14;209;8
08990;SANTA QUITÉRIA DO MARANHÃO;0024;0063;148;76;1;4;16;256;11
08990;SANTA QUITÉRIA DO MARANHÃO;0024;0064;105;71;0;3;19;208;10
08990;SANTA QUITÉRIA DO MARANHÃO;0024;0065;76;113;0;4;10;229;26
08990;SANTA QUITÉRIA DO MARANHÃO;0024;0066;89;95;2;9;11;217;11
08990;SANTA QUITÉRIA DO MARANHÃO;0024;0067;130;113;3;10;18;292;18
08990;SANTA QUITÉRIA DO MARANHÃO;0024;0068;106;107;0;3;10;238;12
08990;SANTA QUITÉRIA DO MARANHÃO;0024;0069;128;101;3;2;14;266;18
08990;SANTA QUITÉRIA DO MARANHÃO;0024;0080;123;94;4;6;22;263;14
08990;SANTA QUITÉRIA DO MARANHÃO;0024;0083;105;119;1;1;13;255;16
08990;SANTA QUITÉRIA DO MARANHÃO;0024;0093;89;95;0;8;14;213;7
08990;SANTA QUITÉRIA DO MARANHÃO;0024;0095;92;131;0;4;16;269;26
08990;SANTA QUITÉRIA DO MARANHÃO;0024;0098;158;125;1;10;8;322;20
08990;SANTA QUITÉRIA DO MARANHÃO;0024;0119;104;114;1;11;13;261;18
08990;SANTA QUITÉRIA DO MARANHÃO;0024;0127;100;107;0;6;15;242;14
08990;SANTA QUITÉRIA DO MARANHÃO;0024;0140;98;107;0;0;19;242;18
08990;SANTA QUITÉRIA DO MARANHÃO;0024;0144;85;83;1;2;13;193;9
08990;SANTA QUITÉRIA DO MARANHÃO;0024;0145;96;68;1;14;10;202;13
08990;SANTA QUITÉRIA DO MARANHÃO;0024;0151;83;154;1;0;15;273;20
08990;SANTA QUITÉRIA DO MARANHÃO;0024;0159;142;106;1;2;8;272;13
08990;SANTA QUITÉRIA DO MARANHÃO;0024;0161;89;161;1;4;5;271;11
08990;SANTA QUITÉRIA DO MARANHÃO;0024;0171;59;180;1;2;9;279;28
08990;SANTA QUITÉRIA DO MARANHÃO;0024;0172;104;145;0;5;13;282;15
08990;SANTA QUITÉRIA DO MARANHÃO;0024;0178;90;142;1;3;14;262;12
08990;SANTA QUITÉRIA DO MARANHÃO;0024;0180;102;86;1;7;13;227;18
08990;SANTA QUITÉRIA DO MARANHÃO;0024;0181;104;78;2;6;6;211;15
08990;SANTA QUITÉRIA DO MARANHÃO;0024;0182;77;152;0;2;8;247;8
08990;SANTA QUITÉRIA DO MARANHÃO;0024;0188;84;97;0;5;21;230;23
08990;SANTA QUITÉRIA DO MARANHÃO;0024;0192;77;96;1;4;10;198;10
08990;SANTA QUITÉRIA DO MARANHÃO;0024;0196;109;88;3;6;11;239;22
08990;SANTA QUITÉRIA DO MARANHÃO;0024;0198;90;81;1;3;5;183;3
08990;SANTA QUITÉRIA DO MARANHÃO;0024;0205;60;65;0;2;28;172;17
08990;SANTA QUITÉRIA DO MARANHÃO;0024;0207;97;75;3;5;14;207;13
08990;SANTA QUITÉRIA DO MARANHÃO;0024;0209;126;108;1;6;13;272;18
08990;SANTA QUITÉRIA DO MARANHÃO;0024;0211;165;113;4;7;13;322;20
08990;SANTA QUITÉRIA DO MARANHÃO;0024;0213;164;111;1;7;16;317;18
08990;SANTA QUITÉRIA DO MARANHÃO;0024;0214;145;122;7;14;11;314;15
08990;SANTA QUITÉRIA DO MARANHÃO;0024;0216;65;69;2;4;12;168;16
08990;SANTA QUITÉRIA DO MARANHÃO;0024;0218;103;76;1;11;9;221;21
08990;SANTA QUITÉRIA DO MARANHÃO;0024;0221;97;74;0;8;13;209;17
08990;SANTA QUITÉRIA DO MARANHÃO;0024;0222;109;86;5;5;7;229;17
08990;SANTA QUITÉRIA DO MARANHÃO;0024;0224;107;84;0;8;7;218;12
08990;SANTA QUITÉRIA DO MARANHÃO;0024;0226;116;72;1;9;8;226;20
08990;SANTA QUITÉRIA DO MARANHÃO;0024;0229;113;70;3;7;11;218;14
08990;SANTA QUITÉRIA DO MARANHÃO;0024;0230;98;87;3;6;7;213;12
08990;SANTA QUITÉRIA DO MARANHÃO;0024;0233;88;114;1;2;9;227;13
08990;SANTA QUITÉRIA DO MARANHÃO;0024;0234;71;87;2;9;16;202;17
08990;SANTA QUITÉRIA DO MARANHÃO;0024;0237;95;79;0;5;16;210;15
08990;SANTA QUITÉRIA DO MARANHÃO;0024;0239;117;98;2;3;11;242;11
08990;SANTA QUITÉRIA DO MARANHÃO;0024;0240;104;74;4;9;10;215;14
08990;SANTA QUITÉRIA DO MARANHÃO;0024;0241;127;90;2;8;8;251;16
08990;SANTA QUITÉRIA DO MARANHÃO;0024;0242;99;82;3;7;15;217;11
08990;SANTA QUITÉRIA DO MARANHÃO;0024;0243;133;83;1;6;9;249;17
08990;SANTA QUITÉRIA DO MARANHÃO;0024;0244;116;87;2;5;16;240;14
08990;SANTA QUITÉRIA DO MARANHÃO;0024;0245;83;90;3;7;15;208;10
08990;SANTA QUITÉRIA DO MARANHÃO;0024;0246;105;98;0;6;14;232;9
08990;SANTA QUITÉRIA DO MARANHÃO;0024;0247;103;99;2;8;12;238;14
08990;SANTA QUITÉRIA DO MARANHÃO;0024;0248;108;102;3;7;13;246;13
08990;SANTA QUITÉRIA DO MARANHÃO;0024;0249;134;86;6;6;22;264;10
08990;SANTA QUITÉRIA DO MARANHÃO;0024;0250;142;141;0;10;8;308;7
08990;SANTA QUITÉRIA DO MARANHÃO;0024;0251;97;100;0;10;12;237;18
08990;SANTA QUITÉRIA DO MARANHÃO;0024;0252;96;104;0;8;11;235;16
08990;SANTA QUITÉRIA DO MARANHÃO;0024;0256;43;79;1;2;8;140;7
08990;SANTA QUITÉRIA DO MARANHÃO;0024;0257;21;43;1;1;5;73;2
08990;SANTA QUITÉRIA DO MARANHÃO;0024;0258;32;47;0;2;5;93;7
09016;SANTA RITA;0018;0071;142;76;1;12;16;269;22
09016;SANTA RITA;0018;0074;176;69;2;7;10;284;20
09016;SANTA RITA;0018;0075;152;58;1;11;12;263;29
09016;SANTA RITA;0018;0077;90;82;0;6;2;194;14
09016;SANTA RITA;0018;0080;157;60;1;9;13;264;24
09016;SANTA RITA;0018;0081;141;99;2;13;8;284;21
09016;SANTA RITA;0018;0086;184;67;2;6;14;295;22
09016;SANTA RITA;0018;0090;160;67;0;5;6;249;11
09016;SANTA RITA;0018;0102;165;62;1;10;12;263;13
09016;SANTA RITA;0018;0108;168;55;2;10;15;276;26
09016;SANTA RITA;0018;0112;90;102;0;6;6;226;22
09016;SANTA RITA;0018;0113;87;48;0;6;13;177;23
09016;SANTA RITA;0018;0115;150;86;1;4;9;261;11
09016;SANTA RITA;0018;0116;217;68;2;7;13;320;13
09016;SANTA RITA;0018;0120;79;120;0;5;7;228;17
09016;SANTA RITA;0018;0121;126;76;0;7;4;232;19
09016;SANTA RITA;0018;0122;114;104;1;4;8;255;24
09016;SANTA RITA;0018;0126;102;84;0;7;5;210;12
09016;SANTA RITA;0018;0129;200;76;0;4;9;307;18
09016;SANTA RITA;0018;0135;165;72;2;6;8;271;18
09016;SANTA RITA;0018;0136;150;89;1;9;4;266;13
09016;SANTA RITA;0018;0142;132;65;2;4;12;236;21
09016;SANTA RITA;0018;0144;72;57;3;13;5;173;23
09016;SANTA RITA;0018;0145;148;75;1;5;4;254;21
09016;SANTA RITA;0018;0146;103;38;0;12;7;179;19
09016;SANTA RITA;0018;0148;144;67;1;13;7;252;20
09016;SANTA RITA;0018;0151;81;68;0;3;3;168;13
09016;SANTA RITA;0018;0152;83;77;0;0;6;184;18
09016;SANTA RITA;0018;0153;106;87;2;11;5;235;24
09016;SANTA RITA;0018;0154;61;96;0;2;3;171;9
09016;SANTA RITA;0018;0155;28;128;0;1;4;177;16
09016;SANTA RITA;0018;0156;113;116;1;8;8;265;19
09016;SANTA RITA;0018;0157;108;45;0;5;6;177;13
09016;SANTA RITA;0018;0158;25;123;0;3;3;192;38
09016;SANTA RITA;0018;0159;51;66;4;8;6;167;32
09016;SANTA RITA;0018;0160;201;60;1;9;8;296;17
09016;SANTA RITA;0018;0161;52;89;0;3;4;171;23
09016;SANTA RITA;0018;0163;34;104;0;3;3;167;23
09016;SANTA RITA;0018;0165;92;83;0;0;2;188;11
09016;SANTA RITA;0018;0166;92;84;0;2;3;195;14
09016;SANTA RITA;0018;0171;193;70;1;9;15;306;18
09016;SANTA RITA;0018;0173;78;88;0;8;5;193;14
09016;SANTA RITA;0018;0179;65;84;0;3;6;179;21
09016;SANTA RITA;0018;0180;68;82;0;5;12;217;50
09016;SANTA RITA;0018;0184;36;94;0;1;7;161;23
09016;SANTA RITA;0018;0188;50;82;2;2;0;151;15
09016;SANTA RITA;0018;0191;87;50;0;5;6;171;23
09016;SANTA RITA;0018;0202;77;96;0;7;8;206;18
09016;SANTA RITA;0018;0204;175;56;1;11;9;276;24
09016;SANTA RITA;0018;0207;58;73;0;7;10;161;13
09016;SANTA RITA;0018;0209;70;74;0;3;2;164;15
09016;SANTA RITA;0018;0214;195;62;1;11;11;301;21
09016;SANTA RITA;0018;0215;147;56;3;11;13;254;24
09016;SANTA RITA;0018;0217;124;72;0;13;13;249;27
09016;SANTA RITA;0018;0222;47;98;0;0;3;163;15
09016;SANTA RITA;0018;0223;165;75;2;11;13;294;28
09016;SANTA RITA;0018;0224;110;64;2;8;6;201;11
09016;SANTA RITA;0018;0232;143;71;2;6;10;245;13
09016;SANTA RITA;0018;0235;165;60;2;9;7;267;24
09016;SANTA RITA;0018;0236;159;72;1;6;9;273;26
09016;SANTA RITA;0018;0237;163;60;1;11;8;270;27
09016;SANTA RITA;0018;0238;167;65;0;7;5;266;22
09016;SANTA RITA;0018;0239;166;61;2;4;9;265;23
09016;SANTA RITA;0018;0240;169;57;1;6;15;275;27
09016;SANTA RITA;0018;0241;167;63;0;12;12;280;26
09016;SANTA RITA;0018;0242;155;64;0;7;11;265;28
09016;SANTA RITA;0018;0243;144;62;0;10;13;249;20
09016;SANTA RITA;0018;0244;141;69;0;7;14;258;27
09016;SANTA RITA;0018;0245;181;66;1;10;21;308;29
09016;SANTA RITA;0018;0246;183;64;1;11;17;301;25
09016;SANTA RITA;0018;0247;184;82;1;4;9;300;20
09016;SANTA RITA;0018;0248;137;88;1;7;10;262;19
09016;SANTA RITA;0018;0249;147;85;1;13;8;278;24
09016;SANTA RITA;0018;0250;111;96;2;11;11;253;22
09016;SANTA RITA;0018;0251;145;75;1;14;12;265;18
09016;SANTA RITA;0018;0252;98;73;2;5;5;214;31
09016;SANTA RITA;0018;0253;116;69;0;6;11;235;33
09016;SANTA RITA;0018;0254;74;80;0;7;4;177;12
09016;SANTA RITA;0018;0255;126;87;0;6;6;242;17
09016;SANTA RITA;0018;0256;145;60;1;5;3;238;24
09016;SANTA RITA;0018;0257;68;56;1;17;8;186;36
09016;SANTA RITA;0018;0258;68;56;0;15;19;167;9
09016;SANTA RITA;0018;0259;93;53;0;15;11;203;31
09016;SANTA RITA;0018;0260;118;75;0;4;5;229;27
09016;SANTA RITA;0018;0261;131;75;0;4;7;242;25
09016;SANTA RITA;0018;0262;122;105;0;0;6;256;23
09016;SANTA RITA;0018;0263;72;104;0;4;15;209;14
09016;SANTA RITA;0018;0264;74;111;0;4;7;212;16
09016;SANTA RITA;0018;0269;70;60;0;7;7;158;14
09016;SANTA RITA;0018;0272;76;53;0;4;4;147;10
09016;SANTA RITA;0018;0273;185;67;2;4;5;285;22
09016;SANTA RITA;0018;0274;147;71;0;5;5;251;23
09016;SANTA RITA;0018;0277;17;23;0;2;4;59;13
09059;SÃO BENEDITO DO RIO PRETO;0073;0042;120;62;1;4;11;208;10
09059;SÃO BENEDITO DO RIO PRETO;0073;0044;78;63;0;3;6;163;13
09059;SÃO BENEDITO DO RIO PRETO;0073;0049;105;56;0;4;6;186;15
09059;SÃO BENEDITO DO RIO PRETO;0073;0050;108;96;0;3;15;236;14
09059;SÃO BENEDITO DO RIO PRETO;0073;0051;125;92;1;4;9;249;18
09059;SÃO BENEDITO DO RIO PRETO;0073;0052;105;91;0;0;14;228;18
09059;SÃO BENEDITO DO RIO PRETO;0073;0053;30;79;1;3;9;143;21
09059;SÃO BENEDITO DO RIO PRETO;0073;0054;68;139;0;5;9;241;20
09059;SÃO BENEDITO DO RIO PRETO;0073;0055;119;71;0;3;7;211;11
09059;SÃO BENEDITO DO RIO PRETO;0073;0063;120;100;2;1;12;250;15
09059;SÃO BENEDITO DO RIO PRETO;0073;0065;39;28;0;0;2;104;35
09059;SÃO BENEDITO DO RIO PRETO;0073;0067;36;159;0;1;14;226;16
09059;SÃO BENEDITO DO RIO PRETO;0073;0068;89;113;0;0;3;217;12
09059;SÃO BENEDITO DO RIO PRETO;0073;0069;112;103;2;7;5;247;18
09059;SÃO BENEDITO DO RIO PRETO;0073;0070;136;109;0;4;13;284;22
09059;SÃO BENEDITO DO RIO PRETO;0073;0083;69;119;0;0;5;204;11
09059;SÃO BENEDITO DO RIO PRETO;0073;0086;149;102;2;2;12;286;19
09059;SÃO BENEDITO DO RIO PRETO;0073;0087;112;106;0;8;5;246;15
09059;SÃO BENEDITO DO RIO PRETO;0073;0088;103;73;1;7;5;199;10
09059;SÃO BENEDITO DO RIO PRETO;0073;0089;158;143;0;5;6;331;19
09059;SÃO BENEDITO DO RIO PRETO;0073;0090;102;101;2;8;5;228;10
09059;SÃO BENEDITO DO RIO PRETO;0073;0097;116;100;1;6;3;248;22
09059;SÃO BENEDITO DO RIO PRETO;0073;0098;26;86;0;0;7;132;13
09059;SÃO BENEDITO DO RIO PRETO;0073;0106;43;113;0;1;8;186;21
09059;SÃO BENEDITO DO RIO PRETO;0073;0107;135;110;0;6;10;281;20
09059;SÃO BENEDITO DO RIO PRETO;0073;0112;142;144;1;5;9;324;23
09059;SÃO BENEDITO DO RIO PRETO;0073;0115;109;87;0;1;5;223;21
09059;SÃO BENEDITO DO RIO PRETO;0073;0117;77;84;0;2;7;178;8
09059;SÃO BENEDITO DO RIO PRETO;0073;0118;120;86;1;4;10;233;12
09059;SÃO BENEDITO DO RIO PRETO;0073;0120;137;98;0;10;10;268;13
09059;SÃO BENEDITO DO RIO PRETO;0073;0122;105;91;0;3;9;224;16
09059;SÃO BENEDITO DO RIO PRETO;0073;0123;41;85;1;2;7;153;17
09059;SÃO BENEDITO DO RIO PRETO;0073;0127;106;91;1;2;4;208;4
09059;SÃO BENEDITO DO RIO PRETO;0073;0129;70;174;0;1;12;284;27
09059;SÃO BENEDITO DO RIO PRETO;0073;0137;140;88;1;9;4;262;20
09059;SÃO BENEDITO DO RIO PRETO;0073;0138;132;77;0;1;3;222;9
09059;SÃO BENEDITO DO RIO PRETO;0073;0143;60;59;1;0;2;133;11
09059;SÃO BENEDITO DO RIO PRETO;0073;0144;21;96;0;0;5;139;17
09059;SÃO BENEDITO DO RIO PRETO;0073;0145;112;86;0;7;11;234;18
09059;SÃO BENEDITO DO RIO PRETO;0073;0151;116;124;1;1;13;282;27
09059;SÃO BENEDITO DO RIO PRETO;0073;0154;139;78;1;4;3;238;13
09059;SÃO BENEDITO DO RIO PRETO;0073;0163;34;35;0;2;8;93;14
09059;SÃO BENEDITO DO RIO PRETO;0073;0166;94;55;2;0;7;173;15
09059;SÃO BENEDITO DO RIO PRETO;0073;0167;91;55;0;1;6;171;18
09059;SÃO BENEDITO DO RIO PRETO;0073;0168;125;94;1;0;14;244;10
09059;SÃO BENEDITO DO RIO PRETO;0073;0169;144;85;0;3;7;253;14
09059;SÃO BENEDITO DO RIO PRETO;0073;0170;124;95;0;5;7;254;23
09059;SÃO BENEDITO DO RIO PRETO;0073;0171;138;91;0;4;5;251;13
09059;SÃO BENEDITO DO RIO PRETO;0073;0172;133;104;1;7;8;271;18
09059;SÃO BENEDITO DO RIO PRETO;0073;0173;96;78;0;7;10;199;8
09059;SÃO BENEDITO DO RIO PRETO;0073;0174;115;71;0;3;6;207;12
09059;SÃO BENEDITO DO RIO PRETO;0073;0175;90;91;2;1;12;221;25
09059;SÃO BENEDITO DO RIO PRETO;0073;0178;76;59;0;2;9;161;15
09059;SÃO BENEDITO DO RIO PRETO;0073;0179;156;98;0;6;4;289;25
09059;SÃO BENEDITO DO RIO PRETO;0073;0180;162;83;3;3;5;274;18
09059;SÃO BENEDITO DO RIO PRETO;0073;0181;96;84;1;3;8;210;18
09059;SÃO BENEDITO DO RIO PRETO;0073;0185;146;116;1;3;6;292;20
09059;SÃO BENEDITO DO RIO PRETO;0073;0187;71;83;1;0;4;165;6
09059;SÃO BENEDITO DO RIO PRETO;0073;0190;50;58;0;2;3;122;9
09059;SÃO BENEDITO DO RIO PRETO;0073;0191;108;131;2;7;8;280;24
09377;TIMON;0019;0047;85;122;9;13;18;270;23
09377;TIMON;0019;0048;89;120;7;14;16;275;29
09377;TIMON;0019;0049;79;112;8;11;26;257;21
09377;TIMON;0019;0050;93;121;2;16;12;271;27
09377;TIMON;0019;0051;90;125;6;9;14;265;21
09377;TIMON;0019;0052;95;110;4;23;13;271;26
09377;TIMON;0019;0053;91;117;4;10;16;262;24
09377;TIMON;0019;0057;104;99;11;10;17;272;31
09377;TIMON;0019;0058;95;112;9;11;19;277;31
09377;TIMON;0019;0059;79;139;11;14;10;280;27
09377;TIMON;0019;0060;93;121;6;12;17;276;27
09377;TIMON;0019;0061;103;111;9;9;18;273;23
09377;TIMON;0019;0062;106;97;13;12;21;276;27
09377;TIMON;0019;0063;114;110;6;14;11;277;22
09377;TIMON;0019;0064;123;109;4;13;19;285;17
09377;TIMON;0019;0065;90;111;8;13;11;263;30
09377;TIMON;0019;0066;114;113;6;10;19;288;26
09377;TIMON;0019;0067;110;114;4;20;11;280;21
09377;TIMON;0019;0068;97;111;6;12;19;266;21
09377;TIMON;0019;0069;84;138;1;17;19;280;21
09377;TIMON;0019;0070;100;129;4;17;15;291;26
09377;TIMON;0019;0071;100;115;5;17;15;278;26
09377;TIMON;0019;0077;94;124;3;12;14;266;19
09377;TIMON;0019;0078;85;104;7;12;14;249;27
09377;TIMON;0019;0079;113;119;5;13;12;275;13
09377;TIMON;0019;0080;93;118;1;7;20;257;18
09377;TIMON;0019;0081;110;117;6;11;12;271;15
09377;TIMON;0019;0082;119;105;4;10;12;270;20
09377;TIMON;0019;0098;83;115;7;19;17;264;23
09377;TIMON;0019;0099;93;121;6;16;12;270;22
09377;TIMON;0019;0100;98;115;2;21;16;271;19
09377;TIMON;0019;0101;94;101;10;14;26;277;32
09377;TIMON;0019;0102;81;106;8;15;25;260;25
09377;TIMON;0019;0103;83;110;9;29;20;275;24
09377;TIMON;0019;0104;95;119;4;21;14;276;23
09377;TIMON;0019;0105;91;130;3;18;18;286;26
09377;TIMON;0019;0106;96;119;10;19;14;284;26
09377;TIMON;0019;0107;88;121;11;16;18;278;24
09377;TIMON;0019;0108;94;126;4;16;22;299;37
09377;TIMON;0019;0109;81;124;5;25;14;281;32
09377;TIMON;0019;0119;112;116;7;20;16;300;29
09377;TIMON;0019;0120;107;110;4;17;9;271;24
09377;TIMON;0019;0121;117;123;12;15;12;308;29
09377;TIMON;0019;0122;112;113;7;19;15;292;26
09377;TIMON;0019;0123;108;106;8;15;18;278;23
09377;TIMON;0019;0124;118;107;5;19;20;293;24
09377;TIMON;0019;0125;101;102;7;21;26;286;29
09377;TIMON;0019;0126;104;109;6;23;12;277;23
09377;TIMON;0019;0127;118;111;6;12;18;287;22
09377;TIMON;0019;0128;121;91;14;10;14;272;22
09377;TIMON;0019;0129;118;104;12;12;13;284;25
09377;TIMON;0019;0130;103;122;6;8;11;275;25
09377;TIMON;0019;0131;115;104;13;10;11;267;14
09377;TIMON;0019;0132;117;96;9;16;16;271;17
09377;TIMON;0019;0143;81;127;8;12;14;268;26
09377;TIMON;0019;0144;85;121;5;11;14;256;20
09377;TIMON;0019;0145;86;115;8;19;17;259;14
09377;TIMON;0019;0146;78;119;2;14;18;252;21
09377;TIMON;0019;0147;90;106;5;9;17;249;22
09377;TIMON;0019;0148;89;112;7;14;15;260;23
09377;TIMON;0019;0152;99;136;6;10;17;287;19
09377;TIMON;0019;0153;97;110;4;12;12;256;21
09377;TIMON;0019;0159;104;132;5;23;10;300;26
09377;TIMON;0019;0160;83;123;5;12;23;276;30
09377;TIMON;0019;0162;81;106;5;17;23;266;34
09377;TIMON;0019;0164;116;124;5;13;11;288;19
09377;TIMON;0019;0165;119;100;7;8;16;273;23
09377;TIMON;0019;0168;111;109;17;8;10;276;21
09377;TIMON;0019;0169;96;115;10;13;17;267;16
09377;TIMON;0019;0171;87;115;7;14;13;270;34
09377;TIMON;0019;0173;88;137;1;21;18;291;26
09377;TIMON;0019;0174;114;120;3;6;15;276;18
09377;TIMON;0019;0176;105;111;1;15;24;278;22
09377;TIMON;0019;0178;96;128;13;5;17;292;33
09377;TIMON;0019;0182;105;126;2;22;18;298;25
09377;TIMON;0019;0189;74;124;9;18;14;275;36
09377;TIMON;0019;0190;77;131;7;17;14;276;30
09377;TIMON;0019;0192;118;106;6;11;17;280;22
09377;TIMON;0019;0196;99;131;4;20;21;299;24
09377;TIMON;0019;0197;101;123;4;16;14;282;24
09377;TIMON;0019;0199;84;109;7;20;18;271;33
09377;TIMON;0019;0206;86;136;7;10;26;287;22
09377;TIMON;0019;0212;89;119;4;22;21;287;32
09377;TIMON;0019;0215;101;156;4;8;24;310;17
09377;TIMON;0019;0216;81;140;2;16;15;282;28
09377;TIMON;0019;0222;101;148;5;18;14;309;23
09377;TIMON;0019;0223;89;125;5;17;20;281;25
09377;TIMON;0019;0228;66;94;3;8;16;214;27
09377;TIMON;0019;0230;104;132;7;17;21;311;30
09377;TIMON;0019;0235;102;129;6;15;16;283;15
09377;TIMON;0019;0236;99;123;8;19;18;289;22
09377;TIMON;0019;0237;91;125;4;17;17;279;25
09377;TIMON;0019;0238;99;109;4;19;18;275;26
09377;TIMON;0019;0239;95;130;3;16;16;295;35
09377;TIMON;0019;0240;109;120;3;13;16;286;25
09377;TIMON;0019;0241;88;134;4;17;20;282;19
09377;TIMON;0019;0242;109;120;3;10;15;285;28
09377;TIMON;0019;0251;110;109;10;14;7;272;22
09377;TIMON;0019;0252;115;114;9;13;15;284;18
09377;TIMON;0019;0253;104;129;3;27;10;296;23
09377;TIMON;0019;0254;111;113;5;20;10;279;20
09377;TIMON;0019;0255;110;115;6;15;9;280;25
09377;TIMON;0019;0256;96;128;8;7;19;279;21
09377;TIMON;0019;0257;90;130;6;8;14;274;26
09377;TIMON;0019;0258;108;115;4;20;13;287;27
09377;TIMON;0019;0261;83;112;9;20;15;264;25
09377;TIMON;0019;0262;94;107;9;24;25;290;31
09377;TIMON;0019;0264;106;116;6;23;19;297;27
09377;TIMON;0019;0269;64;106;0;9;16;224;29
09377;TIMON;0019;0270;84;121;8;16;25;281;27
09377;TIMON;0019;0271;93;110;4;13;16;271;35
09377;TIMON;0019;0273;118;126;2;13;15;297;23
09377;TIMON;0019;0274;97;99;10;22;17;267;22
09377;TIMON;0019;0275;90;121;7;16;21;281;26
09377;TIMON;0019;0277;80;123;5;21;12;261;20
09377;TIMON;0019;0282;94;111;11;18;14;268;20
09377;TIMON;0019;0283;83;136;5;12;17;285;32
09377;TIMON;0019;0284;38;158;0;2;13;237;26
09377;TIMON;0019;0285;63;155;3;6;2;241;12
09377;TIMON;0019;0286;72;136;2;1;17;244;16
09377;TIMON;0019;0288;105;97;8;18;18;277;31
09377;TIMON;0019;0290;90;123;2;23;27;290;25
09377;TIMON;0019;0291;117;108;3;15;22;287;22
09377;TIMON;0019;0292;85;117;4;15;22;266;23
09377;TIMON;0019;0293;44;168;0;13;12;254;17
09377;TIMON;0019;0294;80;137;2;17;29;285;20
09377;TIMON;0019;0296;78;109;0;4;13;220;16
09377;TIMON;0019;0297;84;115;10;19;18;268;22
09377;TIMON;0019;0298;81;119;3;25;20;270;22
09377;TIMON;0019;0299;102;129;5;20;15;288;17
09377;TIMON;0019;0300;97;128;5;22;26;303;25
09377;TIMON;0019;0301;94;132;5;12;16;290;31
09377;TIMON;0019;0302;117;122;5;24;13;288;7
09377;TIMON;0019;0303;54;135;2;5;17;237;24
09377;TIMON;0019;0304;46;137;1;5;16;233;28
09377;TIMON;0019;0305;73;112;2;27;18;250;18
09377;TIMON;0019;0306;47;151;0;3;11;225;13
09377;TIMON;0019;0307;84;105;7;19;21;261;25
09377;TIMON;0019;0308;109;121;8;21;22;301;20
09377;TIMON;0019;0309;41;145;2;3;11;227;25
09377;TIMON;0019;0310;116;119;9;19;16;303;24
09377;TIMON;0019;0311;116;117;8;17;6;283;19
09377;TIMON;0019;0312;52;131;1;6;13;220;17
09377;TIMON;0019;0313;53;137;0;4;14;216;8
09377;TIMON;0019;0315;56;174;1;11;7;259;10
09377;TIMON;0019;0316;114;117;7;19;10;281;14
09377;TIMON;0019;0318;92;115;6;24;8;276;31
09377;TIMON;0019;0319;82;142;4;14;19;279;18
09377;TIMON;0019;0320;58;103;0;15;17;212;19
09377;TIMON;0019;0321;83;130;12;25;18;289;21
09377;TIMON;0019;0322;113;116;5;16;10;275;15
09377;TIMON;0019;0323;90;118;7;28;14;275;18
09377;TIMON;0019;0324;89;123;4;17;14;269;22
09377;TIMON;0019;0325;87;126;2;15;13;277;34
09377;TIMON;0019;0326;93;124;8;18;12;277;22
09377;TIMON;0019;0327;85;115;6;16;16;262;24
09377;TIMON;0019;0328;97;112;4;17;13;272;29
09377;TIMON;0019;0329;95;118;3;9;17;263;21
09377;TIMON;0019;0330;83;120;5;15;13;258;22
09377;TIMON;0019;0331;85;122;4;24;18;280;27
09377;TIMON;0019;0332;110;122;4;15;23;299;25
09377;TIMON;0019;0333;84;119;4;13;18;260;22
09377;TIMON;0019;0334;91;110;4;19;25;263;14
09377;TIMON;0019;0335;82;117;9;24;15;268;21
09377;TIMON;0019;0336;78;134;6;21;16;287;32
09377;TIMON;0019;0337;72;124;5;14;17;256;24
09377;TIMON;0019;0338;92;130;9;22;11;289;25
09377;TIMON;0019;0339;90;110;8;16;18;268;26
09377;TIMON;0019;0340;91;126;5;10;17;277;28
09377;TIMON;0019;0341;97;110;7;14;16;255;11
09377;TIMON;0019;0342;54;136;3;12;15;240;20
09377;TIMON;0019;0343;98;122;6;6;12;275;31
09377;TIMON;0019;0344;84;108;6;23;13;260;26
09377;TIMON;0019;0345;55;122;1;0;6;198;14
09377;TIMON;0019;0346;108;93;5;19;10;261;26
09377;TIMON;0019;0347;67;99;6;22;16;232;22
09377;TIMON;0019;0348;65;133;2;6;10;231;15
09377;TIMON;0019;0349;44;120;7;14;14;227;28
09377;TIMON;0019;0350;44;116;4;12;11;216;29
09377;TIMON;0019;0351;64;132;1;10;14;236;15
09377;TIMON;0019;0352;62;159;3;6;21;282;31
09377;TIMON;0019;0353;58;137;8;10;14;253;26
09377;TIMON;0019;0375;95;108;1;5;17;249;23
09377;TIMON;0019;0376;87;124;6;7;16;257;17
09377;TIMON;0019;0377;109;98;3;10;18;251;13
09377;TIMON;0019;0378;77;90;7;18;25;234;17
09377;TIMON;0019;0379;97;112;5;10;22;273;27
09377;TIMON;0019;0380;91;127;9;10;14;278;27
09377;TIMON;0019;0381;79;111;4;9;7;246;36
09377;TIMON;0019;0382;95;127;3;7;12;266;22
09377;TIMON;0019;0383;98;118;8;16;18;280;22
09377;TIMON;0019;0384;106;106;6;7;12;260;23
09377;TIMON;0019;0385;108;116;0;6;14;273;29
09377;TIMON;0019;0386;99;112;3;9;18;260;19
09377;TIMON;0019;0387;87;120;7;13;12;267;28
09377;TIMON;0019;0388;92;113;7;19;11;272;30
09377;TIMON;0019;0389;92;120;6;14;15;266;19
09377;TIMON;0019;0390;85;121;4;13;12;263;28
09377;TIMON;0019;0394;112;125;6;9;6;282;24
09377;TIMON;0019;0400;83;115;5;19;18;267;27
09377;TIMON;0019;0401;94;122;6;19;15;283;27
09377;TIMON;0019;0402;80;122;8;22;12;270;26
09377;TIMON;0019;0403;84;108;8;16;11;255;28
09377;TIMON;0019;0404;35;109;3;6;7;177;17
09377;TIMON;0019;0405;41;102;2;11;10;179;13
09377;TIMON;0019;0406;109;103;6;16;15;266;17
09377;TIMON;0019;0407;116;100;6;20;9;274;23
09377;TIMON;0019;0408;112;101;12;20;11;279;23
09377;TIMON;0019;0409;100;115;5;17;9;276;30
09377;TIMON;0019;0410;105;103;6;19;19;281;29
09377;TIMON;0019;0411;98;116;7;17;17;280;25
09377;TIMON;0019;0412;108;111;3;12;14;262;14
09377;TIMON;0019;0413;123;112;8;10;9;284;22
09377;TIMON;0019;0414;104;116;11;19;17;284;17
09377;TIMON;0019;0415;102;107;5;30;17;280;19
09377;TIMON;0019;0416;59;84;5;9;15;187;15
09377;TIMON;0019;0417;72;80;2;14;7;184;9
09377;TIMON;0019;0418;59;86;3;12;15;198;23
09377;TIMON;0019;0419;69;83;1;11;16;192;12
09377;TIMON;0019;0420;57;82;2;14;18;185;12
09377;TIMON;0019;0421;73;69;2;10;10;181;17
09377;TIMON;0019;0422;60;78;10;8;8;189;25
09377;TIMON;0019;0423;67;77;3;13;9;187;18
09377;TIMON;0019;0424;59;89;4;14;21;203;16
09377;TIMON;0019;0425;57;126;4;1;14;215;13
09377;TIMON;0019;0426;44;113;1;9;8;188;13
09377;TIMON;0019;0427;55;155;1;10;18;260;21
09377;TIMON;0019;0428;58;138;6;13;18;259;26
09377;TIMON;0019;0429;59;136;2;17;10;256;32
09377;TIMON;0019;0430;67;117;5;19;22;247;17
09377;TIMON;0019;0431;70;118;6;11;18;247;24
09377;TIMON;0019;0432;77;105;2;14;16;238;24
09377;TIMON;0019;0433;62;135;5;13;12;246;19
09377;TIMON;0019;0434;90;121;8;17;11;275;28
09377;TIMON;0019;0435;85;127;5;13;8;265;27
09377;TIMON;0019;0436;103;112;12;6;19;276;24
09377;TIMON;0019;0437;79;131;11;10;16;269;22
09377;TIMON;0019;0438;100;121;0;29;15;287;22
09377;TIMON;0019;0439;102;105;5;11;20;275;32
09377;TIMON;0019;0440;106;89;7;20;17;259;20
09377;TIMON;0019;0441;96;111;6;20;21;269;15
09377;TIMON;0019;0442;110;99;3;20;17;274;25
09377;TIMON;0019;0443;102;106;6;15;23;269;17
09377;TIMON;0019;0444;103;98;10;14;16;267;26
09377;TIMON;0019;0445;65;104;2;20;16;229;22
09377;TIMON;0019;0446;40;135;1;10;21;232;25
09377;TIMON;0019;0447;45;134;2;9;17;228;21
09377;TIMON;0019;0448;51;127;3;9;22;234;22
09377;TIMON;0019;0449;106;123;7;23;19;295;17
09377;TIMON;0019;0450;83;123;7;12;32;273;16
09377;TIMON;0019;0451;105;117;6;22;25;296;21
09377;TIMON;0019;0452;97;133;9;17;18;291;17
09377;TIMON;0019;0453;65;106;4;10;10;210;15
09377;TIMON;0019;0454;55;89;5;16;19;203;19
09377;TIMON;0019;0455;78;107;4;11;10;225;15
09377;TIMON;0019;0456;64;96;3;11;14;206;18
09377;TIMON;0019;0457;59;93;1;18;10;198;17
09377;TIMON;0019;0458;57;96;6;10;10;211;32
09377;TIMON;0019;0459;65;87;11;19;15;215;18
09377;TIMON;0019;0460;66;92;4;11;14;202;15
09377;TIMON;0019;0461;66;90;5;14;9;198;14
09377;TIMON;0019;0462;75;87;2;15;22;221;20
09377;TIMON;0019;0463;107;113;8;25;15;292;24
09377;TIMON;0019;0464;104;117;4;16;23;288;24
09377;TIMON;0019;0465;107;114;6;22;11;285;25
09377;TIMON;0019;0466;111;135;5;19;13;302;19
09377;TIMON;0019;0467;101;113;9;17;19;276;17
09377;TIMON;0019;0468;103;119;5;15;15;283;26
09377;TIMON;0019;0469;75;134;4;25;12;290;40
09377;TIMON;0019;0470;83;139;7;16;19;296;32
09377;TIMON;0019;0471;87;123;6;11;23;281;31
09377;TIMON;0019;0472;80;125;3;23;17;272;24
09377;TIMON;0019;0473;103;115;7;12;15;279;27
09377;TIMON;0019;0474;93;109;8;14;18;274;32
09377;TIMON;0019;0475;83;115;7;15;26;268;22
09377;TIMON;0019;0476;98;100;7;15;20;265;25
09377;TIMON;0019;0477;89;122;6;10;13;265;25
09377;TIMON;0019;0478;99;109;7;12;16;270;27
09377;TIMON;0019;0479;102;101;5;20;17;271;26
09377;TIMON;0019;0480;89;125;5;24;16;277;18
09377;TIMON;0019;0481;111;119;6;13;14;286;23
09377;TIMON;0019;0482;129;88;7;13;11;273;25
09377;TIMON;0019;0483;103;103;8;13;25;272;20
09377;TIMON;0019;0484;115;109;5;14;12;271;16
09377;TIMON;0019;0485;117;117;6;17;9;287;21
09377;TIMON;0019;0486;105;112;5;13;10;272;27
09377;TIMON;0019;0487;117;109;7;8;14;274;19
09377;TIMON;0019;0488;111;107;6;19;25;282;14
09377;TIMON;0019;0489;107;109;6;17;14;273;20
09377;TIMON;0019;0490;111;98;5;10;15;258;19
09377;TIMON;0019;0491;129;87;6;15;15;271;19
09377;TIMON;0019;0492;36;102;4;18;12;183;11
09377;TIMON;0019;0493;90;122;3;27;9;280;29
09377;TIMON;0019;0494;105;133;5;21;15;294;15
09377;TIMON;0019;0495;82;121;5;21;20;291;42
09377;TIMON;0019;0496;100;132;7;23;26;315;27
09377;TIMON;0019;0497;106;116;5;25;15;299;32
09377;TIMON;0019;0498;95;125;7;27;16;301;31
09377;TIMON;0019;0499;95;145;11;20;19;322;32
09377;TIMON;0019;0500;107;132;8;12;18;302;25
09377;TIMON;0019;0501;90;137;10;15;14;299;33
09377;TIMON;0019;0502;99;129;3;14;14;294;35
09377;TIMON;0019;0503;108;125;3;26;15;304;27
09377;TIMON;0019;0504;98;126;4;17;24;297;28
09377;TIMON;0019;0505;57;156;5;10;25;277;24
09377;TIMON;0019;0506;41;152;4;11;19;251;24
09377;TIMON;0019;0507;53;127;5;13;13;237;26
09377;TIMON;0019;0513;97;111;4;13;19;271;27
09377;TIMON;0019;0514;99;120;6;9;17;276;25
09377;TIMON;0019;0515;110;115;8;7;11;273;22
09377;TIMON;0019;0519;60;78;2;11;12;185;22
09377;TIMON;0019;0520;75;76;3;12;10;198;22
09377;TIMON;0019;0521;55;94;4;5;15;192;19
09377;TIMON;0019;0522;110;134;3;14;14;300;25
09377;TIMON;0019;0523;105;118;6;10;10;271;22
09377;TIMON;0019;0524;119;114;5;8;20;287;21
09377;TIMON;0019;0525;114;118;6;16;13;290;23
09377;TIMON;0019;0526;126;102;6;11;11;288;32
09377;TIMON;0019;0527;122;129;4;12;12;292;13
09377;TIMON;0019;0528;105;94;5;20;17;272;31
09377;TIMON;0019;0529;111;108;4;10;23;289;33
09377;TIMON;0019;0530;68;118;10;26;14;259;23
09377;TIMON;0019;0531;91;117;10;20;17;268;13
09377;TIMON;0019;0532;86;120;5;19;13;270;27
09377;TIMON;0019;0533;103;87;8;21;21;254;14
09377;TIMON;0019;0534;84;115;11;18;17;268;23
09377;TIMON;0019;0535;86;122;8;14;13;270;27
09377;TIMON;0019;0536;114;111;7;16;15;284;21
09377;TIMON;0019;0537;112;111;5;17;16;277;16
09377;TIMON;0019;0538;98;112;3;24;19;270;14
09377;TIMON;0019;0539;108;104;9;12;14;262;15
09377;TIMON;0019;0540;76;125;3;10;8;243;21
09377;TIMON;0019;0541;72;136;4;13;14;264;25
09377;TIMON;0019;0542;83;118;3;13;15;255;23
09377;TIMON;0019;0543;74;133;3;11;12;263;30
09377;TIMON;0019;0544;107;113;8;13;15;279;23
09377;TIMON;0019;0545;97;110;6;14;22;271;22
09377;TIMON;0019;0546;97;111;8;14;19;275;26
09377;TIMON;0019;0547;89;121;7;13;15;265;20
09377;TIMON;0019;0548;92;113;5;19;25;278;24
09377;TIMON;0019;0549;80;127;6;17;15;274;29
09377;TIMON;0019;0550;90;114;10;13;12;262;23
09377;TIMON;0019;0551;94;122;5;12;15;270;22
09377;TIMON;0019;0552;96;130;3;19;13;278;17
09377;TIMON;0019;0553;107;99;5;13;14;266;28
09377;TIMON;0019;0554;94;114;10;11;25;263;9
09377;TIMON;0019;0555;94;98;7;21;11;254;23
09377;TIMON;0019;0556;92;101;6;17;22;258;20
09377;TIMON;0019;0557;99;108;13;9;9;259;21
09377;TIMON;0019;0558;94;98;9;16;9;244;18
09377;TIMON;0019;0559;99;100;8;18;13;247;9
09377;TIMON;0019;0560;99;99;12;10;20;256;16
09377;TIMON;0019;0561;101;92;10;14;16;247;14
09377;TIMON;0019;0565;82;102;8;19;19;254;24
09377;TIMON;0019;0567;39;101;6;13;10;178;9
09377;TIMON;0019;0568;87;128;3;19;12;267;18
09377;TIMON;0019;0570;1;14;1;11;3;48;18
09377;TIMON;0019;0571;24;201;1;3;21;270;20
09377;TIMON;0019;0572;55;135;5;13;12;245;25
09377;TIMON;0019;0573;86;92;5;16;14;242;29
09377;TIMON;0019;0574;84;131;14;35;17;308;27
09377;TIMON;0019;0575;108;115;6;18;13;275;15
09377;TIMON;0019;0576;56;146;4;15;16;261;24
09377;TIMON;0019;0577;105;132;6;12;7;286;24
09377;TIMON;0019;0578;74;107;7;16;15;248;29
09377;TIMON;0019;0579;51;144;4;6;19;241;17
09377;TIMON;0019;0580;36;132;4;6;7;196;11
09377;TIMON;0019;0581;79;110;2;9;16;232;16
09377;TIMON;0019;0582;90;132;7;16;14;290;31
09377;TIMON;0019;0583;42;103;0;13;9;185;18
09377;TIMON;0019;0584;30;69;1;6;2;130;22
09377;TIMON;0019;0585;82;116;8;27;8;257;16
09377;TIMON;0019;0586;61;125;7;16;20;251;22
09377;TIMON;0019;0587;16;63;1;3;11;102;8
09377;TIMON;0019;0588;49;117;0;4;10;194;14
09377;TIMON;0019;0589;44;130;2;14;17;235;28
09377;TIMON;0019;0590;89;118;23;21;10;282;21
09377;TIMON;0019;0592;73;141;6;15;15;268;18
09377;TIMON;0019;0593;92;119;8;26;14;278;19
09377;TIMON;0019;0594;98;146;11;12;11;294;16
09377;TIMON;0019;0595;35;94;2;6;6;157;14
09377;TIMON;0019;0596;52;182;4;8;12;287;29
09377;TIMON;0019;0597;92;139;2;9;11;292;39
09377;TIMON;0019;0598;98;142;10;11;9;283;13
09377;TIMON;0019;0599;55;73;3;11;6;159;11
09377;TIMON;0019;0600;103;132;14;11;12;286;14
09377;TIMON;0019;0601;115;121;8;14;12;290;20
09377;TIMON;0019;0602;97;119;11;20;14;290;29
09377;TIMON;0019;0603;76;125;4;8;13;240;14
09377;TIMON;0019;0604;52;109;8;11;11;214;23
09377;TIMON;0019;0605;63;145;6;13;15;270;28
09377;TIMON;0019;0606;93;135;6;24;10;292;24
09377;TIMON;0019;0607;37;76;2;4;7;131;5
09377;TIMON;0019;0608;37;53;1;1;12;111;7
09377;TIMON;0019;0609;110;138;6;11;13;298;20
09377;TIMON;0019;0610;56;64;1;9;2;141;9
09377;TIMON;0019;0611;82;147;7;23;18;295;18
09377;TIMON;0019;0612;100;153;4;8;13;297;19
09377;TIMON;0019;0613;84;128;4;17;12;263;18
09377;TIMON;0019;0614;87;133;8;11;18;274;17
09377;TIMON;0019;0615;26;26;1;5;1;63;4
09377;TIMON;0019;0622;87;42;9;5;8;174;23
09431;TUTÓIA;0040;0001;74;114;2;10;19;239;20
09431;TUTÓIA;0040;0002;84;66;1;9;8;190;22
09431;TUTÓIA;0040;0003;65;72;1;2;7;175;28
09431;TUTÓIA;0040;0004;68;80;4;7;7;195;29
09431;TUTÓIA;0040;0005;74;105;1;4;10;211;17
09431;TUTÓIA;0040;0006;76;91;3;5;8;208;25
09431;TUTÓIA;0040;0007;86;118;3;6;11;252;28
09431;TUTÓIA;0040;0008;63;99;2;5;12;204;23
09431;TUTÓIA;0040;0009;99;110;2;9;21;266;25
09431;TUTÓIA;0040;0010;48;69;0;4;6;152;25
09431;TUTÓIA;0040;0011;46;77;0;5;11;150;11
09431;TUTÓIA;0040;0012;98;133;1;2;5;254;15
09431;TUTÓIA;0040;0031;102;122;2;5;19;282;32
09431;TUTÓIA;0040;0033;46;69;0;5;15;150;15
09431;TUTÓIA;0040;0034;99;122;2;12;16;290;39
09431;TUTÓIA;0040;0035;96;81;0;9;20;226;20
09431;TUTÓIA;0040;0036;111;64;1;6;18;227;27
09431;TUTÓIA;0040;0037;96;104;3;7;18;248;20
09431;TUTÓIA;0040;0038;82;84;6;10;10;214;22
09431;TUTÓIA;0040;0039;88;91;3;10;14;230;24
09431;TUTÓIA;0040;0040;81;95;2;10;25;230;17
09431;TUTÓIA;0040;0041;82;103;2;8;16;232;21
09431;TUTÓIA;0040;0042;120;98;1;5;18;274;32
09431;TUTÓIA;0040;0043;114;89;3;9;12;261;34
09431;TUTÓIA;0040;0044;108;100;4;6;17;265;30
09431;TUTÓIA;0040;0048;105;82;1;5;10;218;15
09431;TUTÓIA;0040;0050;103;99;1;6;6;228;13
09431;TUTÓIA;0040;0052;124;89;3;7;20;275;32
09431;TUTÓIA;0040;0053;105;89;2;6;8;239;29
09431;TUTÓIA;0040;0054;119;92;1;13;11;252;16
09431;TUTÓIA;0040;0055;104;102;0;13;14;257;24
09431;TUTÓIA;0040;0057;92;95;3;10;17;239;22
09431;TUTÓIA;0040;0058;63;98;1;10;11;212;29
09431;TUTÓIA;0040;0062;65;53;1;1;5;137;12
09431;TUTÓIA;0040;0063;46;51;1;16;17;154;23
09431;TUTÓIA;0040;0064;135;92;5;15;16;291;28
09431;TUTÓIA;0040;0065;105;126;5;11;11;288;30
09431;TUTÓIA;0040;0066;97;104;0;9;16;241;15
09431;TUTÓIA;0040;0067;140;122;3;9;7;303;22
09431;TUTÓIA;0040;0068;87;85;5;6;9;237;45
09431;TUTÓIA;0040;0069;61;57;0;9;6;153;20
09431;TUTÓIA;0040;0070;70;80;1;6;18;184;9
09431;TUTÓIA;0040;0071;165;120;0;15;13;333;20
09431;TUTÓIA;0040;0072;78;70;0;4;12;174;10
09431;TUTÓIA;0040;0073;100;101;0;3;5;221;12
09431;TUTÓIA;0040;0074;84;57;1;5;10;181;24
09431;TUTÓIA;0040;0075;97;108;3;10;10;258;30
09431;TUTÓIA;0040;0076;62;94;0;6;18;204;24
09431;TUTÓIA;0040;0077;99;96;3;9;14;236;15
09431;TUTÓIA;0040;0078;48;77;0;0;8;171;38
09431;TUTÓIA;0040;0079;133;112;3;10;17;314;39
09431;TUTÓIA;0040;0080;107;78;3;5;12;227;22
09431;TUTÓIA;0040;0090;51;94;0;1;2;161;13
09431;TUTÓIA;0040;0091;122;102;2;10;10;278;32
09431;TUTÓIA;0040;0092;94;97;1;6;10;232;24
09431;TUTÓIA;0040;0094;82;84;2;10;8;200;14
09431;TUTÓIA;0040;0096;129;86;1;8;13;271;34
09431;TUTÓIA;0040;0097;101;130;2;4;7;248;4
09431;TUTÓIA;0040;0098;126;114;4;6;10;284;24
09431;TUTÓIA;0040;0099;90;131;1;0;16;249;11
09431;TUTÓIA;0040;0100;91;132;2;7;6;262;24
09431;TUTÓIA;0040;0101;84;109;2;10;14;244;25
09431;TUTÓIA;0040;0102;102;73;1;7;12;219;24
09431;TUTÓIA;0040;0103;60;114;1;5;9;210;21
09431;TUTÓIA;0040;0104;145;103;1;12;12;296;23
09431;TUTÓIA;0040;0106;110;93;1;13;12;249;20
09431;TUTÓIA;0040;0107;102;113;0;11;13;262;23
09431;TUTÓIA;0040;0109;150;92;3;9;11;286;21
09431;TUTÓIA;0040;0111;139;79;3;7;16;273;29
09431;TUTÓIA;0040;0112;137;99;2;8;12;282;24
09431;TUTÓIA;0040;0116;77;90;4;7;14;216;24
09431;TUTÓIA;0040;0119;94;104;2;6;19;249;24
09431;TUTÓIA;0040;0120;57;82;0;5;3;155;8
09431;TUTÓIA;0040;0122;64;69;4;10;6;173;20
09431;TUTÓIA;0040;0123;65;78;0;4;5;179;27
09431;TUTÓIA;0040;0124;95;81;2;13;15;223;17
09431;TUTÓIA;0040;0126;123;95;1;12;10;245;4
09431;TUTÓIA;0040;0127;78;94;2;10;10;209;15
09431;TUTÓIA;0040;0128;118;64;1;7;5;214;19
09431;TUTÓIA;0040;0129;132;62;2;2;12;224;14
09431;TUTÓIA;0040;0130;117;79;3;4;10;225;12
09431;TUTÓIA;0040;0131;106;111;2;10;12;254;13
09431;TUTÓIA;0040;0132;115;119;3;9;16;287;25
09431;TUTÓIA;0040;0133;95;82;6;7;16;240;34
09431;TUTÓIA;0040;0134;92;113;2;8;12;252;25
09431;TUTÓIA;0040;0135;145;79;2;5;17;276;28
09431;TUTÓIA;0040;0136;104;70;2;8;7;209;18
09431;TUTÓIA;0040;0137;141;94;3;8;13;277;18
09431;TUTÓIA;0040;0138;89;88;1;2;8;199;11
09431;TUTÓIA;0040;0139;101;104;0;4;10;232;13
09431;TUTÓIA;0040;0141;124;132;0;5;5;285;19
09431;TUTÓIA;0040;0142;79;88;0;5;10;188;6
09431;TUTÓIA;0040;0143;110;64;0;2;5;193;12
09431;TUTÓIA;0040;0144;90;80;0;2;7;188;9
09431;TUTÓIA;0040;0145;84;58;0;2;9;154;1
09431;TUTÓIA;0040;0146;99;45;0;4;3;158;7
09431;TUTÓIA;0040;0147;89;50;0;2;7;155;7
09431;TUTÓIA;0040;0148;65;84;0;3;8;168;8
09431;TUTÓIA;0040;0149;154;92;3;9;14;294;22
09431;TUTÓIA;0040;0151;52;132;0;1;6;201;10
09431;TUTÓIA;0040;0156;123;95;0;4;19;253;12
09431;TUTÓIA;0040;0159;121;94;3;9;15;268;26
09431;TUTÓIA;0040;0160;87;53;0;7;1;163;15
09431;TUTÓIA;0040;0161;74;115;1;3;4;209;12
09431;TUTÓIA;0040;0162;93;83;1;8;15;217;17
09431;TUTÓIA;0040;0163;100;55;0;3;4;171;9
09431;TUTÓIA;0040;0165;87;93;4;7;3;236;42
09431;TUTÓIA;0040;0167;68;61;1;6;4;152;12
09431;TUTÓIA;0040;0168;30;49;0;0;6;104;19
09431;TUTÓIA;0040;0170;40;88;0;2;6;160;24
09431;TUTÓIA;0040;0171;93;80;0;6;4;198;15
09431;TUTÓIA;0040;0172;52;94;1;4;2;193;40
09431;TUTÓIA;0040;0173;80;77;3;3;8;194;23
09431;TUTÓIA;0040;0174;77;86;1;4;7;197;22
09431;TUTÓIA;0040;0175;63;59;1;2;3;131;3
09431;TUTÓIA;0040;0177;85;86;2;5;7;196;11
09431;TUTÓIA;0040;0178;46;62;0;0;2;131;21
09431;TUTÓIA;0040;0179;55;88;0;4;9;192;36
09431;TUTÓIA;0040;0180;86;71;0;5;11;199;26
09431;TUTÓIA;0040;0182;110;60;2;12;5;207;18
09431;TUTÓIA;0040;0183;83;77;1;13;7;199;18
09431;TUTÓIA;0040;0184;69;83;3;7;11;193;20
09431;TUTÓIA;0040;0194;75;59;0;4;9;161;14
09431;TUTÓIA;0040;0197;86;100;2;10;8;211;5
09431;TUTÓIA;0040;0199;41;75;1;8;2;141;14
09431;TUTÓIA;0040;0200;33;67;0;2;4;130;24
09431;TUTÓIA;0040;0201;52;105;0;4;12;197;24
09431;TUTÓIA;0040;0202;62;73;1;6;7;163;14
09431;TUTÓIA;0040;0203;48;92;1;4;3;202;54
09431;TUTÓIA;0040;0204;96;92;1;12;17;238;20
09431;TUTÓIA;0040;0205;58;105;0;12;10;210;25
09431;TUTÓIA;0040;0207;144;96;2;8;22;307;35
09431;TUTÓIA;0040;0209;106;90;5;5;11;243;26
09431;TUTÓIA;0040;0211;88;91;0;8;7;213;19
09431;TUTÓIA;0040;0212;157;93;2;11;18;297;16
09431;TUTÓIA;0040;0217;73;70;0;1;5;156;7
09431;TUTÓIA;0040;0222;67;67;0;3;5;147;5
09431;TUTÓIA;0040;0235;60;24;1;4;3;100;8
09431;TUTÓIA;0040;0237;37;101;0;0;4;153;11
09431;TUTÓIA;0040;0238;53;134;1;11;9;235;27
09431;TUTÓIA;0040;0239;30;67;0;3;10;119;9
09431;TUTÓIA;0040;0240;60;91;0;7;10;189;21
09431;TUTÓIA;0040;0247;99;64;2;6;8;203;24
09431;TUTÓIA;0040;0248;76;71;1;2;5;162;7
09431;TUTÓIA;0040;0249;63;50;1;2;9;151;26
09431;TUTÓIA;0040;0250;109;80;1;0;17;231;24
09431;TUTÓIA;0040;0251;57;63;0;6;10;165;29
09431;TUTÓIA;0040;0253;79;81;0;4;3;175;8
09431;TUTÓIA;0040;0254;81;66;1;10;8;183;17
09431;TUTÓIA;0040;0255;141;84;5;7;14;273;22
09431;TUTÓIA;0040;0256;73;62;4;5;4;160;12
09431;TUTÓIA;0040;0257;82;104;2;13;12;232;19
09431;TUTÓIA;0040;0258;67;52;0;4;8;152;21
09431;TUTÓIA;0040;0269;127;109;3;6;7;278;26
09431;TUTÓIA;0040;0270;96;86;4;9;9;220;16
09431;TUTÓIA;0040;0273;44;89;1;7;13;176;22
09431;TUTÓIA;0040;0274;118;57;1;3;8;202;15
09431;TUTÓIA;0040;0277;37;42;1;3;6;96;7
09652;SANTA LUZIA DO PARUÁ;0080;0004;100;45;4;8;10;181;14
09652;SANTA LUZIA DO PARUÁ;0080;0005;107;39;3;8;17;198;24
09652;SANTA LUZIA DO PARUÁ;0080;0006;113;49;7;2;6;193;16
09652;SANTA LUZIA DO PARUÁ;0080;0007;122;36;2;9;4;185;12
09652;SANTA LUZIA DO PARUÁ;0080;0008;112;52;7;3;9;200;17
09652;SANTA LUZIA DO PARUÁ;0080;0009;108;76;3;14;7;223;15
09652;SANTA LUZIA DO PARUÁ;0080;0010;130;63;6;8;6;238;25
09652;SANTA LUZIA DO PARUÁ;0080;0017;126;70;4;4;5;223;14
09652;SANTA LUZIA DO PARUÁ;0080;0018;132;69;3;6;7;244;27
09652;SANTA LUZIA DO PARUÁ;0080;0019;135;70;2;7;14;251;23
09652;SANTA LUZIA DO PARUÁ;0080;0020;135;70;4;7;12;266;38
09652;SANTA LUZIA DO PARUÁ;0080;0031;126;60;4;16;16;247;25
09652;SANTA LUZIA DO PARUÁ;0080;0032;133;74;1;6;9;249;26
09652;SANTA LUZIA DO PARUÁ;0080;0033;147;63;2;7;13;248;16
09652;SANTA LUZIA DO PARUÁ;0080;0034;133;79;3;9;10;254;20
09652;SANTA LUZIA DO PARUÁ;0080;0035;128;71;4;8;11;237;15
09652;SANTA LUZIA DO PARUÁ;0080;0036;147;77;2;10;11;266;19
09652;SANTA LUZIA DO PARUÁ;0080;0037;87;71;1;7;12;207;29
09652;SANTA LUZIA DO PARUÁ;0080;0055;140;48;1;9;11;234;25
09652;SANTA LUZIA DO PARUÁ;0080;0059;155;63;4;5;9;266;30
09652;SANTA LUZIA DO PARUÁ;0080;0061;155;68;1;5;10;267;28
09652;SANTA LUZIA DO PARUÁ;0080;0062;151;63;1;10;12;263;26
09652;SANTA LUZIA DO PARUÁ;0080;0063;91;77;6;7;10;211;20
09652;SANTA LUZIA DO PARUÁ;0080;0064;91;70;2;9;10;197;15
09652;SANTA LUZIA DO PARUÁ;0080;0067;125;93;1;9;14;280;38
09652;SANTA LUZIA DO PARUÁ;0080;0068;70;84;2;4;14;191;17
09652;SANTA LUZIA DO PARUÁ;0080;0073;134;119;0;5;5;303;40
09652;SANTA LUZIA DO PARUÁ;0080;0075;138;48;3;4;15;238;30
09652;SANTA LUZIA DO PARUÁ;0080;0076;147;60;2;0;3;230;18
09652;SANTA LUZIA DO PARUÁ;0080;0077;142;54;3;10;5;241;27
09652;SANTA LUZIA DO PARUÁ;0080;0082;70;53;1;6;8;148;10
09652;SANTA LUZIA DO PARUÁ;0080;0083;87;50;2;6;7;169;17
09652;SANTA LUZIA DO PARUÁ;0080;0086;100;24;2;4;12;167;25
09652;SANTA LUZIA DO PARUÁ;0080;0089;83;53;1;5;6;158;10
09652;SANTA LUZIA DO PARUÁ;0080;0090;133;74;0;5;8;234;14
09652;SANTA LUZIA DO PARUÁ;0080;0093;129;40;2;7;9;209;22
09652;SANTA LUZIA DO PARUÁ;0080;0096;151;53;2;18;15;260;21
09652;SANTA LUZIA DO PARUÁ;0080;0098;128;65;4;11;11;250;31
09652;SANTA LUZIA DO PARUÁ;0080;0099;109;55;0;3;8;192;17
09652;SANTA LUZIA DO PARUÁ;0080;0101;138;62;4;9;10;241;18
09652;SANTA LUZIA DO PARUÁ;0080;0106;108;65;2;12;8;222;27
09652;SANTA LUZIA DO PARUÁ;0080;0107;225;64;2;14;3;324;16
09652;SANTA LUZIA DO PARUÁ;0080;0108;102;63;2;11;9;210;23
09652;SANTA LUZIA DO PARUÁ;0080;0109;107;58;5;10;11;217;26
09652;SANTA LUZIA DO PARUÁ;0080;0111;214;79;5;12;11;349;28
09652;SANTA LUZIA DO PARUÁ;0080;0114;118;66;1;6;10;220;19
09652;SANTA LUZIA DO PARUÁ;0080;0119;112;43;2;3;6;190;24
09652;SANTA LUZIA DO PARUÁ;0080;0129;67;29;0;1;7;123;19
09652;SANTA LUZIA DO PARUÁ;0080;0133;77;90;0;5;13;194;9
09652;SANTA LUZIA DO PARUÁ;0080;0136;100;53;3;5;9;200;30
09652;SANTA LUZIA DO PARUÁ;0080;0137;106;10;3;7;4;149;19
09652;SANTA LUZIA DO PARUÁ;0080;0140;129;53;2;12;9;226;21
09652;SANTA LUZIA DO PARUÁ;0080;0146;98;62;2;4;7;188;15
09652;SANTA LUZIA DO PARUÁ;0080;0158;122;65;1;2;13;218;15
09652;SANTA LUZIA DO PARUÁ;0080;0167;58;39;1;3;6;124;17
09652;SANTA LUZIA DO PARUÁ;0080;0170;117;50;4;1;10;199;17
09652;SANTA LUZIA DO PARUÁ;0080;0175;74;45;3;2;3;140;13
09652;SANTA LUZIA DO PARUÁ;0080;0176;135;49;4;9;9;229;23
09652;SANTA LUZIA DO PARUÁ;0080;0178;111;60;1;3;16;217;26
09652;SANTA LUZIA DO PARUÁ;0080;0180;109;66;4;8;6;207;14
09652;SANTA LUZIA DO PARUÁ;0080;0181;111;40;4;8;8;185;14
09679;ARAME;0104;0001;81;68;2;2;9;178;16
09679;ARAME;0104;0002;120;54;1;2;11;201;13
09679;ARAME;0104;0003;96;61;1;2;2;181;19
09679;ARAME;0104;0004;91;61;2;1;8;189;26
09679;ARAME;0104;0005;95;62;1;0;2;175;15
09679;ARAME;0104;0006;81;45;0;4;8;150;12
09679;ARAME;0104;0007;83;63;1;0;4;169;18
09679;ARAME;0104;0008;78;55;1;1;9;161;17
09679;ARAME;0104;0009;89;55;1;3;10;169;11
09679;ARAME;0104;0010;83;51;4;0;15;170;17
09679;ARAME;0104;0011;92;51;1;3;2;169;20
09679;ARAME;0104;0012;85;51;4;4;12;169;13
09679;ARAME;0104;0013;91;50;4;4;5;174;20
09679;ARAME;0104;0014;84;51;0;3;7;158;13
09679;ARAME;0104;0015;111;75;0;2;6;214;20
09679;ARAME;0104;0016;103;78;0;2;8;226;35
09679;ARAME;0104;0017;41;70;0;1;1;122;9
09679;ARAME;0104;0018;101;101;0;0;4;224;18
09679;ARAME;0104;0020;125;32;1;5;12;183;8
09679;ARAME;0104;0021;119;54;0;2;7;192;10
09679;ARAME;0104;0022;127;40;0;5;12;195;11
09679;ARAME;0104;0023;129;52;0;0;8;216;27
09679;ARAME;0104;0024;106;85;3;2;14;225;15
09679;ARAME;0104;0025;126;55;0;0;12;206;13
09679;ARAME;0104;0026;136;56;0;0;8;212;12
09679;ARAME;0104;0027;123;63;3;0;11;212;12
09679;ARAME;0104;0028;120;89;1;8;9;263;36
09679;ARAME;0104;0029;122;91;2;4;17;267;31
09679;ARAME;0104;0030;106;62;1;0;13;205;23
09679;ARAME;0104;0031;103;63;4;2;7;205;26
09679;ARAME;0104;0032;102;73;1;1;10;201;14
09679;ARAME;0104;0033;153;93;3;1;11;293;32
09679;ARAME;0104;0034;149;89;4;2;13;284;27
09679;ARAME;0104;0035;148;107;5;5;13;298;20
09679;ARAME;0104;0036;157;93;2;4;16;304;32
09679;ARAME;0104;0037;133;80;4;4;15;257;21
09679;ARAME;0104;0038;141;76;3;1;7;246;18
09679;ARAME;0104;0039;122;94;1;1;12;248;18
09679;ARAME;0104;0041;60;36;1;1;8;125;19
09679;ARAME;0104;0042;37;76;3;0;4;139;19
09679;ARAME;0104;0044;50;28;0;1;3;104;22
09679;ARAME;0104;0046;143;66;0;3;9;246;25
09679;ARAME;0104;0047;79;22;0;2;4;119;12
09679;ARAME;0104;0048;93;51;1;3;5;163;10
09679;ARAME;0104;0050;97;54;5;1;3;182;22
09679;ARAME;0104;0051;84;69;2;1;2;181;23
09679;ARAME;0104;0052;93;60;0;2;6;185;24
09679;ARAME;0104;0053;107;62;1;1;8;201;22
09679;ARAME;0104;0054;94;51;0;3;11;179;20
09679;ARAME;0104;0055;88;71;1;2;5;186;19
09679;ARAME;0104;0056;40;49;0;1;7;115;18
09679;ARAME;0104;0057;124;95;0;0;7;250;24
09679;ARAME;0104;0058;108;123;1;0;5;256;19
09679;ARAME;0104;0060;107;110;0;5;16;256;18
09679;ARAME;0104;0061;142;96;0;2;13;281;28
09679;ARAME;0104;0063;93;64;5;2;7;184;13
09679;ARAME;0104;0064;81;73;0;2;11;208;41
09679;ARAME;0104;0066;152;84;3;1;3;265;22
09679;ARAME;0104;0067;159;80;4;3;18;283;19
09679;ARAME;0104;0068;104;92;4;3;13;240;24
09679;ARAME;0104;0069;86;121;1;2;28;264;26
09679;ARAME;0104;0070;18;183;1;0;0;214;12
09679;ARAME;0104;0072;85;135;1;9;22;283;31
09679;ARAME;0104;0073;78;22;0;0;3;110;7
09679;ARAME;0104;0074;75;141;2;5;14;269;32
09679;ARAME;0104;0075;31;150;0;0;5;221;35
09679;ARAME;0104;0076;132;117;1;2;11;289;26
09679;ARAME;0104;0077;80;142;1;5;9;263;26
09679;ARAME;0104;0078;144;86;5;5;11;273;22
09679;ARAME;0104;0079;131;93;1;5;9;258;19
09679;ARAME;0104;0080;57;59;2;0;8;158;32
09679;ARAME;0104;0081;39;11;0;0;3;62;9
09679;ARAME;0104;0082;66;41;0;2;4;120;7
09679;ARAME;0104;0083;105;114;0;1;20;268;28
09679;ARAME;0104;0084;105;73;1;0;10;212;23
09679;ARAME;0104;0085;57;35;0;0;3;119;24
09679;ARAME;0104;0086;142;69;1;2;12;244;18
09679;ARAME;0104;0087;124;102;3;5;22;277;21
09679;ARAME;0104;0088;92;125;1;5;24;271;24
09679;ARAME;0104;0089;143;62;5;7;10;243;16
09679;ARAME;0104;0091;33;35;0;1;3;77;5
07021;ALTO ALEGRE DO MARANHÃO;0035;0072;90;81;0;1;12;205;21
07021;ALTO ALEGRE DO MARANHÃO;0035;0073;107;89;0;5;7;219;11
07021;ALTO ALEGRE DO MARANHÃO;0035;0074;123;78;2;5;9;226;9
07021;ALTO ALEGRE DO MARANHÃO;0035;0075;107;68;1;5;9;209;19
07021;ALTO ALEGRE DO MARANHÃO;0035;0076;117;70;1;1;5;204;10
07021;ALTO ALEGRE DO MARANHÃO;0035;0077;114;59;5;3;11;204;12
07021;ALTO ALEGRE DO MARANHÃO;0035;0078;116;65;0;2;10;209;16
07021;ALTO ALEGRE DO MARANHÃO;0035;0079;105;67;1;7;9;203;14
07021;ALTO ALEGRE DO MARANHÃO;0035;0080;118;71;1;3;12;223;18
07021;ALTO ALEGRE DO MARANHÃO;0035;0081;119;72;2;4;7;218;14
07021;ALTO ALEGRE DO MARANHÃO;0035;0082;101;78;0;3;15;217;20
07021;ALTO ALEGRE DO MARANHÃO;0035;0083;74;97;1;3;11;217;31
07021;ALTO ALEGRE DO MARANHÃO;0035;0084;158;87;4;3;11;284;21
07021;ALTO ALEGRE DO MARANHÃO;0035;0085;132;90;1;6;11;257;17
07021;ALTO ALEGRE DO MARANHÃO;0035;0086;137;94;0;3;7;252;11
07021;ALTO ALEGRE DO MARANHÃO;0035;0087;155;98;0;1;7;286;25
07021;ALTO ALEGRE DO MARANHÃO;0035;0088;155;94;0;3;13;279;14
07021;ALTO ALEGRE DO MARANHÃO;0035;0089;131;106;1;6;11;281;26
07021;ALTO ALEGRE DO MARANHÃO;0035;0090;128;86;1;1;9;233;8
07021;ALTO ALEGRE DO MARANHÃO;0035;0091;135;84;0;3;12;251;17
07021;ALTO ALEGRE DO MARANHÃO;0035;0092;136;98;1;2;11;260;12
07021;ALTO ALEGRE DO MARANHÃO;0035;0093;139;79;1;4;15;252;14
07021;ALTO ALEGRE DO MARANHÃO;0035;0094;125;96;1;3;9;248;14
07021;ALTO ALEGRE DO MARANHÃO;0035;0095;133;78;1;4;10;244;18
07021;ALTO ALEGRE DO MARANHÃO;0035;0096;148;87;0;2;17;271;17
07021;ALTO ALEGRE DO MARANHÃO;0035;0097;126;109;1;6;11;276;23
07021;ALTO ALEGRE DO MARANHÃO;0035;0098;141;121;1;2;7;286;14
07021;ALTO ALEGRE DO MARANHÃO;0035;0099;148;83;0;7;15;273;20
07021;ALTO ALEGRE DO MARANHÃO;0035;0100;129;114;1;5;10;272;13
07021;ALTO ALEGRE DO MARANHÃO;0035;0101;135;96;4;5;16;275;19
07021;ALTO ALEGRE DO MARANHÃO;0035;0102;150;94;2;2;14;275;13
07021;ALTO ALEGRE DO MARANHÃO;0035;0103;115;94;1;3;14;242;15
07021;ALTO ALEGRE DO MARANHÃO;0035;0104;127;100;2;4;12;273;28
07021;ALTO ALEGRE DO MARANHÃO;0035;0105;130;115;1;6;11;276;13
07021;ALTO ALEGRE DO MARANHÃO;0035;0106;110;98;1;1;15;237;12
07021;ALTO ALEGRE DO MARANHÃO;0035;0107;127;96;1;0;12;254;18
07021;ALTO ALEGRE DO MARANHÃO;0035;0108;90;96;1;1;13;227;26
07021;ALTO ALEGRE DO MARANHÃO;0035;0109;128;97;0;2;4;246;15
07021;ALTO ALEGRE DO MARANHÃO;0035;0110;79;85;0;3;3;195;25
07021;ALTO ALEGRE DO MARANHÃO;0035;0111;73;91;2;2;7;189;14
07021;ALTO ALEGRE DO MARANHÃO;0035;0112;86;97;1;1;10;212;17
07021;ALTO ALEGRE DO MARANHÃO;0035;0113;116;97;0;6;8;243;16
07021;ALTO ALEGRE DO MARANHÃO;0035;0114;108;104;1;3;13;241;12
07021;ALTO ALEGRE DO MARANHÃO;0035;0115;127;74;0;0;9;225;15
07021;ALTO ALEGRE DO MARANHÃO;0035;0116;112;108;0;2;11;247;14
07021;ALTO ALEGRE DO MARANHÃO;0035;0117;104;65;1;1;15;203;17
07021;ALTO ALEGRE DO MARANHÃO;0035;0118;110;67;3;7;8;204;9
07021;ALTO ALEGRE DO MARANHÃO;0035;0119;94;76;3;5;14;207;15
07021;ALTO ALEGRE DO MARANHÃO;0035;0120;99;76;3;2;14;205;11
07021;ALTO ALEGRE DO MARANHÃO;0035;0121;94;73;0;1;8;190;14
07021;ALTO ALEGRE DO MARANHÃO;0035;0122;80;62;1;1;13;172;15
07021;ALTO ALEGRE DO MARANHÃO;0035;0123;130;64;3;3;12;227;15
07021;ALTO ALEGRE DO MARANHÃO;0035;0124;106;67;2;2;7;202;18
07021;ALTO ALEGRE DO MARANHÃO;0035;0125;112;77;1;1;15;214;8
07021;ALTO ALEGRE DO MARANHÃO;0035;0126;117;84;2;3;7;224;11
07021;ALTO ALEGRE DO MARANHÃO;0035;0127;120;69;1;3;10;215;12
07021;ALTO ALEGRE DO MARANHÃO;0035;0128;153;105;0;3;11;286;14
07021;ALTO ALEGRE DO MARANHÃO;0035;0130;114;104;0;3;11;245;13
07021;ALTO ALEGRE DO MARANHÃO;0035;0131;129;85;1;2;10;238;11
07021;ALTO ALEGRE DO MARANHÃO;0035;0132;108;90;1;2;7;217;9
07021;ALTO ALEGRE DO MARANHÃO;0035;0133;116;86;1;5;10;230;12
07099;ALTO PARNAÍBA;0011;0001;83;102;3;6;23;248;31
07099;ALTO PARNAÍBA;0011;0002;82;119;3;3;11;238;20
07099;ALTO PARNAÍBA;0011;0003;98;115;3;5;14;256;21
07099;ALTO PARNAÍBA;0011;0004;79;112;2;1;17;227;16
07099;ALTO PARNAÍBA;0011;0005;88;115;0;6;15;242;18
07099;ALTO PARNAÍBA;0011;0006;66;111;2;7;19;221;16
07099;ALTO PARNAÍBA;0011;0007;83;96;1;4;17;218;17
07099;ALTO PARNAÍBA;0011;0008;87;112;2;5;15;232;11
07099;ALTO PARNAÍBA;0011;0009;87;105;0;4;10;230;24
07099;ALTO PARNAÍBA;0011;0010;102;112;5;5;13;251;14
07099;ALTO PARNAÍBA;0011;0011;92;137;1;13;18;285;24
07099;ALTO PARNAÍBA;0011;0012;87;113;1;10;30;270;29
07099;ALTO PARNAÍBA;0011;0013;38;32;3;1;8;100;18
07099;ALTO PARNAÍBA;0011;0014;54;68;2;3;10;158;21
07099;ALTO PARNAÍBA;0011;0015;66;103;2;0;8;190;11
07099;ALTO PARNAÍBA;0011;0017;87;142;2;6;12;265;16
07099;ALTO PARNAÍBA;0011;0018;73;114;3;7;10;227;20
07099;ALTO PARNAÍBA;0011;0019;94;74;1;1;32;222;20
07099;ALTO PARNAÍBA;0011;0021;99;122;0;11;11;269;26
07099;ALTO PARNAÍBA;0011;0026;78;146;1;16;9;273;23
07099;ALTO PARNAÍBA;0011;0027;86;94;0;3;31;240;26
07099;ALTO PARNAÍBA;0011;0028;35;53;0;1;4;99;6
07099;ALTO PARNAÍBA;0011;0029;56;27;0;3;11;101;4
07099;ALTO PARNAÍBA;0011;0030;32;22;1;1;12;76;8
07099;ALTO PARNAÍBA;0011;0031;86;106;2;6;15;233;18
07099;ALTO PARNAÍBA;0011;0039;94;119;1;7;19;255;15
07099;ALTO PARNAÍBA;0011;0044;81;107;4;4;23;236;17
07099;ALTO PARNAÍBA;0011;0045;85;164;0;8;19;296;20
07099;ALTO PARNAÍBA;0011;0060;74;90;1;2;6;187;14
07102;ARAGUANÃ;0096;0160;94;51;2;0;5;182;30
07102;ARAGUANÃ;0096;0161;105;45;3;5;2;194;34
07102;ARAGUANÃ;0096;0162;116;41;1;5;11;204;30
07102;ARAGUANÃ;0096;0163;130;73;3;7;11;262;38
07102;ARAGUANÃ;0096;0164;154;53;1;3;14;268;43
07102;ARAGUANÃ;0096;0165;126;67;0;4;12;257;48
07102;ARAGUANÃ;0096;0166;144;68;4;4;6;258;32
07102;ARAGUANÃ;0096;0167;118;46;0;0;11;203;28
07102;ARAGUANÃ;0096;0169;87;55;0;2;7;184;33
07102;ARAGUANÃ;0096;0170;96;65;0;1;12;204;30
07102;ARAGUANÃ;0096;0173;125;67;2;8;17;258;39
07102;ARAGUANÃ;0096;0174;101;45;1;6;8;185;24
07102;ARAGUANÃ;0096;0175;145;84;2;7;11;280;31
07102;ARAGUANÃ;0096;0176;90;41;0;0;8;164;25
07102;ARAGUANÃ;0096;0177;103;40;0;3;8;191;37
07102;ARAGUANÃ;0096;0178;97;51;2;4;7;186;25
07102;ARAGUANÃ;0096;0179;94;33;2;1;7;178;41
07102;ARAGUANÃ;0096;0180;90;39;2;0;5;178;42
07102;ARAGUANÃ;0096;0181;139;62;1;0;7;245;36
07102;ARAGUANÃ;0096;0182;140;68;3;5;10;267;41
07102;ARAGUANÃ;0096;0185;109;65;1;4;18;240;43
07102;ARAGUANÃ;0096;0186;110;37;1;3;9;207;47
07102;ARAGUANÃ;0096;0187;125;48;0;5;9;228;41
07102;ARAGUANÃ;0096;0188;76;57;2;6;4;212;67
07102;ARAGUANÃ;0096;0191;110;92;0;8;13;261;38
07102;ARAGUANÃ;0096;0208;108;44;2;6;4;191;27
07102;ARAGUANÃ;0096;0209;114;35;0;3;5;190;33
07102;ARAGUANÃ;0096;0227;99;47;1;1;2;177;27
07102;ARAGUANÃ;0096;0228;69;45;0;2;7;137;14
07200;BERNARDO DO MEARIM;0067;0015;70;80;0;6;11;181;14
07200;BERNARDO DO MEARIM;0067;0016;73;70;1;0;10;174;20
07200;BERNARDO DO MEARIM;0067;0017;42;98;2;5;5;159;7
07200;BERNARDO DO MEARIM;0067;0020;48;88;0;5;5;155;9
07200;BERNARDO DO MEARIM;0067;0021;45;88;1;10;6;158;8
07200;BERNARDO DO MEARIM;0067;0041;66;101;1;3;8;193;14
07200;BERNARDO DO MEARIM;0067;0043;81;90;2;3;16;206;14
07200;BERNARDO DO MEARIM;0067;0049;93;64;0;1;11;176;7
07200;BERNARDO DO MEARIM;0067;0056;96;115;0;5;21;257;20
07200;BERNARDO DO MEARIM;0067;0067;60;91;1;10;10;183;11
07200;BERNARDO DO MEARIM;0067;0073;65;139;0;3;5;225;13
07200;BERNARDO DO MEARIM;0067;0083;76;80;2;1;4;170;7
07200;BERNARDO DO MEARIM;0067;0085;62;74;3;3;1;155;12
07200;BERNARDO DO MEARIM;0067;0088;38;112;1;4;12;181;14
07200;BERNARDO DO MEARIM;0067;0091;61;84;4;2;11;168;6
07200;BERNARDO DO MEARIM;0067;0096;78;83;3;3;7;180;6
07200;BERNARDO DO MEARIM;0067;0103;71;75;2;2;8;165;7
07200;BERNARDO DO MEARIM;0067;0116;143;119;4;6;9;297;16
07200;BERNARDO DO MEARIM;0067;0129;69;89;0;3;7;179;11
07200;BERNARDO DO MEARIM;0067;0130;86;69;3;7;9;186;12
07200;BERNARDO DO MEARIM;0067;0134;28;108;0;4;10;166;16
07200;BERNARDO DO MEARIM;0067;0135;88;68;1;0;6;179;16
07200;BERNARDO DO MEARIM;0067;0140;21;64;0;7;5;105;8
07340;BURITICUPU;0095;0001;172;52;20;3;14;296;35
07340;BURITICUPU;0095;0002;149;60;13;8;20;284;34
07340;BURITICUPU;0095;0003;168;63;11;6;10;288;30
07340;BURITICUPU;0095;0004;146;69;14;5;25;287;28
07340;BURITICUPU;0095;0005;164;63;14;9;12;285;23
07340;BURITICUPU;0095;0006;178;71;12;2;9;301;29
07340;BURITICUPU;0095;0007;164;68;9;5;9;288;33
07340;BURITICUPU;0095;0008;110;42;10;4;11;197;20
07340;BURITICUPU;0095;0010;95;59;10;5;4;200;27
07340;BURITICUPU;0095;0012;108;53;11;2;14;215;27
07340;BURITICUPU;0095;0014;93;45;5;3;18;181;17
07340;BURITICUPU;0095;0015;99;47;5;3;9;181;18
07340;BURITICUPU;0095;0016;96;48;9;8;7;185;17
07340;BURITICUPU;0095;0017;100;43;11;8;9;193;22
07340;BURITICUPU;0095;0018;139;87;1;8;10;270;25
07340;BURITICUPU;0095;0019;126;71;0;7;5;244;35
07340;BURITICUPU;0095;0021;138;99;8;5;16;297;31
07340;BURITICUPU;0095;0023;116;79;9;0;7;237;26
07340;BURITICUPU;0095;0024;126;67;5;3;14;240;25
07340;BURITICUPU;0095;0025;124;66;12;5;20;251;24
07340;BURITICUPU;0095;0026;120;74;8;6;10;250;32
07340;BURITICUPU;0095;0027;127;72;16;3;10;249;21
07340;BURITICUPU;0095;0028;134;71;12;1;12;256;26
07340;BURITICUPU;0095;0029;129;84;7;3;6;252;23
07340;BURITICUPU;0095;0030;74;81;1;3;8;199;32
07340;BURITICUPU;0095;0031;86;112;7;3;10;252;34
07340;BURITICUPU;0095;0032;81;119;6;2;10;252;34
07340;BURITICUPU;0095;0033;89;103;7;1;9;235;26
07340;BURITICUPU;0095;0034;69;117;8;1;12;235;28
07340;BURITICUPU;0095;0035;76;56;4;6;10;166;14
07340;BURITICUPU;0095;0036;85;58;11;4;8;183;17
07340;BURITICUPU;0095;0037;69;47;10;9;9;161;17
07340;BURITICUPU;0095;0038;78;59;10;0;10;179;22
07340;BURITICUPU;0095;0039;67;55;12;2;11;163;16
07340;BURITICUPU;0095;0040;83;62;3;0;10;201;43
07340;BURITICUPU;0095;0041;76;70;2;2;4;194;40
07340;BURITICUPU;0095;0042;127;53;9;3;13;257;52
07340;BURITICUPU;0095;0043;136;42;8;5;16;252;45
07340;BURITICUPU;0095;0044;142;57;9;1;13;260;38
07340;BURITICUPU;0095;0045;134;58;10;3;13;257;39
07340;BURITICUPU;0095;0046;130;60;9;3;15;261;44
07340;BURITICUPU;0095;0047;158;67;8;5;13;284;33
07340;BURITICUPU;0095;0048;151;46;6;3;11;253;36
07340;BURITICUPU;0095;0049;128;63;11;7;20;261;32
07340;BURITICUPU;0095;0050;104;34;10;2;13;186;23
07340;BURITICUPU;0095;0051;108;38;7;2;9;184;20
07340;BURITICUPU;0095;0052;81;49;9;2;9;171;21
07340;BURITICUPU;0095;0053;104;40;7;2;7;180;20
07340;BURITICUPU;0095;0054;119;42;7;4;8;208;28
07340;BURITICUPU;0095;0055;117;55;6;3;9;222;32
07340;BURITICUPU;0095;0056;111;67;8;4;10;223;23
07340;BURITICUPU;0095;0058;123;57;11;1;10;230;28
07340;BURITICUPU;0095;0059;70;94;1;5;9;192;13
07340;BURITICUPU;0095;0060;31;121;4;3;11;190;20
07340;BURITICUPU;0095;0062;34;32;0;1;0;84;17
07340;BURITICUPU;0095;0064;105;74;2;2;10;231;38
07340;BURITICUPU;0095;0065;118;78;1;3;24;255;31
07340;BURITICUPU;0095;0066;131;64;3;6;11;246;31
07340;BURITICUPU;0095;0067;93;80;0;1;2;238;62
07340;BURITICUPU;0095;0069;69;145;2;3;27;282;36
07340;BURITICUPU;0095;0071;92;134;1;0;22;276;27
07340;BURITICUPU;0095;0073;113;39;6;6;10;196;22
07340;BURITICUPU;0095;0074;131;66;8;2;14;259;38
07340;BURITICUPU;0095;0075;118;63;9;4;15;246;37
07340;BURITICUPU;0095;0076;119;53;9;2;15;239;41
07340;BURITICUPU;0095;0077;115;33;18;7;19;231;39
07340;BURITICUPU;0095;0078;127;47;4;7;11;233;37
07340;BURITICUPU;0095;0079;128;46;7;5;15;232;31
07340;BURITICUPU;0095;0080;120;55;6;5;23;243;34
07340;BURITICUPU;0095;0081;118;43;10;5;25;231;30
07340;BURITICUPU;0095;0082;87;55;14;3;16;216;41
07340;BURITICUPU;0095;0083;139;54;11;1;16;256;35
07340;BURITICUPU;0095;0084;147;56;7;3;19;259;27
07340;BURITICUPU;0095;0085;142;48;5;2;13;249;39
07340;BURITICUPU;0095;0086;141;65;9;3;9;266;39
07340;BURITICUPU;0095;0087;136;60;9;6;26;273;36
07340;BURITICUPU;0095;0088;93;96;2;1;1;214;21
07340;BURITICUPU;0095;0089;57;72;5;1;6;164;23
07340;BURITICUPU;0095;0090;17;45;0;0;4;110;44
07340;BURITICUPU;0095;0091;53;64;0;3;5;149;24
07340;BURITICUPU;0095;0093;8;57;1;0;8;87;13
07340;BURITICUPU;0095;0094;15;35;0;1;2;61;8
07340;BURITICUPU;0095;0095;120;55;8;2;8;220;27
07340;BURITICUPU;0095;0096;109;56;7;6;14;208;16
07340;BURITICUPU;0095;0097;108;49;6;4;17;208;24
07340;BURITICUPU;0095;0098;119;45;6;3;14;219;32
07340;BURITICUPU;0095;0099;105;45;7;1;15;197;24
07340;BURITICUPU;0095;0100;109;106;1;2;9;250;23
07340;BURITICUPU;0095;0101;21;26;3;0;4;70;16
07340;BURITICUPU;0095;0102;67;70;1;3;10;187;36
07340;BURITICUPU;0095;0103;100;53;0;3;10;191;25
07340;BURITICUPU;0095;0104;134;53;9;4;9;252;43
07340;BURITICUPU;0095;0105;109;80;3;2;8;233;31
07340;BURITICUPU;0095;0106;101;92;4;2;21;240;20
07340;BURITICUPU;0095;0107;28;24;3;1;2;66;8
07340;BURITICUPU;0095;0165;152;48;10;3;12;263;38
07340;BURITICUPU;0095;0169;144;62;9;3;9;265;38
07340;BURITICUPU;0095;0170;131;47;6;2;23;238;29
07340;BURITICUPU;0095;0171;133;67;5;5;13;270;47
07340;BURITICUPU;0095;0177;127;68;9;3;6;253;40
07340;BURITICUPU;0095;0178;119;40;4;5;11;208;29
07340;BURITICUPU;0095;0179;21;17;0;2;3;53;10
07340;BURITICUPU;0095;0180;39;87;2;3;6;174;37
07340;BURITICUPU;0095;0182;37;48;0;3;8;123;27
07340;BURITICUPU;0095;0183;38;53;0;1;4;103;7
07340;BURITICUPU;0095;0184;53;73;0;1;4;143;12
07340;BURITICUPU;0095;0185;167;58;12;3;13;295;42
07340;BURITICUPU;0095;0186;126;55;11;3;10;233;28
07340;BURITICUPU;0095;0187;35;28;3;0;3;94;25
07340;BURITICUPU;0095;0189;94;68;2;2;7;224;51
07340;BURITICUPU;0095;0191;24;22;6;0;4;61;5
07340;BURITICUPU;0095;0193;6;28;0;0;2;46;10
07340;BURITICUPU;0095;0202;12;38;2;2;4;66;8
07340;BURITICUPU;0095;0203;106;85;4;4;9;241;33
07340;BURITICUPU;0095;0205;144;61;8;4;14;265;34
07340;BURITICUPU;0095;0206;105;64;9;3;15;228;32
07340;BURITICUPU;0095;0207;128;38;6;5;13;220;30
07340;BURITICUPU;0095;0208;127;63;5;6;19;259;39
07340;BURITICUPU;0095;0209;53;96;3;2;13;186;19
07340;BURITICUPU;0095;0211;126;74;1;0;14;245;30
07340;BURITICUPU;0095;0212;153;55;9;3;11;266;35
07340;BURITICUPU;0095;0213;132;50;7;7;18;248;34
07340;BURITICUPU;0095;0215;28;54;0;2;2;95;9
07340;BURITICUPU;0095;0216;35;31;1;2;5;81;7
07340;BURITICUPU;0095;0217;38;44;0;1;7;123;33
07340;BURITICUPU;0095;0218;28;15;0;2;1;56;10
07340;BURITICUPU;0095;0219;81;91;0;2;11;202;17
07340;BURITICUPU;0095;0221;99;38;11;5;13;186;20
07340;BURITICUPU;0095;0224;139;71;9;8;8;270;35
07340;BURITICUPU;0095;0225;121;72;12;7;11;251;28
07340;BURITICUPU;0095;0226;12;159;0;0;1;191;19
07340;BURITICUPU;0095;0227;87;101;5;4;1;215;17
07340;BURITICUPU;0095;0228;138;48;13;5;16;242;22
07340;BURITICUPU;0095;0230;22;28;1;2;8;67;6
07340;BURITICUPU;0095;0233;128;50;11;4;17;249;39
07340;BURITICUPU;0095;0236;155;52;12;5;11;257;22
07340;BURITICUPU;0095;0239;109;51;12;3;10;204;19
07340;BURITICUPU;0095;0242;125;49;13;2;19;261;53
07340;BURITICUPU;0095;0243;135;53;8;2;7;228;23
07340;BURITICUPU;0095;0244;96;91;5;3;15;232;22
07340;BURITICUPU;0095;0245;125;60;12;4;26;267;40
07340;BURITICUPU;0095;0246;127;59;10;8;18;263;41
07340;BURITICUPU;0095;0247;122;60;5;6;17;253;43
07340;BURITICUPU;0095;0248;143;37;10;4;12;241;35
07340;BURITICUPU;0095;0249;129;51;5;4;11;235;35
07340;BURITICUPU;0095;0250;134;72;4;3;13;256;30
07340;BURITICUPU;0095;0251;167;57;16;4;10;275;21
07340;BURITICUPU;0095;0252;102;67;8;7;14;227;29
07340;BURITICUPU;0095;0268;151;47;6;3;3;244;34
07340;BURITICUPU;0095;0269;93;88;5;2;6;215;21
07340;BURITICUPU;0095;0271;19;29;1;0;4;59;6
07340;BURITICUPU;0095;0272;140;84;5;4;19;299;47
07340;BURITICUPU;0095;0273;127;50;9;6;13;232;27
07340;BURITICUPU;0095;0274;132;62;6;4;12;244;28
07390;BREJO;0024;0001;114;72;5;4;11;220;14
07390;BREJO;0024;0002;140;54;2;2;13;230;19
07390;BREJO;0024;0003;107;65;0;5;10;199;12
07390;BREJO;0024;0006;174;67;1;4;13;280;21
07390;BREJO;0024;0007;166;80;0;3;8;275;18
07390;BREJO;0024;0008;161;72;2;7;9;266;15
07390;BREJO;0024;0009;166;75;0;7;10;271;13
07390;BREJO;0024;0010;154;70;1;7;17;265;16
07390;BREJO;0024;0011;142;73;1;9;9;252;18
07390;BREJO;0024;0012;156;86;4;5;14;284;19
07390;BREJO;0024;0013;138;73;0;4;12;246;19
07390;BREJO;0024;0016;136;53;6;7;16;232;14
07390;BREJO;0024;0018;148;51;5;3;15;244;22
07390;BREJO;0024;0019;168;49;1;10;14;258;16
07390;BREJO;0024;0020;157;60;3;9;16;258;13
07390;BREJO;0024;0022;149;60;1;9;9;248;20
07390;BREJO;0024;0023;95;36;1;8;9;161;12
07390;BREJO;0024;0024;122;76;5;11;10;244;20
07390;BREJO;0024;0025;156;104;1;3;13;295;18
07390;BREJO;0024;0026;153;54;5;5;14;246;15
07390;BREJO;0024;0028;145;59;3;9;10;241;15
07390;BREJO;0024;0029;154;100;0;8;6;284;16
07390;BREJO;0024;0030;159;78;1;11;21;288;18
07390;BREJO;0024;0033;89;71;0;8;9;193;16
07390;BREJO;0024;0036;84;27;1;2;9;133;10
07390;BREJO;0024;0037;85;39;0;4;22;165;15
07390;BREJO;0024;0038;110;49;5;4;11;206;27
07390;BREJO;0024;0039;148;103;4;3;18;296;20
07390;BREJO;0024;0040;136;61;3;6;20;244;18
07390;BREJO;0024;0041;92;96;1;3;9;229;28
07390;BREJO;0024;0042;83;88;3;2;9;206;21
07390;BREJO;0024;0043;53;106;0;4;9;196;24
07390;BREJO;0024;0044;165;90;5;14;7;308;27
07390;BREJO;0024;0045;153;110;5;10;7;306;21
07390;BREJO;0024;0046;167;96;2;8;16;310;21
07390;BREJO;0024;0047;82;37;3;0;8;140;10
07390;BREJO;0024;0049;157;65;1;6;12;248;7
07390;BREJO;0024;0070;155;97;0;2;14;289;21
07390;BREJO;0024;0071;121;64;0;3;10;208;10
07390;BREJO;0024;0074;95;117;0;1;7;231;11
07390;BREJO;0024;0075;118;44;0;7;9;199;21
07390;BREJO;0024;0076;98;80;2;2;11;222;29
07390;BREJO;0024;0077;136;73;4;6;15;261;27
07390;BREJO;0024;0078;155;60;3;3;7;248;20
07390;BREJO;0024;0079;62;117;0;5;10;207;13
07390;BREJO;0024;0082;81;97;0;10;14;227;25
07390;BREJO;0024;0084;139;88;0;5;18;279;29
07390;BREJO;0024;0086;176;66;1;8;13;282;18
07390;BREJO;0024;0088;155;69;3;7;5;258;19
07390;BREJO;0024;0090;130;56;1;1;6;207;13
07390;BREJO;0024;0096;155;95;1;10;17;294;16
07390;BREJO;0024;0100;156;78;3;5;6;260;12
07390;BREJO;0024;0102;95;65;1;6;16;200;17
07390;BREJO;0024;0106;183;68;2;8;8;287;18
07390;BREJO;0024;0108;167;79;1;7;8;281;19
07390;BREJO;0024;0109;99;87;1;3;13;220;17
07390;BREJO;0024;0112;131;70;5;5;20;249;18
07390;BREJO;0024;0114;108;59;1;9;6;187;4
07390;BREJO;0024;0117;93;80;2;10;14;209;10
07390;BREJO;0024;0118;63;82;0;4;9;176;18
07390;BREJO;0024;0122;132;52;2;2;6;209;15
07390;BREJO;0024;0123;107;109;0;3;9;246;18
07390;BREJO;0024;0124;62;76;1;5;11;166;11
07390;BREJO;0024;0132;129;87;0;2;11;258;29
07390;BREJO;0024;0135;119;101;3;6;5;266;32
07390;BREJO;0024;0137;183;71;1;4;9;280;12
07390;BREJO;0024;0139;150;58;2;7;20;248;11
07390;BREJO;0024;0142;162;71;0;4;11;261;13
07390;BREJO;0024;0143;154;64;3;4;13;257;19
07390;BREJO;0024;0152;105;105;0;5;10;242;17
07390;BREJO;0024;0154;168;68;1;12;16;280;15
07390;BREJO;0024;0158;93;79;4;8;10;201;7
07390;BREJO;0024;0164;81;162;0;4;11;281;23
07390;BREJO;0024;0166;92;52;0;3;6;162;9
07390;BREJO;0024;0169;117;63;1;8;9;216;18
07390;BREJO;0024;0176;60;64;1;3;0;134;6
07390;BREJO;0024;0177;110;120;1;3;14;274;26
07390;BREJO;0024;0184;181;47;1;5;13;261;14
07390;BREJO;0024;0187;62;103;0;7;4;188;12
07390;BREJO;0024;0190;170;77;1;6;10;277;13
07390;BREJO;0024;0193;146;62;3;4;5;233;13
07390;BREJO;0024;0194;39;30;1;3;3;86;10
07390;BREJO;0024;0195;125;78;1;3;3;218;8
07390;BREJO;0024;0253;55;66;0;1;5;139;12
07390;BREJO;0024;0254;91;135;1;4;7;250;12
07390;BREJO;0024;0255;43;57;0;0;3;123;20
07390;BREJO;0024;0259;141;69;4;6;13;243;10
07390;BREJO;0024;0260;74;132;1;12;12;248;17
07455;CAJAPIÓ;0063;0136;88;116;0;2;8;236;22
07455;CAJAPIÓ;0063;0137;84;130;1;0;14;247;18
07455;CAJAPIÓ;0063;0138;106;108;1;2;5;242;20
07455;CAJAPIÓ;0063;0139;91;113;2;9;5;243;23
07455;CAJAPIÓ;0063;0140;109;110;0;7;11;258;21
07455;CAJAPIÓ;0063;0141;92;103;0;7;9;234;23
07455;CAJAPIÓ;0063;0142;109;95;1;7;10;241;19
07455;CAJAPIÓ;0063;0143;95;110;0;2;7;233;19
07455;CAJAPIÓ;0063;0144;116;106;2;3;7;264;30
07455;CAJAPIÓ;0063;0145;99;120;2;3;9;261;28
07455;CAJAPIÓ;0063;0146;94;99;0;3;15;231;20
07455;CAJAPIÓ;0063;0147;76;107;0;4;6;226;33
07455;CAJAPIÓ;0063;0148;78;93;1;6;9;214;27
07455;CAJAPIÓ;0063;0149;80;95;0;3;18;226;30
07455;CAJAPIÓ;0063;0150;91;116;1;3;12;251;28
07455;CAJAPIÓ;0063;0151;98;117;0;8;4;254;27
07455;CAJAPIÓ;0063;0152;94;125;0;5;8;260;28
07455;CAJAPIÓ;0063;0153;109;102;1;7;9;254;26
07455;CAJAPIÓ;0063;0154;126;151;0;6;12;312;17
07455;CAJAPIÓ;0063;0155;122;133;0;2;13;292;22
07455;CAJAPIÓ;0063;0156;122;144;1;5;1;288;15
07455;CAJAPIÓ;0063;0157;114;140;1;8;6;285;16
07455;CAJAPIÓ;0063;0158;82;82;0;2;8;189;15
07455;CAJAPIÓ;0063;0159;94;70;0;3;2;181;12
07455;CAJAPIÓ;0063;0161;93;71;0;1;6;187;16
07455;CAJAPIÓ;0063;0162;83;48;0;0;4;149;14
07455;CAJAPIÓ;0063;0163;97;117;0;2;6;258;36
07455;CAJAPIÓ;0063;0164;94;114;1;7;1;236;19
07455;CAJAPIÓ;0063;0165;66;117;0;4;5;212;20
07455;CAJAPIÓ;0063;0166;69;70;0;0;2;150;9
07455;CAJAPIÓ;0063;0233;83;125;0;0;5;229;16
07455;CAJAPIÓ;0063;0234;92;135;0;5;8;263;23
07501;CONCEIÇÃO DO LAGO-AÇU;0066;0247;89;64;4;2;7;180;14
07501;CONCEIÇÃO DO LAGO-AÇU;0066;0248;91;62;0;2;4;174;15
07501;CONCEIÇÃO DO LAGO-AÇU;0066;0249;91;59;1;3;7;173;12
07501;CONCEIÇÃO DO LAGO-AÇU;0066;0250;53;118;0;4;7;195;13
07501;CONCEIÇÃO DO LAGO-AÇU;0066;0251;58;46;1;0;6;121;10
07501;CONCEIÇÃO DO LAGO-AÇU;0066;0253;107;76;2;2;7;212;18
07501;CONCEIÇÃO DO LAGO-AÇU;0066;0256;104;77;2;5;13;217;16
07501;CONCEIÇÃO DO LAGO-AÇU;0066;0260;108;67;2;3;6;200;14
07501;CONCEIÇÃO DO LAGO-AÇU;0066;0261;107;70;1;2;12;203;11
07501;CONCEIÇÃO DO LAGO-AÇU;0066;0262;101;79;2;1;12;204;9
07501;CONCEIÇÃO DO LAGO-AÇU;0066;0263;90;75;3;3;9;189;9
07501;CONCEIÇÃO DO LAGO-AÇU;0066;0264;108;82;4;1;8;215;12
07501;CONCEIÇÃO DO LAGO-AÇU;0066;0265;111;82;3;0;12;230;22
07501;CONCEIÇÃO DO LAGO-AÇU;0066;0266;123;85;1;2;9;242;22
07501;CONCEIÇÃO DO LAGO-AÇU;0066;0267;117;96;1;2;8;240;16
07501;CONCEIÇÃO DO LAGO-AÇU;0066;0268;123;91;1;2;6;234;11
07501;CONCEIÇÃO DO LAGO-AÇU;0066;0269;82;66;2;1;12;175;12
07501;CONCEIÇÃO DO LAGO-AÇU;0066;0270;91;70;0;1;8;182;12
07501;CONCEIÇÃO DO LAGO-AÇU;0066;0271;95;46;2;2;9;169;15
07501;CONCEIÇÃO DO LAGO-AÇU;0066;0272;68;64;1;2;14;171;22
07501;CONCEIÇÃO DO LAGO-AÇU;0066;0273;90;60;1;1;8;172;12
07501;CONCEIÇÃO DO LAGO-AÇU;0066;0274;82;56;1;1;13;170;17
07501;CONCEIÇÃO DO LAGO-AÇU;0066;0275;78;72;4;0;7;175;14
07501;CONCEIÇÃO DO LAGO-AÇU;0066;0276;87;62;2;1;13;179;14
07501;CONCEIÇÃO DO LAGO-AÇU;0066;0277;70;130;1;2;12;243;28
07501;CONCEIÇÃO DO LAGO-AÇU;0066;0278;71;129;1;1;3;224;19
07501;CONCEIÇÃO DO LAGO-AÇU;0066;0279;46;125;0;1;5;186;9
07501;CONCEIÇÃO DO LAGO-AÇU;0066;0280;104;65;1;2;12;191;7
07501;CONCEIÇÃO DO LAGO-AÇU;0066;0281;101;73;1;1;8;200;16
07501;CONCEIÇÃO DO LAGO-AÇU;0066;0282;126;72;2;2;9;223;12
07501;CONCEIÇÃO DO LAGO-AÇU;0066;0283;97;76;1;3;9;196;10
07501;CONCEIÇÃO DO LAGO-AÇU;0066;0284;130;97;0;1;7;254;19
07501;CONCEIÇÃO DO LAGO-AÇU;0066;0285;68;87;1;0;5;188;27
07501;CONCEIÇÃO DO LAGO-AÇU;0066;0286;82;92;2;1;7;199;15
07501;CONCEIÇÃO DO LAGO-AÇU;0066;0287;81;62;1;3;3;154;4
07501;CONCEIÇÃO DO LAGO-AÇU;0066;0289;109;104;1;0;8;238;16
07501;CONCEIÇÃO DO LAGO-AÇU;0066;0290;88;122;0;2;10;240;18
07501;CONCEIÇÃO DO LAGO-AÇU;0066;0291;137;104;4;0;22;297;30
07501;CONCEIÇÃO DO LAGO-AÇU;0066;0294;127;92;0;4;14;271;34
07501;CONCEIÇÃO DO LAGO-AÇU;0066;0296;110;76;5;4;8;216;13
07501;CONCEIÇÃO DO LAGO-AÇU;0066;0297;95;75;1;5;8;203;19
07501;CONCEIÇÃO DO LAGO-AÇU;0066;0298;93;80;8;0;9;202;12
07501;CONCEIÇÃO DO LAGO-AÇU;0066;0300;123;97;0;1;11;257;25
07501;CONCEIÇÃO DO LAGO-AÇU;0066;0311;51;70;1;3;5;149;19
07501;CONCEIÇÃO DO LAGO-AÇU;0066;0313;108;55;2;1;2;177;9
07501;CONCEIÇÃO DO LAGO-AÇU;0066;0314;50;36;0;1;2;95;6
07501;CONCEIÇÃO DO LAGO-AÇU;0066;0319;46;60;0;2;5;117;4
07510;CANTANHEDE;0068;0145;86;61;1;3;7;172;14
07510;CANTANHEDE;0068;0146;73;58;0;2;9;153;11
07510;CANTANHEDE;0068;0147;77;68;0;1;2;156;8
07510;CANTANHEDE;0068;0148;72;66;1;1;7;164;17
07510;CANTANHEDE;0068;0149;87;55;1;6;13;177;15
07510;CANTANHEDE;0068;0150;83;59;0;1;10;170;17
07510;CANTANHEDE;0068;0151;88;47;1;3;10;159;10
07510;CANTANHEDE;0068;0152;144;91;1;5;10;275;24
07510;CANTANHEDE;0068;0153;152;92;2;4;7;280;23
07510;CANTANHEDE;0068;0156;100;72;0;2;11;199;14
07510;CANTANHEDE;0068;0157;115;78;1;3;5;216;14
07510;CANTANHEDE;0068;0158;109;66;2;4;16;209;12
07510;CANTANHEDE;0068;0159;64;20;0;2;2;92;4
07510;CANTANHEDE;0068;0162;135;106;2;4;14;287;26
07510;CANTANHEDE;0068;0163;145;106;1;8;10;291;21
07510;CANTANHEDE;0068;0164;107;64;0;2;4;185;8
07510;CANTANHEDE;0068;0165;104;45;1;2;9;165;4
07510;CANTANHEDE;0068;0166;114;70;1;1;10;204;8
07510;CANTANHEDE;0068;0167;113;55;1;2;8;202;23
07510;CANTANHEDE;0068;0168;120;62;0;1;2;198;13
07510;CANTANHEDE;0068;0169;104;64;0;6;7;199;18
07510;CANTANHEDE;0068;0170;119;54;1;4;6;204;20
07510;CANTANHEDE;0068;0171;109;59;0;4;7;194;15
07510;CANTANHEDE;0068;0172;138;56;0;4;6;210;6
07510;CANTANHEDE;0068;0173;98;73;1;4;0;189;13
07510;CANTANHEDE;0068;0174;89;79;0;5;6;193;14
07510;CANTANHEDE;0068;0175;93;67;0;5;8;183;10
07510;CANTANHEDE;0068;0176;93;65;0;4;3;178;13
07510;CANTANHEDE;0068;0177;87;57;2;7;15;177;9
07510;CANTANHEDE;0068;0178;81;61;1;2;4;162;13
07510;CANTANHEDE;0068;0179;82;63;0;2;3;159;9
07510;CANTANHEDE;0068;0180;89;68;0;4;11;187;15
07510;CANTANHEDE;0068;0181;96;151;7;3;6;286;23
07510;CANTANHEDE;0068;0183;84;111;1;14;13;241;18
07510;CANTANHEDE;0068;0184;94;111;0;9;5;248;29
07510;CANTANHEDE;0068;0185;116;62;1;4;6;206;17
07510;CANTANHEDE;0068;0186;111;57;0;6;4;187;9
07510;CANTANHEDE;0068;0187;99;55;1;4;13;193;21
07510;CANTANHEDE;0068;0188;108;79;2;3;11;222;19
07510;CANTANHEDE;0068;0189;114;77;0;10;9;226;16
07510;CANTANHEDE;0068;0190;100;76;0;3;13;208;16
07510;CANTANHEDE;0068;0191;161;98;0;5;9;292;19
07510;CANTANHEDE;0068;0192;172;88;1;6;10;287;10
07510;CANTANHEDE;0068;0193;157;99;4;4;10;283;9
07510;CANTANHEDE;0068;0194;141;99;0;6;6;273;21
07510;CANTANHEDE;0068;0195;67;108;0;1;8;205;21
07510;CANTANHEDE;0068;0196;27;51;1;0;3;92;10
07510;CANTANHEDE;0068;0198;106;87;0;10;5;220;12
07510;CANTANHEDE;0068;0199;92;87;1;9;11;212;12
07510;CANTANHEDE;0068;0200;111;91;1;7;12;234;12
07510;CANTANHEDE;0068;0201;75;97;5;6;12;208;13
07510;CANTANHEDE;0068;0202;71;191;3;1;9;299;24
07510;CANTANHEDE;0068;0203;147;85;1;3;9;257;12
07510;CANTANHEDE;0068;0243;23;98;0;2;3;129;3
07560;FORMOSA DA SERRA NEGRA;0105;0100;144;62;1;2;18;235;8
07560;FORMOSA DA SERRA NEGRA;0105;0101;122;61;2;2;24;219;8
07560;FORMOSA DA SERRA NEGRA;0105;0102;121;68;0;0;11;210;10
07560;FORMOSA DA SERRA NEGRA;0105;0103;143;51;1;0;15;224;14
07560;FORMOSA DA SERRA NEGRA;0105;0104;167;80;2;2;17;285;17
07560;FORMOSA DA SERRA NEGRA;0105;0105;197;49;1;4;15;280;14
07560;FORMOSA DA SERRA NEGRA;0105;0106;189;50;0;2;17;263;5
07560;FORMOSA DA SERRA NEGRA;0105;0107;165;54;0;4;22;258;13
07560;FORMOSA DA SERRA NEGRA;0105;0108;163;54;0;6;13;254;18
07560;FORMOSA DA SERRA NEGRA;0105;0110;165;74;1;0;9;265;16
07560;FORMOSA DA SERRA NEGRA;0105;0111;115;35;1;2;12;173;8
07560;FORMOSA DA SERRA NEGRA;0105;0112;135;27;1;0;9;178;6
07560;FORMOSA DA SERRA NEGRA;0105;0113;44;32;1;2;7;93;7
07560;FORMOSA DA SERRA NEGRA;0105;0114;155;32;3;2;17;217;8
07560;FORMOSA DA SERRA NEGRA;0105;0115;153;41;1;1;14;216;6
07560;FORMOSA DA SERRA NEGRA;0105;0116;134;63;1;5;17;229;9
07560;FORMOSA DA SERRA NEGRA;0105;0117;136;62;0;6;10;230;16
07560;FORMOSA DA SERRA NEGRA;0105;0118;166;57;4;2;15;260;16
07560;FORMOSA DA SERRA NEGRA;0105;0119;158;68;3;0;14;262;19
07560;FORMOSA DA SERRA NEGRA;0105;0120;155;69;0;3;20;262;15
07560;FORMOSA DA SERRA NEGRA;0105;0121;171;64;2;2;12;264;13
07560;FORMOSA DA SERRA NEGRA;0105;0123;159;83;1;6;21;292;22
07560;FORMOSA DA SERRA NEGRA;0105;0124;62;56;1;3;22;159;15
07560;FORMOSA DA SERRA NEGRA;0105;0125;68;68;0;3;7;157;11
07560;FORMOSA DA SERRA NEGRA;0105;0126;64;61;0;1;6;148;16
07560;FORMOSA DA SERRA NEGRA;0105;0127;77;61;1;3;7;159;10
07560;FORMOSA DA SERRA NEGRA;0105;0128;169;62;1;4;12;263;15
07560;FORMOSA DA SERRA NEGRA;0105;0129;188;61;1;1;4;264;9
07560;FORMOSA DA SERRA NEGRA;0105;0130;109;66;1;2;20;211;13
07560;FORMOSA DA SERRA NEGRA;0105;0132;58;101;1;1;13;186;12
07560;FORMOSA DA SERRA NEGRA;0105;0133;157;39;0;1;9;227;21
07560;FORMOSA DA SERRA NEGRA;0105;0134;160;39;0;1;13;219;6
07560;FORMOSA DA SERRA NEGRA;0105;0135;125;48;2;7;13;204;9
07560;FORMOSA DA SERRA NEGRA;0105;0136;107;48;5;7;22;198;9
07560;FORMOSA DA SERRA NEGRA;0105;0137;191;61;7;3;19;292;11
07560;FORMOSA DA SERRA NEGRA;0105;0138;205;58;2;2;14;286;5
07560;FORMOSA DA SERRA NEGRA;0105;0139;152;44;1;3;13;228;15
07560;FORMOSA DA SERRA NEGRA;0105;0140;147;66;1;5;16;254;19
07560;FORMOSA DA SERRA NEGRA;0105;0141;160;54;1;2;15;246;14
07560;FORMOSA DA SERRA NEGRA;0105;0142;149;49;3;2;9;223;11
07560;FORMOSA DA SERRA NEGRA;0105;0143;140;51;0;5;12;223;15
07560;FORMOSA DA SERRA NEGRA;0105;0144;160;42;1;2;15;230;10
07560;FORMOSA DA SERRA NEGRA;0105;0145;131;50;3;3;8;208;13
07560;FORMOSA DA SERRA NEGRA;0105;0147;156;71;2;5;10;254;10
07560;FORMOSA DA SERRA NEGRA;0105;0148;194;74;1;1;11;298;17
07560;FORMOSA DA SERRA NEGRA;0105;0149;37;8;0;1;0;49;3
07560;FORMOSA DA SERRA NEGRA;0105;0150;73;45;0;1;6;137;12
07560;FORMOSA DA SERRA NEGRA;0105;0151;60;61;1;0;4;142;16
07560;FORMOSA DA SERRA NEGRA;0105;0152;170;56;2;1;16;260;15
07560;FORMOSA DA SERRA NEGRA;0105;0153;183;50;2;2;22;266;7
07560;FORMOSA DA SERRA NEGRA;0105;0156;117;12;1;1;14;149;4
07560;FORMOSA DA SERRA NEGRA;0105;0157;178;49;2;2;13;254;10
07560;FORMOSA DA SERRA NEGRA;0105;0159;104;35;2;3;5;152;3
07730;DOM PEDRO;0048;0001;110;64;3;1;8;196;10
07730;DOM PEDRO;0048;0002;111;61;0;5;7;201;17
07730;DOM PEDRO;0048;0003;109;64;3;5;7;201;13
07730;DOM PEDRO;0048;0004;101;65;2;3;12;192;9
07730;DOM PEDRO;0048;0005;113;67;2;6;7;206;11
07730;DOM PEDRO;0048;0006;113;60;2;5;9;195;6
07730;DOM PEDRO;0048;0007;140;73;2;2;9;237;11
07730;DOM PEDRO;0048;0008;165;52;0;5;14;246;10
07730;DOM PEDRO;0048;0009;166;72;3;2;9;262;10
07730;DOM PEDRO;0048;0010;155;66;3;8;6;249;11
07730;DOM PEDRO;0048;0011;162;57;3;4;13;249;10
07730;DOM PEDRO;0048;0012;106;50;2;6;6;181;11
07730;DOM PEDRO;0048;0014;131;60;2;2;10;218;13
07730;DOM PEDRO;0048;0015;122;57;1;2;13;208;13
07730;DOM PEDRO;0048;0016;120;69;2;2;8;211;10
07730;DOM PEDRO;0048;0017;112;92;2;9;7;234;12
07730;DOM PEDRO;0048;0018;118;59;1;10;12;212;12
07730;DOM PEDRO;0048;0019;120;65;1;6;3;210;15
07730;DOM PEDRO;0048;0020;129;69;3;3;5;219;10
07730;DOM PEDRO;0048;0021;145;56;1;7;10;226;7
07730;DOM PEDRO;0048;0022;133;49;4;5;5;206;10
07730;DOM PEDRO;0048;0023;109;73;2;6;8;208;10
07730;DOM PEDRO;0048;0024;105;60;3;5;6;186;7
07730;DOM PEDRO;0048;0025;115;70;3;4;6;216;18
07730;DOM PEDRO;0048;0026;134;94;3;5;6;260;18
07730;DOM PEDRO;0048;0027;121;70;4;2;3;217;17
07730;DOM PEDRO;0048;0028;93;65;1;2;8;181;12
07730;DOM PEDRO;0048;0029;77;73;4;2;7;174;11
07730;DOM PEDRO;0048;0030;95;71;0;2;6;184;10
07730;DOM PEDRO;0048;0031;58;75;2;8;21;179;15
07730;DOM PEDRO;0048;0033;63;86;4;1;15;175;6
07730;DOM PEDRO;0048;0034;117;94;1;12;16;262;22
07730;DOM PEDRO;0048;0035;107;67;1;7;5;191;4
07730;DOM PEDRO;0048;0036;106;85;1;3;8;216;13
07730;DOM PEDRO;0048;0038;66;81;5;4;7;175;12
07730;DOM PEDRO;0048;0039;108;61;2;8;9;196;8
07730;DOM PEDRO;0048;0040;131;67;3;2;9;222;10
07730;DOM PEDRO;0048;0041;116;87;0;2;7;221;9
07730;DOM PEDRO;0048;0047;120;74;1;2;11;212;4
07730;DOM PEDRO;0048;0049;169;78;2;8;11;289;21
07730;DOM PEDRO;0048;0058;97;89;1;2;20;219;10
07730;DOM PEDRO;0048;0059;154;59;3;5;10;243;12
07730;DOM PEDRO;0048;0060;154;69;4;6;11;255;11
07730;DOM PEDRO;0048;0073;117;66;0;6;5;208;14
07730;DOM PEDRO;0048;0080;110;47;2;8;7;181;7
07730;DOM PEDRO;0048;0087;125;75;3;0;6;229;20
07730;DOM PEDRO;0048;0089;48;72;0;2;7;135;6
07730;DOM PEDRO;0048;0090;112;68;2;8;6;204;8
07730;DOM PEDRO;0048;0124;129;70;4;7;5;225;10
07730;DOM PEDRO;0048;0131;122;52;0;4;4;188;6
07730;DOM PEDRO;0048;0143;130;51;3;3;11;206;8
07730;DOM PEDRO;0048;0144;118;74;2;4;8;209;3
07730;DOM PEDRO;0048;0147;122;118;0;4;8;261;9
07730;DOM PEDRO;0048;0148;129;114;0;6;11;275;15
07730;DOM PEDRO;0048;0149;85;154;2;2;19;278;16
07730;DOM PEDRO;0048;0150;97;73;2;4;6;192;10
07730;DOM PEDRO;0048;0151;120;70;2;7;14;221;8
07730;DOM PEDRO;0048;0153;117;114;4;10;17;280;18
07730;DOM PEDRO;0048;0156;141;92;2;10;14;275;16
07730;DOM PEDRO;0048;0170;141;81;1;3;6;243;11
07730;DOM PEDRO;0048;0174;104;78;4;11;10;212;5
07730;DOM PEDRO;0048;0177;143;65;3;4;5;228;8
07730;DOM PEDRO;0048;0202;93;84;1;3;3;207;23
07730;DOM PEDRO;0048;0203;94;79;0;7;15;222;27
07730;DOM PEDRO;0048;0204;53;45;0;2;2;103;1
07730;DOM PEDRO;0048;0206;72;60;0;4;17;158;5
07730;DOM PEDRO;0048;0207;109;49;1;6;8;178;5
07730;DOM PEDRO;0048;0208;136;92;3;4;9;258;14
07803;LAGO DOS RODRIGUES;0074;0036;125;132;3;3;7;291;21
07803;LAGO DOS RODRIGUES;0074;0038;72;121;0;1;7;214;13
07803;LAGO DOS RODRIGUES;0074;0108;55;66;0;0;6;132;5
07803;LAGO DOS RODRIGUES;0074;0131;87;132;0;3;7;244;15
07803;LAGO DOS RODRIGUES;0074;0135;79;113;2;4;4;212;10
07803;LAGO DOS RODRIGUES;0074;0137;80;72;0;1;9;169;7
07803;LAGO DOS RODRIGUES;0074;0138;90;76;2;1;10;190;11
07803;LAGO DOS RODRIGUES;0074;0149;91;99;2;4;9;218;13
07803;LAGO DOS RODRIGUES;0074;0152;88;97;7;4;10;218;12
07803;LAGO DOS RODRIGUES;0074;0172;67;82;0;0;6;167;12
07803;LAGO DOS RODRIGUES;0074;0173;95;104;1;3;6;222;13
07803;LAGO DOS RODRIGUES;0074;0174;31;73;2;0;6;120;8
07803;LAGO DOS RODRIGUES;0074;0197;44;73;0;0;5;126;4
07803;LAGO DOS RODRIGUES;0074;0209;117;135;3;6;9;295;25
07803;LAGO DOS RODRIGUES;0074;0239;114;104;2;5;1;243;17
07803;LAGO DOS RODRIGUES;0074;0243;139;111;4;3;6;279;16
07803;LAGO DOS RODRIGUES;0074;0285;76;107;2;0;5;199;9
07803;LAGO DOS RODRIGUES;0074;0286;113;122;1;4;9;260;11
07803;LAGO DOS RODRIGUES;0074;0310;45;67;0;2;4;130;12
07803;LAGO DOS RODRIGUES;0074;0312;97;129;1;1;11;253;14
07803;LAGO DOS RODRIGUES;0074;0313;63;101;3;1;4;186;14
07803;LAGO DOS RODRIGUES;0074;0314;78;102;2;4;5;209;18
07803;LAGO DOS RODRIGUES;0074;0315;145;123;3;4;7;289;7
07803;LAGO DOS RODRIGUES;0074;0318;91;125;3;3;8;243;13
07803;LAGO DOS RODRIGUES;0074;0319;96;107;7;4;5;232;13
07803;LAGO DOS RODRIGUES;0074;0320;96;111;6;3;10;245;19
07803;LAGO DOS RODRIGUES;0074;0321;82;90;1;4;6;199;16
07803;LAGO DOS RODRIGUES;0074;0323;72;126;0;2;4;222;18
07803;LAGO DOS RODRIGUES;0074;0324;73;132;0;3;8;224;8
07803;LAGO DOS RODRIGUES;0074;0325;120;94;0;1;7;235;13
07803;LAGO DOS RODRIGUES;0074;0326;107;106;1;1;2;233;16
07803;LAGO DOS RODRIGUES;0074;0332;85;146;2;3;14;268;18
07803;LAGO DOS RODRIGUES;0074;0333;16;25;2;1;1;50;5
07943;MATÕES DO NORTE;0068;0204;124;48;0;2;10;200;16
07943;MATÕES DO NORTE;0068;0205;71;19;0;2;3;105;10
07943;MATÕES DO NORTE;0068;0207;125;50;1;2;8;198;12
07943;MATÕES DO NORTE;0068;0208;133;49;3;3;6;207;13
07943;MATÕES DO NORTE;0068;0211;114;27;0;3;9;161;8
07943;MATÕES DO NORTE;0068;0213;113;65;1;4;6;214;25
07943;MATÕES DO NORTE;0068;0214;118;58;0;1;6;191;8
07943;MATÕES DO NORTE;0068;0215;108;52;1;3;8;189;17
07943;MATÕES DO NORTE;0068;0216;132;40;2;1;4;186;7
07943;MATÕES DO NORTE;0068;0217;120;40;2;6;13;197;16
07943;MATÕES DO NORTE;0068;0218;130;34;0;1;4;180;11
07943;MATÕES DO NORTE;0068;0219;125;46;0;0;8;187;8
07943;MATÕES DO NORTE;0068;0220;128;41;0;4;5;187;9
07943;MATÕES DO NORTE;0068;0221;151;90;1;2;7;269;18
07943;MATÕES DO NORTE;0068;0222;79;64;3;3;15;173;9
07943;MATÕES DO NORTE;0068;0223;76;46;1;4;8;152;17
07943;MATÕES DO NORTE;0068;0224;90;41;0;1;2;147;13
07943;MATÕES DO NORTE;0068;0225;107;86;0;1;6;214;14
07943;MATÕES DO NORTE;0068;0226;94;70;0;6;5;182;7
07943;MATÕES DO NORTE;0068;0227;110;61;1;3;4;188;9
07943;MATÕES DO NORTE;0068;0228;101;138;1;4;13;288;31
07943;MATÕES DO NORTE;0068;0230;70;58;0;8;18;172;18
07943;MATÕES DO NORTE;0068;0232;132;104;1;6;10;266;13
07943;MATÕES DO NORTE;0068;0233;80;45;1;3;6;143;8
07943;MATÕES DO NORTE;0068;0234;93;39;3;1;6;161;19
07943;MATÕES DO NORTE;0068;0235;93;38;1;1;6;154;15
07943;MATÕES DO NORTE;0068;0236;91;36;1;0;2;142;12
07943;MATÕES DO NORTE;0068;0237;139;65;0;3;13;246;26
07943;MATÕES DO NORTE;0068;0238;140;60;0;2;12;227;13
07943;MATÕES DO NORTE;0068;0239;129;46;0;3;6;206;22
07951;GUIMARÃES;0030;0001;69;72;1;6;8;166;10
07951;GUIMARÃES;0030;0002;90;90;1;2;13;218;22
07951;GUIMARÃES;0030;0003;90;92;1;7;10;224;24
07951;GUIMARÃES;0030;0004;80;73;0;4;13;188;18
07951;GUIMARÃES;0030;0005;109;85;2;6;7;214;5
07951;GUIMARÃES;0030;0006;97;111;0;7;22;262;25
07951;GUIMARÃES;0030;0007;66;111;1;5;33;225;9
07951;GUIMARÃES;0030;0008;73;96;1;3;22;204;9
07951;GUIMARÃES;0030;0009;40;81;1;4;3;134;5
07951;GUIMARÃES;0030;0010;105;63;0;6;10;203;19
07951;GUIMARÃES;0030;0012;49;74;0;7;8;149;11
07951;GUIMARÃES;0030;0013;50;90;0;5;5;159;9
07951;GUIMARÃES;0030;0014;82;67;0;14;14;194;17
07951;GUIMARÃES;0030;0015;51;59;1;12;6;138;9
07951;GUIMARÃES;0030;0016;29;118;0;1;3;171;20
07951;GUIMARÃES;0030;0017;51;114;1;2;4;175;3
07951;GUIMARÃES;0030;0018;49;162;1;8;5;236;11
07951;GUIMARÃES;0030;0019;118;108;2;7;12;269;22
07951;GUIMARÃES;0030;0020;130;97;0;9;6;261;19
07951;GUIMARÃES;0030;0021;81;112;3;4;17;226;9
07951;GUIMARÃES;0030;0022;71;80;0;7;11;196;27
07951;GUIMARÃES;0030;0023;93;112;0;5;13;234;11
07951;GUIMARÃES;0030;0027;133;99;0;10;15;272;15
07951;GUIMARÃES;0030;0034;81;45;1;5;0;142;10
07951;GUIMARÃES;0030;0037;83;105;3;5;12;220;12
07951;GUIMARÃES;0030;0038;54;65;1;5;4;136;7
07951;GUIMARÃES;0030;0047;77;81;2;4;8;185;13
07951;GUIMARÃES;0030;0051;89;65;1;3;10;179;11
07951;GUIMARÃES;0030;0057;79;62;1;3;6;161;10
07951;GUIMARÃES;0030;0060;44;35;1;15;7;118;16
07951;GUIMARÃES;0030;0061;37;66;0;4;1;116;8
07951;GUIMARÃES;0030;0062;65;111;1;8;7;218;26
07951;GUIMARÃES;0030;0063;69;73;2;1;10;168;13
07951;GUIMARÃES;0030;0064;106;88;0;8;9;227;16
07951;GUIMARÃES;0030;0071;36;114;1;3;2;171;15
07951;GUIMARÃES;0030;0074;48;72;0;0;3;125;2
07951;GUIMARÃES;0030;0090;56;43;0;4;8;115;4
07951;GUIMARÃES;0030;0092;109;96;1;6;15;243;16
07951;GUIMARÃES;0030;0121;46;69;1;2;1;122;3
07951;GUIMARÃES;0030;0122;78;51;0;2;8;155;16
08001;NOVA OLINDA DO MARANHÃO;0080;0001;97;58;1;8;15;223;44
08001;NOVA OLINDA DO MARANHÃO;0080;0002;85;38;0;5;5;157;24
08001;NOVA OLINDA DO MARANHÃO;0080;0003;95;62;2;6;8;206;33
08001;NOVA OLINDA DO MARANHÃO;0080;0021;51;39;3;3;18;141;27
08001;NOVA OLINDA DO MARANHÃO;0080;0022;139;76;0;6;9;280;50
08001;NOVA OLINDA DO MARANHÃO;0080;0023;150;73;2;5;10;284;44
08001;NOVA OLINDA DO MARANHÃO;0080;0025;94;68;2;3;6;211;38
08001;NOVA OLINDA DO MARANHÃO;0080;0027;98;57;1;9;14;221;42
08001;NOVA OLINDA DO MARANHÃO;0080;0029;113;78;0;2;14;244;37
08001;NOVA OLINDA DO MARANHÃO;0080;0030;135;59;2;3;11;245;35
08001;NOVA OLINDA DO MARANHÃO;0080;0040;131;72;3;5;18;290;61
08001;NOVA OLINDA DO MARANHÃO;0080;0042;70;36;3;8;7;151;27
08001;NOVA OLINDA DO MARANHÃO;0080;0044;67;42;0;5;7;137;16
08001;NOVA OLINDA DO MARANHÃO;0080;0046;74;40;1;5;6;148;22
08001;NOVA OLINDA DO MARANHÃO;0080;0047;128;93;2;9;20;294;42
08001;NOVA OLINDA DO MARANHÃO;0080;0048;152;88;1;6;10;298;41
08001;NOVA OLINDA DO MARANHÃO;0080;0049;172;76;2;5;14;310;41
08001;NOVA OLINDA DO MARANHÃO;0080;0050;156;80;4;2;6;287;39
08001;NOVA OLINDA DO MARANHÃO;0080;0051;175;66;2;6;13;309;47
08001;NOVA OLINDA DO MARANHÃO;0080;0052;82;68;0;5;14;187;18
08001;NOVA OLINDA DO MARANHÃO;0080;0053;97;62;1;5;16;192;11
08001;NOVA OLINDA DO MARANHÃO;0080;0078;130;88;2;3;18;280;39
08001;NOVA OLINDA DO MARANHÃO;0080;0088;121;57;0;1;9;222;34
08001;NOVA OLINDA DO MARANHÃO;0080;0091;77;48;1;5;17;180;32
08001;NOVA OLINDA DO MARANHÃO;0080;0092;89;59;3;6;8;195;30
08001;NOVA OLINDA DO MARANHÃO;0080;0094;108;49;3;5;8;204;31
08001;NOVA OLINDA DO MARANHÃO;0080;0097;110;38;0;4;11;198;35
08001;NOVA OLINDA DO MARANHÃO;0080;0110;167;84;4;4;9;302;34
08001;NOVA OLINDA DO MARANHÃO;0080;0115;91;53;0;5;16;198;33
08001;NOVA OLINDA DO MARANHÃO;0080;0116;103;55;0;1;9;201;33
08001;NOVA OLINDA DO MARANHÃO;0080;0120;26;84;2;3;11;228;102
08001;NOVA OLINDA DO MARANHÃO;0080;0121;89;57;0;0;13;187;28
08001;NOVA OLINDA DO MARANHÃO;0080;0123;129;80;2;0;8;252;33
08001;NOVA OLINDA DO MARANHÃO;0080;0124;35;40;0;0;4;91;12
08001;NOVA OLINDA DO MARANHÃO;0080;0126;87;81;1;6;14;237;48
08001;NOVA OLINDA DO MARANHÃO;0080;0130;93;107;0;8;8;233;17
08001;NOVA OLINDA DO MARANHÃO;0080;0135;71;72;0;2;6;173;22
08001;NOVA OLINDA DO MARANHÃO;0080;0138;68;77;0;0;15;206;46
08001;NOVA OLINDA DO MARANHÃO;0080;0141;41;52;0;3;7;146;43
08001;NOVA OLINDA DO MARANHÃO;0080;0143;36;27;0;2;5;97;27
08001;NOVA OLINDA DO MARANHÃO;0080;0149;72;31;0;2;9;139;25
08001;NOVA OLINDA DO MARANHÃO;0080;0150;118;49;1;0;22;220;30
08001;NOVA OLINDA DO MARANHÃO;0080;0153;45;52;1;3;12;126;13
08001;NOVA OLINDA DO MARANHÃO;0080;0160;100;41;0;0;18;183;24
08001;NOVA OLINDA DO MARANHÃO;0080;0168;93;27;1;2;15;184;46
08001;NOVA OLINDA DO MARANHÃO;0080;0173;108;73;0;4;3;207;19
08001;NOVA OLINDA DO MARANHÃO;0080;0177;108;69;0;5;13;243;48
08001;NOVA OLINDA DO MARANHÃO;0080;0179;116;76;3;6;23;255;31
08001;NOVA OLINDA DO MARANHÃO;0080;0182;75;58;1;5;7;171;25
08028;OLINDA NOVA DO MARANHÃO;0086;0032;111;109;1;7;12;265;25
08028;OLINDA NOVA DO MARANHÃO;0086;0033;145;89;0;4;16;285;31
08028;OLINDA NOVA DO MARANHÃO;0086;0034;145;77;1;3;18;270;26
08028;OLINDA NOVA DO MARANHÃO;0086;0035;155;63;2;1;8;258;29
08028;OLINDA NOVA DO MARANHÃO;0086;0044;154;61;0;3;12;252;22
08028;OLINDA NOVA DO MARANHÃO;0086;0045;140;64;2;3;13;239;17
08028;OLINDA NOVA DO MARANHÃO;0086;0046;166;63;0;2;7;265;27
08028;OLINDA NOVA DO MARANHÃO;0086;0047;101;63;0;0;4;180;12
08028;OLINDA NOVA DO MARANHÃO;0086;0048;88;64;0;2;8;186;24
08028;OLINDA NOVA DO MARANHÃO;0086;0049;90;84;1;5;19;235;36
08028;OLINDA NOVA DO MARANHÃO;0086;0050;100;85;1;4;17;235;28
08028;OLINDA NOVA DO MARANHÃO;0086;0051;185;68;0;4;7;282;18
08028;OLINDA NOVA DO MARANHÃO;0086;0052;199;77;0;3;15;314;20
08028;OLINDA NOVA DO MARANHÃO;0086;0053;103;63;0;1;7;189;15
08028;OLINDA NOVA DO MARANHÃO;0086;0054;186;61;2;3;10;292;30
08028;OLINDA NOVA DO MARANHÃO;0086;0057;138;72;0;6;9;247;22
08028;OLINDA NOVA DO MARANHÃO;0086;0058;201;68;0;1;9;297;18
08028;OLINDA NOVA DO MARANHÃO;0086;0064;139;106;0;6;7;270;12
08028;OLINDA NOVA DO MARANHÃO;0086;0066;132;73;0;6;16;263;36
08028;OLINDA NOVA DO MARANHÃO;0086;0068;209;70;1;2;14;307;11
08028;OLINDA NOVA DO MARANHÃO;0086;0072;197;73;0;1;12;301;18
08028;OLINDA NOVA DO MARANHÃO;0086;0073;156;73;0;3;10;259;17
08028;OLINDA NOVA DO MARANHÃO;0086;0075;127;78;0;1;4;229;19
08028;OLINDA NOVA DO MARANHÃO;0086;0076;154;98;0;5;12;290;21
08028;OLINDA NOVA DO MARANHÃO;0086;0084;161;65;0;7;5;254;16
08028;OLINDA NOVA DO MARANHÃO;0086;0085;148;95;0;2;9;274;20
08028;OLINDA NOVA DO MARANHÃO;0086;0093;151;63;1;2;4;240;19
08028;OLINDA NOVA DO MARANHÃO;0086;0094;155;53;1;3;11;233;10
08028;OLINDA NOVA DO MARANHÃO;0086;0099;103;60;0;2;5;198;28
08028;OLINDA NOVA DO MARANHÃO;0086;0103;130;86;1;9;6;273;41
08028;OLINDA NOVA DO MARANHÃO;0086;0106;145;59;1;1;8;232;18
08028;OLINDA NOVA DO MARANHÃO;0086;0107;145;60;0;5;7;234;17
08028;OLINDA NOVA DO MARANHÃO;0086;0108;81;19;0;0;1;109;8
08028;OLINDA NOVA DO MARANHÃO;0086;0113;186;70;0;2;4;287;25
08117;JOSELÂNDIA;0054;0128;133;80;1;4;9;235;8
08117;JOSELÂNDIA;0054;0129;123;108;1;1;11;271;27
08117;JOSELÂNDIA;0054;0130;84;71;2;6;10;188;15
08117;JOSELÂNDIA;0054;0131;93;80;3;1;9;199;13
08117;JOSELÂNDIA;0054;0132;111;85;3;4;6;216;7
08117;JOSELÂNDIA;0054;0133;100;65;3;6;5;192;13
08117;JOSELÂNDIA;0054;0134;109;70;3;5;8;197;2
08117;JOSELÂNDIA;0054;0135;110;68;3;5;7;204;11
08117;JOSELÂNDIA;0054;0136;108;70;0;4;3;196;11
08117;JOSELÂNDIA;0054;0137;107;69;1;3;6;197;11
08117;JOSELÂNDIA;0054;0138;115;66;2;3;5;202;11
08117;JOSELÂNDIA;0054;0139;95;72;2;4;7;192;12
08117;JOSELÂNDIA;0054;0140;70;70;1;3;5;164;15
08117;JOSELÂNDIA;0054;0141;108;57;0;4;3;179;7
08117;JOSELÂNDIA;0054;0142;89;62;2;1;9;174;11
08117;JOSELÂNDIA;0054;0143;118;104;3;9;5;254;15
08117;JOSELÂNDIA;0054;0144;89;79;0;6;6;191;11
08117;JOSELÂNDIA;0054;0146;80;85;0;3;7;188;13
08117;JOSELÂNDIA;0054;0147;69;101;0;5;3;196;18
08117;JOSELÂNDIA;0054;0149;46;100;0;3;5;166;12
08117;JOSELÂNDIA;0054;0150;56;82;0;3;5;160;14
08117;JOSELÂNDIA;0054;0151;72;123;0;2;7;215;11
08117;JOSELÂNDIA;0054;0152;69;102;0;4;11;212;26
08117;JOSELÂNDIA;0054;0153;87;74;0;8;12;197;16
08117;JOSELÂNDIA;0054;0155;81;116;0;3;15;235;20
08117;JOSELÂNDIA;0054;0156;107;109;1;2;7;239;13
08117;JOSELÂNDIA;0054;0158;124;86;1;4;8;243;20
08117;JOSELÂNDIA;0054;0159;144;83;3;3;8;252;11
08117;JOSELÂNDIA;0054;0160;110;78;0;2;7;205;8
08117;JOSELÂNDIA;0054;0161;53;89;0;2;8;161;9
08117;JOSELÂNDIA;0054;0162;73;79;0;8;5;179;14
08117;JOSELÂNDIA;0054;0163;67;62;0;2;3;141;7
08117;JOSELÂNDIA;0054;0164;90;99;0;7;6;209;7
08117;JOSELÂNDIA;0054;0169;69;77;0;2;2;154;4
08117;JOSELÂNDIA;0054;0172;86;44;0;8;8;152;6
08117;JOSELÂNDIA;0054;0183;90;66;0;3;3;175;13
08117;JOSELÂNDIA;0054;0184;78;69;0;4;7;165;7
08117;JOSELÂNDIA;0054;0185;29;170;0;4;6;226;17
08117;JOSELÂNDIA;0054;0186;83;71;0;5;8;175;8
08117;JOSELÂNDIA;0054;0189;160;82;0;3;7;265;13
08117;JOSELÂNDIA;0054;0209;98;64;1;2;1;179;13
08117;JOSELÂNDIA;0054;0215;110;53;1;5;3;182;10
08117;JOSELÂNDIA;0054;0217;81;41;1;1;5;144;15
08117;JOSELÂNDIA;0054;0218;46;94;0;1;21;176;14
08117;JOSELÂNDIA;0054;0223;94;102;0;2;2;206;6
08117;JOSELÂNDIA;0054;0225;101;56;2;4;10;181;8
08117;JOSELÂNDIA;0054;0228;63;85;0;2;2;157;5
08117;JOSELÂNDIA;0054;0240;114;53;2;1;3;179;6
08117;JOSELÂNDIA;0054;0271;99;61;1;2;8;177;6
08117;JOSELÂNDIA;0054;0273;116;49;1;3;3;179;7
08117;JOSELÂNDIA;0054;0289;103;56;3;2;1;173;8
08176;LAGO VERDE;0066;0001;81;80;2;3;8;203;29
08176;LAGO VERDE;0066;0002;92;94;3;10;9;230;22
08176;LAGO VERDE;0066;0003;118;85;3;2;7;249;34
08176;LAGO VERDE;0066;0004;89;73;0;6;4;209;37
08176;LAGO VERDE;0066;0005;90;74;2;5;2;203;30
08176;LAGO VERDE;0066;0006;86;79;1;6;4;204;28
08176;LAGO VERDE;0066;0008;97;112;1;5;9;281;57
08176;LAGO VERDE;0066;0011;68;109;2;3;18;236;36
08176;LAGO VERDE;0066;0012;99;95;3;3;9;246;37
08176;LAGO VERDE;0066;0013;80;68;0;2;4;178;24
08176;LAGO VERDE;0066;0019;102;95;0;7;7;238;27
08176;LAGO VERDE;0066;0020;67;66;1;6;6;176;30
08176;LAGO VERDE;0066;0021;80;92;3;3;3;199;18
08176;LAGO VERDE;0066;0022;73;77;1;5;12;192;24
08176;LAGO VERDE;0066;0023;81;77;5;5;7;205;30
08176;LAGO VERDE;0066;0024;56;75;1;1;7;167;27
08176;LAGO VERDE;0066;0074;63;117;2;5;5;235;43
08176;LAGO VERDE;0066;0085;101;101;2;1;4;244;35
08176;LAGO VERDE;0066;0091;64;72;1;3;6;169;23
08176;LAGO VERDE;0066;0096;44;106;1;3;0;170;16
08176;LAGO VERDE;0066;0097;136;78;0;3;5;258;36
08176;LAGO VERDE;0066;0100;97;96;1;1;7;227;25
08176;LAGO VERDE;0066;0101;107;83;2;2;3;220;23
08176;LAGO VERDE;0066;0102;96;91;0;0;8;238;43
08176;LAGO VERDE;0066;0112;68;119;1;1;2;212;21
08176;LAGO VERDE;0066;0113;54;76;0;3;2;149;14
08176;LAGO VERDE;0066;0114;65;65;2;2;4;155;17
08176;LAGO VERDE;0066;0115;106;101;1;3;6;241;24
08176;LAGO VERDE;0066;0118;99;113;0;2;0;228;14
08176;LAGO VERDE;0066;0124;94;127;1;2;4;274;46
08176;LAGO VERDE;0066;0131;93;82;4;5;3;217;30
08176;LAGO VERDE;0066;0152;88;92;1;2;6;214;25
08176;LAGO VERDE;0066;0161;107;91;2;7;7;239;25
08176;LAGO VERDE;0066;0163;103;88;0;1;5;234;37
08176;LAGO VERDE;0066;0165;107;72;2;10;10;234;33
08176;LAGO VERDE;0066;0167;14;60;0;1;3;128;50
08176;LAGO VERDE;0066;0168;89;91;0;3;7;212;22
08176;LAGO VERDE;0066;0240;15;48;0;0;3;75;9
08176;LAGO VERDE;0066;0244;36;118;2;2;7;175;10
08176;LAGO VERDE;0066;0292;108;56;0;6;7;196;19
08176;LAGO VERDE;0066;0293;96;102;0;4;6;235;27
08176;LAGO VERDE;0066;0295;92;72;1;8;3;194;18
08176;LAGO VERDE;0066;0299;81;56;0;2;4;165;22
08176;LAGO VERDE;0066;0302;48;56;4;2;8;147;29
08176;LAGO VERDE;0066;0306;65;112;2;4;3;232;46
08176;LAGO VERDE;0066;0308;65;85;4;3;13;209;39
08176;LAGO VERDE;0066;0316;34;40;1;0;1;84;8
08206;SANTA FILOMENA DO MARANHÃO;0079;0041;98;95;1;2;11;225;18
08206;SANTA FILOMENA DO MARANHÃO;0079;0042;88;122;1;2;8;245;24
08206;SANTA FILOMENA DO MARANHÃO;0079;0043;93;102;0;5;13;237;24
08206;SANTA FILOMENA DO MARANHÃO;0079;0044;82;118;1;5;8;233;19
08206;SANTA FILOMENA DO MARANHÃO;0079;0045;79;110;4;7;14;238;24
08206;SANTA FILOMENA DO MARANHÃO;0079;0058;76;107;3;8;11;227;22
08206;SANTA FILOMENA DO MARANHÃO;0079;0059;84;118;0;10;9;244;23
08206;SANTA FILOMENA DO MARANHÃO;0079;0060;107;96;3;7;8;249;28
08206;SANTA FILOMENA DO MARANHÃO;0079;0085;78;98;2;2;9;213;24
08206;SANTA FILOMENA DO MARANHÃO;0079;0086;52;86;0;2;9;162;13
08206;SANTA FILOMENA DO MARANHÃO;0079;0087;65;99;0;4;4;184;12
08206;SANTA FILOMENA DO MARANHÃO;0079;0088;112;130;0;3;5;270;20
08206;SANTA FILOMENA DO MARANHÃO;0079;0098;96;104;1;5;10;233;17
08206;SANTA FILOMENA DO MARANHÃO;0079;0103;50;87;1;7;6;164;13
08206;SANTA FILOMENA DO MARANHÃO;0079;0108;109;98;0;4;6;235;18
08206;SANTA FILOMENA DO MARANHÃO;0079;0124;116;90;0;4;11;228;7
08206;SANTA FILOMENA DO MARANHÃO;0079;0125;97;109;2;11;9;243;15
08206;SANTA FILOMENA DO MARANHÃO;0079;0127;71;77;0;2;1;158;7
08206;SANTA FILOMENA DO MARANHÃO;0079;0134;85;96;0;6;10;202;5
08206;SANTA FILOMENA DO MARANHÃO;0079;0135;101;96;1;3;7;216;8
08206;SANTA FILOMENA DO MARANHÃO;0079;0137;46;80;1;6;4;157;20
08206;SANTA FILOMENA DO MARANHÃO;0079;0142;60;66;0;4;3;143;10
08206;SANTA FILOMENA DO MARANHÃO;0079;0147;84;87;2;2;5;187;7
08206;SANTA FILOMENA DO MARANHÃO;0079;0151;13;90;1;0;9;122;9
08290;MATINHA;0086;0001;102;66;3;6;11;213;25
08290;MATINHA;0086;0002;114;93;1;6;7;238;17
08290;MATINHA;0086;0003;136;87;0;6;12;258;17
08290;MATINHA;0086;0004;114;80;2;5;11;228;16
08290;MATINHA;0086;0005;116;91;1;3;10;239;18
08290;MATINHA;0086;0006;129;86;0;4;15;251;17
08290;MATINHA;0086;0007;111;97;1;6;8;239;16
08290;MATINHA;0086;0008;141;104;0;9;14;287;19
08290;MATINHA;0086;0009;139;94;1;7;9;273;23
08290;MATINHA;0086;0010;135;84;2;4;12;258;21
08290;MATINHA;0086;0011;132;98;1;5;16;267;15
08290;MATINHA;0086;0012;154;113;2;1;6;290;14
08290;MATINHA;0086;0013;164;97;1;9;10;300;19
08290;MATINHA;0086;0014;162;120;4;3;11;312;12
08290;MATINHA;0086;0015;110;96;2;2;13;235;12
08290;MATINHA;0086;0016;126;76;0;2;7;227;16
08290;MATINHA;0086;0017;115;99;3;4;6;249;22
08290;MATINHA;0086;0018;115;101;1;5;12;254;20
08290;MATINHA;0086;0019;71;101;0;1;5;185;7
08290;MATINHA;0086;0020;85;108;1;7;13;214;0
08290;MATINHA;0086;0021;41;81;1;2;6;143;12
08290;MATINHA;0086;0022;53;73;0;4;10;161;21
08290;MATINHA;0086;0023;86;94;1;2;8;201;10
08290;MATINHA;0086;0024;95;82;0;3;6;196;10
08290;MATINHA;0086;0025;51;108;0;12;14;238;53
08290;MATINHA;0086;0026;39;132;0;10;7;228;40
08290;MATINHA;0086;0027;63;136;0;5;15;248;29
08290;MATINHA;0086;0028;101;117;0;5;3;251;25
08290;MATINHA;0086;0029;96;111;0;4;18;255;26
08290;MATINHA;0086;0030;52;56;0;3;3;133;19
08290;MATINHA;0086;0031;109;132;0;4;19;293;29
08290;MATINHA;0086;0036;94;99;0;2;5;214;14
08290;MATINHA;0086;0037;82;109;1;3;10;225;20
08290;MATINHA;0086;0038;102;132;1;3;7;259;14
08290;MATINHA;0086;0039;57;85;1;8;2;165;12
08290;MATINHA;0086;0040;107;90;0;5;11;277;64
08290;MATINHA;0086;0041;62;79;0;1;4;163;17
08290;MATINHA;0086;0042;74;88;1;11;9;202;19
08290;MATINHA;0086;0043;103;83;1;8;8;223;20
08290;MATINHA;0086;0055;164;118;1;5;4;306;14
08290;MATINHA;0086;0056;132;94;1;2;4;241;8
08290;MATINHA;0086;0059;62;135;1;3;5;238;32
08290;MATINHA;0086;0060;43;86;1;2;8;154;14
08290;MATINHA;0086;0061;104;90;1;6;8;223;14
08290;MATINHA;0086;0062;79;135;0;1;7;251;29
08290;MATINHA;0086;0063;144;113;0;0;14;283;12
08290;MATINHA;0086;0065;49;96;0;7;2;178;24
08290;MATINHA;0086;0067;123;81;1;9;3;232;15
08290;MATINHA;0086;0069;171;92;2;4;11;289;9
08290;MATINHA;0086;0070;125;77;3;3;5;227;14
08290;MATINHA;0086;0071;108;75;2;5;3;210;17
08290;MATINHA;0086;0077;79;74;0;4;6;178;15
08290;MATINHA;0086;0079;137;105;0;5;5;264;12
08290;MATINHA;0086;0080;88;122;0;4;10;244;20
08290;MATINHA;0086;0081;46;59;0;3;6;131;17
08290;MATINHA;0086;0082;141;104;1;2;5;270;17
08290;MATINHA;0086;0083;121;84;1;3;8;231;14
08290;MATINHA;0086;0086;117;80;0;7;5;230;21
08290;MATINHA;0086;0087;70;62;0;6;3;159;18
08290;MATINHA;0086;0088;108;138;0;4;19;285;16
08290;MATINHA;0086;0089;77;114;1;0;4;205;9
08290;MATINHA;0086;0090;105;85;1;5;9;216;11
08290;MATINHA;0086;0091;138;102;0;2;7;261;12
08290;MATINHA;0086;0092;108;71;1;1;11;201;9
08290;MATINHA;0086;0095;135;77;0;3;15;240;10
08290;MATINHA;0086;0096;131;108;1;3;7;259;9
08290;MATINHA;0086;0098;52;102;1;4;4;180;17
08290;MATINHA;0086;0100;59;79;1;5;4;166;18
08290;MATINHA;0086;0104;111;94;2;3;7;227;10
08290;MATINHA;0086;0109;37;66;0;4;4;119;8
08290;MATINHA;0086;0110;11;102;0;0;8;132;11
08290;MATINHA;0086;0111;74;79;0;1;6;171;11
08290;MATINHA;0086;0112;51;61;0;1;3;126;10
08389;SÃO PEDRO DA ÁGUA BRANCA;0092;0001;49;97;7;2;2;167;10
08389;SÃO PEDRO DA ÁGUA BRANCA;0092;0003;38;94;6;0;5;163;20
08389;SÃO PEDRO DA ÁGUA BRANCA;0092;0004;61;110;3;1;16;232;41
08389;SÃO PEDRO DA ÁGUA BRANCA;0092;0005;81;124;2;9;13;267;38
08389;SÃO PEDRO DA ÁGUA BRANCA;0092;0006;93;115;5;5;21;265;26
08389;SÃO PEDRO DA ÁGUA BRANCA;0092;0007;97;111;3;4;12;256;29
08389;SÃO PEDRO DA ÁGUA BRANCA;0092;0008;100;107;8;7;19;270;29
08389;SÃO PEDRO DA ÁGUA BRANCA;0092;0009;63;102;3;3;13;219;35
08389;SÃO PEDRO DA ÁGUA BRANCA;0092;0010;88;103;2;2;8;231;28
08389;SÃO PEDRO DA ÁGUA BRANCA;0092;0011;70;134;8;5;15;260;28
08389;SÃO PEDRO DA ÁGUA BRANCA;0092;0012;87;120;7;3;12;251;22
08389;SÃO PEDRO DA ÁGUA BRANCA;0092;0013;70;129;3;5;14;249;28
08389;SÃO PEDRO DA ÁGUA BRANCA;0092;0014;60;118;7;2;20;238;31
08389;SÃO PEDRO DA ÁGUA BRANCA;0092;0015;85;148;4;6;8;273;22
08389;SÃO PEDRO DA ÁGUA BRANCA;0092;0016;83;118;3;1;5;243;33
08389;SÃO PEDRO DA ÁGUA BRANCA;0092;0017;48;88;10;0;19;213;48
08389;SÃO PEDRO DA ÁGUA BRANCA;0092;0019;71;113;7;1;15;243;36
08389;SÃO PEDRO DA ÁGUA BRANCA;0092;0021;75;121;1;7;8;246;34
08389;SÃO PEDRO DA ÁGUA BRANCA;0092;0023;90;111;3;7;11;243;21
08389;SÃO PEDRO DA ÁGUA BRANCA;0092;0024;88;120;3;6;10;254;27
08389;SÃO PEDRO DA ÁGUA BRANCA;0092;0025;83;122;2;4;8;247;28
08389;SÃO PEDRO DA ÁGUA BRANCA;0092;0026;103;120;10;3;11;270;23
08389;SÃO PEDRO DA ÁGUA BRANCA;0092;0027;111;108;5;2;13;261;22
08389;SÃO PEDRO DA ÁGUA BRANCA;0092;0211;65;108;4;6;9;229;37
08389;SÃO PEDRO DA ÁGUA BRANCA;0092;0212;78;110;4;5;8;234;29
08389;SÃO PEDRO DA ÁGUA BRANCA;0092;0273;85;94;11;8;6;228;24
08389;SÃO PEDRO DA ÁGUA BRANCA;0092;0276;88;98;4;7;7;219;15
08389;SÃO PEDRO DA ÁGUA BRANCA;0092;0277;82;101;3;4;17;235;28
08389;SÃO PEDRO DA ÁGUA BRANCA;0092;0278;61;110;10;2;18;248;47
08389;SÃO PEDRO DA ÁGUA BRANCA;0092;0282;61;103;5;4;16;211;22
08478;OLHO D'ÁGUA DAS CUNHÃS;0087;0001;106;64;5;3;14;214;22
08478;OLHO D'ÁGUA DAS CUNHÃS;0087;0003;102;80;4;8;13;228;21
08478;OLHO D'ÁGUA DAS CUNHÃS;0087;0010;148;88;1;11;16;280;16
08478;OLHO D'ÁGUA DAS CUNHÃS;0087;0012;120;63;5;5;10;224;21
08478;OLHO D'ÁGUA DAS CUNHÃS;0087;0014;96;76;4;5;21;223;21
08478;OLHO D'ÁGUA DAS CUNHÃS;0087;0016;104;80;3;4;13;227;23
08478;OLHO D'ÁGUA DAS CUNHÃS;0087;0018;119;63;1;7;9;215;16
08478;OLHO D'ÁGUA DAS CUNHÃS;0087;0020;131;117;0;9;16;297;24
08478;OLHO D'ÁGUA DAS CUNHÃS;0087;0021;135;108;3;10;7;283;20
08478;OLHO D'ÁGUA DAS CUNHÃS;0087;0023;95;77;3;5;13;210;17
08478;OLHO D'ÁGUA DAS CUNHÃS;0087;0025;96;102;1;7;13;237;18
08478;OLHO D'ÁGUA DAS CUNHÃS;0087;0027;111;88;3;6;11;234;15
08478;OLHO D'ÁGUA DAS CUNHÃS;0087;0029;78;72;1;9;13;194;21
08478;OLHO D'ÁGUA DAS CUNHÃS;0087;0030;129;105;6;9;8;276;19
08478;OLHO D'ÁGUA DAS CUNHÃS;0087;0031;142;104;3;4;3;276;20
08478;OLHO D'ÁGUA DAS CUNHÃS;0087;0032;142;81;3;5;12;261;18
08478;OLHO D'ÁGUA DAS CUNHÃS;0087;0033;122;100;4;10;14;275;25
08478;OLHO D'ÁGUA DAS CUNHÃS;0087;0034;111;114;2;5;14;261;15
08478;OLHO D'ÁGUA DAS CUNHÃS;0087;0035;97;118;0;10;12;261;24
08478;OLHO D'ÁGUA DAS CUNHÃS;0087;0036;118;107;1;9;12;268;21
08478;OLHO D'ÁGUA DAS CUNHÃS;0087;0037;87;62;4;5;11;189;20
08478;OLHO D'ÁGUA DAS CUNHÃS;0087;0041;52;62;1;10;22;160;13
08478;OLHO D'ÁGUA DAS CUNHÃS;0087;0043;100;104;2;2;27;262;27
08478;OLHO D'ÁGUA DAS CUNHÃS;0087;0049;56;63;0;3;9;144;13
08478;OLHO D'ÁGUA DAS CUNHÃS;0087;0050;49;89;0;12;13;182;19
08478;OLHO D'ÁGUA DAS CUNHÃS;0087;0052;77;72;1;4;21;184;9
08478;OLHO D'ÁGUA DAS CUNHÃS;0087;0053;69;63;0;7;8;160;13
08478;OLHO D'ÁGUA DAS CUNHÃS;0087;0054;75;66;0;5;4;175;25
08478;OLHO D'ÁGUA DAS CUNHÃS;0087;0055;80;89;0;1;6;186;10
08478;OLHO D'ÁGUA DAS CUNHÃS;0087;0056;49;112;3;4;10;193;15
08478;OLHO D'ÁGUA DAS CUNHÃS;0087;0067;84;149;2;2;13;297;47
08478;OLHO D'ÁGUA DAS CUNHÃS;0087;0073;128;96;0;4;29;275;18
08478;OLHO D'ÁGUA DAS CUNHÃS;0087;0078;102;106;1;5;13;248;21
08478;OLHO D'ÁGUA DAS CUNHÃS;0087;0143;33;51;0;0;12;107;11
08478;OLHO D'ÁGUA DAS CUNHÃS;0087;0148;108;88;1;3;11;230;19
08478;OLHO D'ÁGUA DAS CUNHÃS;0087;0149;95;61;0;8;10;185;11
08478;OLHO D'ÁGUA DAS CUNHÃS;0087;0150;89;103;2;3;23;242;22
08478;OLHO D'ÁGUA DAS CUNHÃS;0087;0153;78;72;4;6;15;192;17
08478;OLHO D'ÁGUA DAS CUNHÃS;0087;0158;50;107;4;2;7;180;10
08478;OLHO D'ÁGUA DAS CUNHÃS;0087;0180;20;74;1;6;1;113;11
08478;OLHO D'ÁGUA DAS CUNHÃS;0087;0183;90;92;2;8;10;224;22
08478;OLHO D'ÁGUA DAS CUNHÃS;0087;0191;48;90;2;11;11;177;15
08478;OLHO D'ÁGUA DAS CUNHÃS;0087;0192;84;107;2;17;14;246;22
08478;OLHO D'ÁGUA DAS CUNHÃS;0087;0195;53;85;0;4;10;163;11
08478;OLHO D'ÁGUA DAS CUNHÃS;0087;0200;57;46;0;2;1;112;6
08478;OLHO D'ÁGUA DAS CUNHÃS;0087;0206;54;99;0;3;10;188;22
08478;OLHO D'ÁGUA DAS CUNHÃS;0087;0210;103;140;0;5;17;285;20
08478;OLHO D'ÁGUA DAS CUNHÃS;0087;0211;146;75;7;5;13;265;19
08478;OLHO D'ÁGUA DAS CUNHÃS;0087;0215;112;78;1;3;21;239;24
08478;OLHO D'ÁGUA DAS CUNHÃS;0087;0216;59;51;0;9;6;138;13
08478;OLHO D'ÁGUA DAS CUNHÃS;0087;0217;101;104;1;12;9;255;28
08478;OLHO D'ÁGUA DAS CUNHÃS;0087;0222;81;81;1;3;15;195;14
08478;OLHO D'ÁGUA DAS CUNHÃS;0087;0224;134;85;3;8;8;267;29
08532;PARAIBANO;0053;0088;130;132;1;2;7;286;14
08532;PARAIBANO;0053;0089;142;132;4;6;8;303;11
08532;PARAIBANO;0053;0090;144;136;1;2;7;306;16
08532;PARAIBANO;0053;0091;131;151;2;3;12;315;16
08532;PARAIBANO;0053;0092;77;113;0;10;10;224;14
08532;PARAIBANO;0053;0093;72;138;1;2;12;244;19
08532;PARAIBANO;0053;0094;69;134;0;2;13;237;19
08532;PARAIBANO;0053;0095;70;152;1;3;12;254;16
08532;PARAIBANO;0053;0096;86;129;1;2;9;250;23
08532;PARAIBANO;0053;0097;71;130;1;4;11;230;13
08532;PARAIBANO;0053;0098;68;116;2;5;9;215;15
08532;PARAIBANO;0053;0099;73;127;0;2;10;228;16
08532;PARAIBANO;0053;0100;68;118;1;4;2;203;10
08532;PARAIBANO;0053;0101;31;133;0;1;8;191;18
08532;PARAIBANO;0053;0102;45;152;0;2;3;218;16
08532;PARAIBANO;0053;0103;63;149;2;3;12;250;21
08532;PARAIBANO;0053;0104;64;126;0;5;28;257;34
08532;PARAIBANO;0053;0105;76;135;1;6;11;243;14
08532;PARAIBANO;0053;0106;79;103;0;1;17;227;27
08532;PARAIBANO;0053;0107;70;104;0;1;10;202;17
08532;PARAIBANO;0053;0108;54;133;1;1;17;223;17
08532;PARAIBANO;0053;0109;72;121;0;7;15;226;11
08532;PARAIBANO;0053;0111;98;146;1;3;10;286;28
08532;PARAIBANO;0053;0112;124;147;1;3;12;300;13
08532;PARAIBANO;0053;0113;111;140;3;2;7;287;24
08532;PARAIBANO;0053;0114;112;136;1;3;11;283;20
08532;PARAIBANO;0053;0115;125;130;1;0;11;272;5
08532;PARAIBANO;0053;0116;64;120;0;6;11;223;22
08532;PARAIBANO;0053;0117;92;105;0;3;8;220;12
08532;PARAIBANO;0053;0118;85;112;2;5;7;227;16
08532;PARAIBANO;0053;0119;87;100;0;2;7;212;16
08532;PARAIBANO;0053;0120;75;145;0;3;14;257;20
08532;PARAIBANO;0053;0121;87;129;0;3;15;261;27
08532;PARAIBANO;0053;0123;85;129;2;1;5;238;16
08532;PARAIBANO;0053;0124;92;114;4;0;13;245;22
08532;PARAIBANO;0053;0125;99;119;0;2;13;254;21
08532;PARAIBANO;0053;0126;95;127;1;5;10;249;11
08532;PARAIBANO;0053;0127;92;115;0;7;12;240;14
08532;PARAIBANO;0053;0128;88;94;2;1;6;202;11
08532;PARAIBANO;0053;0129;70;135;0;2;12;237;18
08532;PARAIBANO;0053;0130;105;120;2;4;9;253;13
08532;PARAIBANO;0053;0131;82;127;0;4;10;241;18
08532;PARAIBANO;0053;0132;92;135;1;4;8;254;14
08532;PARAIBANO;0053;0133;57;126;0;2;3;203;15
08532;PARAIBANO;0053;0134;54;130;0;2;9;204;9
08532;PARAIBANO;0053;0135;43;118;1;0;2;171;7
08672;PINDARÉ-MIRIM;0043;0001;115;85;4;4;12;251;31
08672;PINDARÉ-MIRIM;0043;0002;112;76;7;9;11;254;39
08672;PINDARÉ-MIRIM;0043;0003;115;87;3;4;10;253;34
08672;PINDARÉ-MIRIM;0043;0004;123;81;4;9;14;263;32
08672;PINDARÉ-MIRIM;0043;0005;112;92;3;7;9;248;25
08672;PINDARÉ-MIRIM;0043;0006;121;87;3;14;9;264;30
08672;PINDARÉ-MIRIM;0043;0007;99;97;3;11;12;252;30
08672;PINDARÉ-MIRIM;0043;0008;120;88;4;6;10;266;38
08672;PINDARÉ-MIRIM;0043;0009;114;97;3;12;12;275;37
08672;PINDARÉ-MIRIM;0043;0010;131;86;5;9;9;267;27
08672;PINDARÉ-MIRIM;0043;0011;86;58;0;4;10;185;27
08672;PINDARÉ-MIRIM;0043;0012;78;65;2;7;4;189;33
08672;PINDARÉ-MIRIM;0043;0013;68;71;1;6;11;186;29
08672;PINDARÉ-MIRIM;0043;0014;75;68;2;11;3;183;24
08672;PINDARÉ-MIRIM;0043;0015;57;69;3;6;9;174;30
08672;PINDARÉ-MIRIM;0043;0016;69;69;3;6;12;183;24
08672;PINDARÉ-MIRIM;0043;0017;73;66;2;6;12;190;31
08672;PINDARÉ-MIRIM;0043;0018;140;99;8;7;13;296;29
08672;PINDARÉ-MIRIM;0043;0019;148;87;7;9;11;292;30
08672;PINDARÉ-MIRIM;0043;0020;130;85;2;8;14;279;40
08672;PINDARÉ-MIRIM;0043;0021;121;116;3;12;12;299;35
08672;PINDARÉ-MIRIM;0043;0022;87;97;5;10;10;239;30
08672;PINDARÉ-MIRIM;0043;0023;101;90;0;5;7;233;30
08672;PINDARÉ-MIRIM;0043;0024;104;81;2;9;11;233;26
08672;PINDARÉ-MIRIM;0043;0025;54;62;0;5;6;131;4
08672;PINDARÉ-MIRIM;0043;0026;86;82;0;6;9;195;12
08672;PINDARÉ-MIRIM;0043;0027;66;92;2;1;9;181;11
08672;PINDARÉ-MIRIM;0043;0040;103;101;1;6;7;244;26
08672;PINDARÉ-MIRIM;0043;0041;94;102;3;15;7;248;27
08672;PINDARÉ-MIRIM;0043;0042;96;85;0;3;8;240;48
08672;PINDARÉ-MIRIM;0043;0043;65;81;3;12;5;200;34
08672;PINDARÉ-MIRIM;0043;0044;95;88;4;4;13;241;37
08672;PINDARÉ-MIRIM;0043;0045;86;84;3;15;19;232;25
08672;PINDARÉ-MIRIM;0043;0046;96;67;3;8;6;201;21
08672;PINDARÉ-MIRIM;0043;0047;94;74;0;10;1;202;23
08672;PINDARÉ-MIRIM;0043;0048;103;103;6;13;9;262;28
08672;PINDARÉ-MIRIM;0043;0050;111;120;1;3;10;255;10
08672;PINDARÉ-MIRIM;0043;0051;90;104;3;0;17;237;23
08672;PINDARÉ-MIRIM;0043;0052;112;84;0;8;4;238;30
08672;PINDARÉ-MIRIM;0043;0053;78;71;1;10;6;185;19
08672;PINDARÉ-MIRIM;0043;0054;121;63;3;9;5;238;37
08672;PINDARÉ-MIRIM;0043;0055;107;77;5;10;11;237;27
08672;PINDARÉ-MIRIM;0043;0056;101;77;3;8;9;229;31
08672;PINDARÉ-MIRIM;0043;0058;115;91;0;7;5;238;20
08672;PINDARÉ-MIRIM;0043;0061;100;101;0;8;14;244;21
08672;PINDARÉ-MIRIM;0043;0062;110;124;1;10;6;275;24
08672;PINDARÉ-MIRIM;0043;0063;141;118;4;15;7;313;28
08672;PINDARÉ-MIRIM;0043;0064;158;99;10;12;9;308;20
08672;PINDARÉ-MIRIM;0043;0065;107;95;7;7;11;265;38
08672;PINDARÉ-MIRIM;0043;0066;110;84;0;5;14;235;22
08672;PINDARÉ-MIRIM;0043;0067;103;64;2;16;7;210;18
08672;PINDARÉ-MIRIM;0043;0068;85;99;2;11;11;246;38
08672;PINDARÉ-MIRIM;0043;0069;99;104;2;12;5;252;30
08672;PINDARÉ-MIRIM;0043;0070;87;116;6;12;14;267;32
08672;PINDARÉ-MIRIM;0043;0071;66;92;0;6;10;205;31
08672;PINDARÉ-MIRIM;0043;0072;137;136;1;4;3;311;30
08672;PINDARÉ-MIRIM;0043;0075;95;99;4;11;9;250;32
08672;PINDARÉ-MIRIM;0043;0076;105;107;2;9;8;265;34
08672;PINDARÉ-MIRIM;0043;0077;89;49;1;8;8;178;23
08672;PINDARÉ-MIRIM;0043;0078;95;101;9;8;14;269;42
08672;PINDARÉ-MIRIM;0043;0079;120;103;1;6;8;262;24
08672;PINDARÉ-MIRIM;0043;0081;111;102;3;9;7;271;39
08672;PINDARÉ-MIRIM;0043;0082;94;62;3;11;5;203;28
08672;PINDARÉ-MIRIM;0043;0084;100;111;7;6;9;252;19
08672;PINDARÉ-MIRIM;0043;0085;77;106;2;5;12;238;36
08672;PINDARÉ-MIRIM;0043;0087;83;44;3;2;9;157;16
08672;PINDARÉ-MIRIM;0043;0089;88;109;5;3;4;225;16
08672;PINDARÉ-MIRIM;0043;0094;137;98;2;8;6;265;14
08672;PINDARÉ-MIRIM;0043;0095;89;101;2;12;12;239;23
08672;PINDARÉ-MIRIM;0043;0096;91;105;4;8;7;252;37
08672;PINDARÉ-MIRIM;0043;0098;116;91;5;11;8;268;37
08672;PINDARÉ-MIRIM;0043;0099;134;83;4;10;5;272;36
08672;PINDARÉ-MIRIM;0043;0100;139;63;0;8;9;245;26
08672;PINDARÉ-MIRIM;0043;0101;96;96;2;6;19;257;38
08672;PINDARÉ-MIRIM;0043;0102;59;73;4;13;10;168;9
08672;PINDARÉ-MIRIM;0043;0103;85;20;2;7;9;136;13
08672;PINDARÉ-MIRIM;0043;0104;134;78;4;5;11;265;33
08672;PINDARÉ-MIRIM;0043;0106;88;115;2;10;17;265;33
08672;PINDARÉ-MIRIM;0043;0107;105;99;6;5;11;253;27
08672;PINDARÉ-MIRIM;0043;0108;85;61;6;7;4;188;25
08672;PINDARÉ-MIRIM;0043;0110;65;40;2;2;3;126;14
08672;PINDARÉ-MIRIM;0043;0112;103;81;4;8;12;246;38
08672;PINDARÉ-MIRIM;0043;0205;64;77;1;12;4;173;15
08672;PINDARÉ-MIRIM;0043;0206;84;68;3;3;6;170;6
08672;PINDARÉ-MIRIM;0043;0209;86;69;0;4;5;177;13
08710;PIO XII;0087;0079;101;71;8;7;7;214;20
08710;PIO XII;0087;0080;88;82;2;6;9;209;22
08710;PIO XII;0087;0081;87;82;3;3;8;205;22
08710;PIO XII;0087;0082;78;83;4;5;8;205;27
08710;PIO XII;0087;0083;91;80;10;2;5;210;22
08710;PIO XII;0087;0084;80;72;11;5;15;205;22
08710;PIO XII;0087;0085;71;81;5;2;7;188;22
08710;PIO XII;0087;0086;84;69;3;6;5;182;15
08710;PIO XII;0087;0087;87;65;4;3;7;194;28
08710;PIO XII;0087;0088;81;76;5;5;12;198;19
08710;PIO XII;0087;0089;86;70;2;7;12;196;19
08710;PIO XII;0087;0090;79;68;2;7;7;184;21
08710;PIO XII;0087;0092;96;75;2;9;6;207;19
08710;PIO XII;0087;0093;84;101;4;5;13;230;23
08710;PIO XII;0087;0094;99;110;1;5;9;251;27
08710;PIO XII;0087;0095;71;71;5;5;6;175;17
08710;PIO XII;0087;0096;78;63;3;7;7;169;11
08710;PIO XII;0087;0097;69;70;5;3;8;179;24
08710;PIO XII;0087;0098;72;82;3;4;8;189;20
08710;PIO XII;0087;0099;63;68;7;3;13;169;15
08710;PIO XII;0087;0100;76;72;1;2;6;177;20
08710;PIO XII;0087;0104;110;74;5;2;3;205;11
08710;PIO XII;0087;0107;58;63;1;1;5;137;9
08710;PIO XII;0087;0110;112;109;1;6;14;269;27
08710;PIO XII;0087;0112;97;114;3;7;16;261;24
08710;PIO XII;0087;0113;98;110;4;4;6;255;33
08710;PIO XII;0087;0114;71;105;2;3;14;226;31
08710;PIO XII;0087;0115;85;92;1;4;8;210;20
08710;PIO XII;0087;0116;73;92;0;5;10;202;22
08710;PIO XII;0087;0117;69;99;1;1;7;216;39
08710;PIO XII;0087;0118;115;104;8;8;11;273;27
08710;PIO XII;0087;0119;65;91;4;4;12;214;38
08710;PIO XII;0087;0120;77;106;2;4;14;233;30
08710;PIO XII;0087;0122;80;100;2;4;10;223;27
08710;PIO XII;0087;0124;75;97;5;8;10;217;22
08710;PIO XII;0087;0126;42;180;2;4;24;275;23
08710;PIO XII;0087;0127;32;130;0;4;11;216;39
08710;PIO XII;0087;0128;34;178;1;1;13;263;36
08710;PIO XII;0087;0129;41;164;0;3;15;259;36
08710;PIO XII;0087;0130;59;138;1;5;14;244;27
08710;PIO XII;0087;0131;59;145;0;5;9;235;17
08710;PIO XII;0087;0132;72;110;1;1;16;218;18
08710;PIO XII;0087;0134;67;145;0;6;14;258;26
08710;PIO XII;0087;0135;70;191;0;10;7;306;28
08710;PIO XII;0087;0141;37;194;0;5;18;285;31
08710;PIO XII;0087;0144;39;174;0;6;19;256;18
08710;PIO XII;0087;0146;27;117;0;2;10;179;23
08710;PIO XII;0087;0151;43;179;3;4;12;265;24
08710;PIO XII;0087;0152;76;102;0;4;12;208;14
08710;PIO XII;0087;0155;104;103;6;9;6;254;26
08710;PIO XII;0087;0157;121;92;3;6;7;256;27
08710;PIO XII;0087;0159;26;101;1;2;9;145;6
08710;PIO XII;0087;0160;39;59;1;3;2;112;8
08710;PIO XII;0087;0161;41;162;0;4;19;246;20
08710;PIO XII;0087;0162;20;57;1;6;5;102;13
08710;PIO XII;0087;0163;51;87;4;7;12;182;21
08710;PIO XII;0087;0170;47;93;0;3;12;172;17
08710;PIO XII;0087;0171;108;114;6;4;10;267;25
08710;PIO XII;0087;0177;105;118;7;5;12;278;31
08710;PIO XII;0087;0179;112;103;7;7;13;283;41
08710;PIO XII;0087;0182;61;151;1;2;6;242;21
08710;PIO XII;0087;0188;58;91;2;9;5;182;17
08710;PIO XII;0087;0198;55;112;0;2;7;199;23
08710;PIO XII;0087;0201;22;97;1;0;7;142;15
08710;PIO XII;0087;0205;16;132;1;1;13;175;12
08710;PIO XII;0087;0212;55;129;0;2;7;211;18
08710;PIO XII;0087;0214;39;170;1;5;6;241;20
08710;PIO XII;0087;0219;66;88;1;4;13;191;19
08710;PIO XII;0087;0226;63;95;7;4;17;209;23
08710;PIO XII;0087;0227;41;161;0;2;8;235;23
08796;PRESIDENTE DUTRA;0054;0001;153;96;4;2;10;282;17
08796;PRESIDENTE DUTRA;0054;0002;137;77;4;4;5;238;11
08796;PRESIDENTE DUTRA;0054;0003;135;73;1;2;5;229;13
08796;PRESIDENTE DUTRA;0054;0004;117;78;3;1;8;221;14
08796;PRESIDENTE DUTRA;0054;0006;132;51;2;2;11;206;8
08796;PRESIDENTE DUTRA;0054;0007;100;88;4;4;7;213;10
08796;PRESIDENTE DUTRA;0054;0008;116;76;2;3;13;220;10
08796;PRESIDENTE DUTRA;0054;0009;133;80;4;8;5;241;11
08796;PRESIDENTE DUTRA;0054;0010;128;85;3;1;8;241;16
08796;PRESIDENTE DUTRA;0054;0011;120;83;5;5;7;231;11
08796;PRESIDENTE DUTRA;0054;0012;125;77;5;2;6;233;18
08796;PRESIDENTE DUTRA;0054;0013;116;80;7;1;14;230;12
08796;PRESIDENTE DUTRA;0054;0014;127;95;3;7;12;256;12
08796;PRESIDENTE DUTRA;0054;0015;137;66;1;7;14;245;20
08796;PRESIDENTE DUTRA;0054;0016;119;99;4;8;18;259;11
08796;PRESIDENTE DUTRA;0054;0017;121;91;1;3;16;252;20
08796;PRESIDENTE DUTRA;0054;0019;125;92;2;1;6;241;15
08796;PRESIDENTE DUTRA;0054;0021;100;68;2;4;10;201;17
08796;PRESIDENTE DUTRA;0054;0023;162;99;6;6;7;296;16
08796;PRESIDENTE DUTRA;0054;0025;124;79;4;5;11;232;9
08796;PRESIDENTE DUTRA;0054;0032;138;75;5;5;12;246;11
08796;PRESIDENTE DUTRA;0054;0035;113;67;3;2;6;210;19
08796;PRESIDENTE DUTRA;0054;0036;126;82;3;3;8;235;13
08796;PRESIDENTE DUTRA;0054;0037;113;87;0;10;7;229;12
08796;PRESIDENTE DUTRA;0054;0038;98;76;4;4;6;206;18
08796;PRESIDENTE DUTRA;0054;0039;89;83;3;6;11;207;15
08796;PRESIDENTE DUTRA;0054;0048;88;80;0;4;4;192;16
08796;PRESIDENTE DUTRA;0054;0049;101;80;1;5;10;210;13
08796;PRESIDENTE DUTRA;0054;0050;95;79;0;3;10;195;8
08796;PRESIDENTE DUTRA;0054;0051;79;98;0;2;9;198;10
08796;PRESIDENTE DUTRA;0054;0052;71;110;1;0;3;196;11
08796;PRESIDENTE DUTRA;0054;0054;77;75;1;5;2;178;18
08796;PRESIDENTE DUTRA;0054;0055;65;91;3;3;5;180;13
08796;PRESIDENTE DUTRA;0054;0058;78;115;0;0;12;212;7
08796;PRESIDENTE DUTRA;0054;0061;80;170;0;2;9;274;13
08796;PRESIDENTE DUTRA;0054;0062;137;164;0;2;8;325;14
08796;PRESIDENTE DUTRA;0054;0063;135;95;1;3;6;244;4
08796;PRESIDENTE DUTRA;0054;0064;140;86;2;10;12;284;34
08796;PRESIDENTE DUTRA;0054;0068;141;99;8;6;10;281;17
08796;PRESIDENTE DUTRA;0054;0070;80;96;1;5;7;206;17
08796;PRESIDENTE DUTRA;0054;0071;70;99;0;1;5;183;8
08796;PRESIDENTE DUTRA;0054;0076;163;109;3;6;16;312;15
08796;PRESIDENTE DUTRA;0054;0077;161;111;3;6;15;314;18
08796;PRESIDENTE DUTRA;0054;0078;91;95;2;2;9;206;7
08796;PRESIDENTE DUTRA;0054;0079;79;113;0;1;13;220;14
08796;PRESIDENTE DUTRA;0054;0080;132;66;2;0;10;229;19
08796;PRESIDENTE DUTRA;0054;0081;122;66;8;6;6;227;19
08796;PRESIDENTE DUTRA;0054;0082;152;89;0;12;24;303;26
08796;PRESIDENTE DUTRA;0054;0083;122;83;4;3;10;240;18
08796;PRESIDENTE DUTRA;0054;0084;88;67;1;1;8;176;11
08796;PRESIDENTE DUTRA;0054;0088;83;66;1;3;13;179;13
08796;PRESIDENTE DUTRA;0054;0090;92;55;1;4;14;183;17
08796;PRESIDENTE DUTRA;0054;0098;104;111;2;4;9;257;27
08796;PRESIDENTE DUTRA;0054;0103;145;107;4;4;11;287;16
08796;PRESIDENTE DUTRA;0054;0104;127;79;4;4;7;235;14
08796;PRESIDENTE DUTRA;0054;0105;139;89;2;3;16;265;16
08796;PRESIDENTE DUTRA;0054;0107;153;88;7;7;12;279;12
08796;PRESIDENTE DUTRA;0054;0114;164;101;2;7;12;306;20
08796;PRESIDENTE DUTRA;0054;0115;115;121;2;7;8;265;12
08796;PRESIDENTE DUTRA;0054;0118;165;112;7;7;16;326;19
08796;PRESIDENTE DUTRA;0054;0119;100;95;0;2;12;215;6
08796;PRESIDENTE DUTRA;0054;0121;95;104;1;3;8;225;14
08796;PRESIDENTE DUTRA;0054;0122;160;106;0;8;13;310;23
08796;PRESIDENTE DUTRA;0054;0124;146;122;0;10;12;308;18
08796;PRESIDENTE DUTRA;0054;0126;149;102;2;5;2;278;18
08796;PRESIDENTE DUTRA;0054;0166;109;85;2;1;16;229;16
08796;PRESIDENTE DUTRA;0054;0167;83;84;2;5;11;212;27
08796;PRESIDENTE DUTRA;0054;0171;110;107;1;5;14;258;21
08796;PRESIDENTE DUTRA;0054;0177;116;95;2;5;12;246;16
08796;PRESIDENTE DUTRA;0054;0181;62;104;0;2;1;178;9
08796;PRESIDENTE DUTRA;0054;0191;68;74;1;5;13;168;7
08796;PRESIDENTE DUTRA;0054;0194;136;75;3;3;9;237;11
08796;PRESIDENTE DUTRA;0054;0196;24;89;0;1;3;119;2
08796;PRESIDENTE DUTRA;0054;0198;42;65;0;0;6;127;14
08796;PRESIDENTE DUTRA;0054;0199;66;57;0;3;10;142;6
08796;PRESIDENTE DUTRA;0054;0200;113;92;2;7;18;251;19
08796;PRESIDENTE DUTRA;0054;0201;136;82;3;1;7;242;13
08796;PRESIDENTE DUTRA;0054;0202;153;95;2;6;12;282;14
08796;PRESIDENTE DUTRA;0054;0203;111;84;1;4;11;240;29
08796;PRESIDENTE DUTRA;0054;0204;43;84;0;1;6;144;10
08796;PRESIDENTE DUTRA;0054;0205;103;125;3;5;11;266;19
08796;PRESIDENTE DUTRA;0054;0207;95;84;8;0;13;227;27
08796;PRESIDENTE DUTRA;0054;0208;67;62;0;9;9;160;13
08796;PRESIDENTE DUTRA;0054;0210;125;98;1;10;3;248;11
08796;PRESIDENTE DUTRA;0054;0211;124;96;2;7;13;260;18
08796;PRESIDENTE DUTRA;0054;0213;129;79;2;8;17;249;14
08796;PRESIDENTE DUTRA;0054;0227;107;89;1;4;12;230;17
08796;PRESIDENTE DUTRA;0054;0229;85;60;0;2;13;168;8
08796;PRESIDENTE DUTRA;0054;0230;132;109;2;7;11;278;17
08796;PRESIDENTE DUTRA;0054;0231;142;77;3;2;14;256;18
08796;PRESIDENTE DUTRA;0054;0232;88;96;1;3;9;205;8
08796;PRESIDENTE DUTRA;0054;0233;96;119;1;7;17;259;19
08796;PRESIDENTE DUTRA;0054;0234;103;96;2;2;8;224;13
08796;PRESIDENTE DUTRA;0054;0235;171;108;1;7;13;316;16
08796;PRESIDENTE DUTRA;0054;0238;120;73;2;9;13;232;15
08796;PRESIDENTE DUTRA;0054;0239;171;100;3;6;18;316;18
08796;PRESIDENTE DUTRA;0054;0241;69;66;0;3;13;163;12
08796;PRESIDENTE DUTRA;0054;0243;80;83;0;3;8;181;7
08796;PRESIDENTE DUTRA;0054;0249;70;94;4;1;10;190;11
08796;PRESIDENTE DUTRA;0054;0253;152;86;3;10;9;279;19
08796;PRESIDENTE DUTRA;0054;0259;152;117;3;1;16;322;33
08796;PRESIDENTE DUTRA;0054;0260;144;109;3;2;16;292;18
08796;PRESIDENTE DUTRA;0054;0261;88;103;0;5;10;218;12
08796;PRESIDENTE DUTRA;0054;0263;100;100;3;4;12;234;15
08796;PRESIDENTE DUTRA;0054;0268;114;60;4;8;5;200;9
08796;PRESIDENTE DUTRA;0054;0269;66;62;0;2;14;157;13
08796;PRESIDENTE DUTRA;0054;0275;94;69;2;2;15;198;16
08796;PRESIDENTE DUTRA;0054;0281;167;96;3;7;13;295;9
08796;PRESIDENTE DUTRA;0054;0282;139;97;3;11;12;281;19
08796;PRESIDENTE DUTRA;0054;0283;134;55;3;6;6;206;2
08796;PRESIDENTE DUTRA;0054;0288;136;106;3;9;10;277;13
08796;PRESIDENTE DUTRA;0054;0290;107;118;5;1;8;253;14
08796;PRESIDENTE DUTRA;0054;0291;147;128;2;5;13;311;16
08796;PRESIDENTE DUTRA;0054;0292;151;104;3;8;4;279;9
08796;PRESIDENTE DUTRA;0054;0296;122;100;2;9;10;259;16
08915;ROSÁRIO;0018;0001;163;59;1;5;8;250;14
08915;ROSÁRIO;0018;0002;158;59;2;3;12;253;19
08915;ROSÁRIO;0018;0003;148;51;0;8;11;238;20
08915;ROSÁRIO;0018;0004;149;73;0;6;7;252;17
08915;ROSÁRIO;0018;0005;169;58;0;4;8;259;20
08915;ROSÁRIO;0018;0006;166;54;4;5;9;258;20
08915;ROSÁRIO;0018;0007;134;64;2;4;7;226;15
08915;ROSÁRIO;0018;0008;158;52;2;4;8;237;13
08915;ROSÁRIO;0018;0009;159;54;1;4;9;235;8
08915;ROSÁRIO;0018;0010;148;64;0;3;7;229;7
08915;ROSÁRIO;0018;0011;174;52;3;3;4;242;6
08915;ROSÁRIO;0018;0012;163;59;0;5;7;244;10
08915;ROSÁRIO;0018;0013;114;62;1;4;5;200;14
08915;ROSÁRIO;0018;0014;157;64;0;6;11;261;23
08915;ROSÁRIO;0018;0015;149;79;1;1;11;260;19
08915;ROSÁRIO;0018;0016;153;81;0;9;13;286;30
08915;ROSÁRIO;0018;0017;179;74;2;8;4;292;25
08915;ROSÁRIO;0018;0018;185;75;2;7;4;288;15
08915;ROSÁRIO;0018;0019;169;63;2;5;8;264;17
08915;ROSÁRIO;0018;0020;149;70;1;6;7;252;19
08915;ROSÁRIO;0018;0021;146;75;0;4;7;257;25
08915;ROSÁRIO;0018;0022;158;69;2;5;9;261;18
08915;ROSÁRIO;0018;0023;172;59;1;2;6;260;20
08915;ROSÁRIO;0018;0024;159;73;2;9;3;261;15
08915;ROSÁRIO;0018;0025;151;54;2;8;6;241;20
08915;ROSÁRIO;0018;0026;143;64;2;5;9;237;14
08915;ROSÁRIO;0018;0027;182;65;0;7;6;277;17
08915;ROSÁRIO;0018;0028;153;81;1;10;14;274;15
08915;ROSÁRIO;0018;0029;151;71;0;6;15;254;11
08915;ROSÁRIO;0018;0030;141;72;0;6;5;235;11
08915;ROSÁRIO;0018;0031;180;75;0;7;7;287;18
08915;ROSÁRIO;0018;0032;187;64;1;5;5;282;20
08915;ROSÁRIO;0018;0033;106;91;0;5;6;237;29
08915;ROSÁRIO;0018;0034;88;65;0;5;8;182;16
08915;ROSÁRIO;0018;0035;139;88;1;6;3;263;26
08915;ROSÁRIO;0018;0036;176;62;1;10;12;281;20
08915;ROSÁRIO;0018;0037;157;75;1;5;4;264;22
08915;ROSÁRIO;0018;0038;162;77;0;6;6;269;18
08915;ROSÁRIO;0018;0039;149;86;0;5;4;264;20
08915;ROSÁRIO;0018;0044;134;75;0;1;5;240;25
08915;ROSÁRIO;0018;0045;139;84;2;0;4;251;22
08915;ROSÁRIO;0018;0046;126;87;0;2;10;258;33
08915;ROSÁRIO;0018;0055;114;68;1;8;10;230;29
08915;ROSÁRIO;0018;0056;137;64;1;7;11;242;22
08915;ROSÁRIO;0018;0057;85;89;3;2;8;208;21
08915;ROSÁRIO;0018;0058;90;105;1;1;13;228;18
08915;ROSÁRIO;0018;0059;157;65;0;5;6;245;12
08915;ROSÁRIO;0018;0061;114;70;1;4;4;205;12
08915;ROSÁRIO;0018;0062;117;57;1;9;6;208;18
08915;ROSÁRIO;0018;0063;112;61;1;4;6;191;7
08915;ROSÁRIO;0018;0064;177;67;1;10;14;286;17
08915;ROSÁRIO;0018;0065;164;76;0;8;8;267;11
08915;ROSÁRIO;0018;0068;120;110;0;7;7;263;19
08915;ROSÁRIO;0018;0069;139;71;0;3;6;236;17
08915;ROSÁRIO;0018;0070;70;113;0;7;5;210;15
08915;ROSÁRIO;0018;0072;190;80;2;5;5;295;13
08915;ROSÁRIO;0018;0073;168;69;2;3;7;265;16
08915;ROSÁRIO;0018;0078;167;81;3;2;7;278;18
08915;ROSÁRIO;0018;0079;198;78;0;6;8;302;12
08915;ROSÁRIO;0018;0083;140;83;0;7;4;260;26
08915;ROSÁRIO;0018;0084;187;66;0;7;11;279;8
08915;ROSÁRIO;0018;0085;160;60;1;10;4;253;18
08915;ROSÁRIO;0018;0087;153;85;3;5;7;270;17
08915;ROSÁRIO;0018;0089;198;65;1;8;9;291;10
08915;ROSÁRIO;0018;0091;182;69;1;3;11;288;22
08915;ROSÁRIO;0018;0092;126;40;3;4;4;191;14
08915;ROSÁRIO;0018;0094;156;102;0;0;4;276;14
08915;ROSÁRIO;0018;0095;51;66;0;2;2;130;9
08915;ROSÁRIO;0018;0098;110;29;4;1;4;161;13
08915;ROSÁRIO;0018;0099;122;73;0;2;6;216;13
08915;ROSÁRIO;0018;0100;146;58;0;2;8;230;16
08915;ROSÁRIO;0018;0101;149;92;2;0;3;257;11
08915;ROSÁRIO;0018;0106;140;72;1;12;3;246;18
08915;ROSÁRIO;0018;0107;174;69;0;3;6;264;12
08915;ROSÁRIO;0018;0111;182;89;2;4;4;297;16
08915;ROSÁRIO;0018;0117;163;66;0;11;5;267;22
08915;ROSÁRIO;0018;0118;171;76;1;7;13;286;18
08915;ROSÁRIO;0018;0119;132;92;2;2;10;261;23
08915;ROSÁRIO;0018;0123;193;43;1;9;12;274;16
08915;ROSÁRIO;0018;0124;165;63;1;8;4;253;12
08915;ROSÁRIO;0018;0130;165;82;0;4;7;282;24
08915;ROSÁRIO;0018;0131;110;48;2;2;3;189;24
08915;ROSÁRIO;0018;0133;130;37;0;2;5;182;8
08915;ROSÁRIO;0018;0134;100;88;1;1;11;231;30
08915;ROSÁRIO;0018;0143;112;102;0;6;2;242;20
08915;ROSÁRIO;0018;0147;173;75;1;2;12;284;21
08915;ROSÁRIO;0018;0149;158;50;3;3;5;236;17
08915;ROSÁRIO;0018;0150;196;57;4;5;4;288;22
08915;ROSÁRIO;0018;0162;135;58;0;8;6;219;12
08915;ROSÁRIO;0018;0167;174;73;3;4;14;284;16
08915;ROSÁRIO;0018;0168;91;86;0;5;4;207;21
08915;ROSÁRIO;0018;0169;126;86;2;3;6;237;14
08915;ROSÁRIO;0018;0170;193;61;2;3;6;277;12
08915;ROSÁRIO;0018;0172;144;72;0;3;5;242;18
08915;ROSÁRIO;0018;0176;179;56;1;3;7;265;19
08915;ROSÁRIO;0018;0187;94;54;0;1;8;176;19
08915;ROSÁRIO;0018;0189;73;90;1;9;2;184;9
08915;ROSÁRIO;0018;0194;85;60;0;6;5;167;11
08915;ROSÁRIO;0018;0205;117;83;0;2;5;216;9
08915;ROSÁRIO;0018;0211;152;59;0;5;12;236;8
08915;ROSÁRIO;0018;0213;19;26;0;1;1;50;3
08915;ROSÁRIO;0018;0216;116;67;0;8;8;215;16
08915;ROSÁRIO;0018;0221;157;75;1;6;2;252;11
08915;ROSÁRIO;0018;0229;134;69;1;3;3;218;8
08915;ROSÁRIO;0018;0230;150;74;0;2;9;248;13
08915;ROSÁRIO;0018;0231;196;50;3;2;7;267;9
08915;ROSÁRIO;0018;0234;26;30;0;1;1;60;2
08915;ROSÁRIO;0018;0265;37;8;0;1;2;50;2
08974;SANTA LUZIA;0070;0001;103;74;2;8;13;222;22
08974;SANTA LUZIA;0070;0002;104;71;2;9;7;213;20
08974;SANTA LUZIA;0070;0003;123;64;9;7;13;232;16
08974;SANTA LUZIA;0070;0004;114;57;4;2;19;219;23
08974;SANTA LUZIA;0070;0005;116;74;4;4;11;229;20
08974;SANTA LUZIA;0070;0006;107;67;5;6;17;224;22
08974;SANTA LUZIA;0070;0007;115;64;3;5;11;221;23
08974;SANTA LUZIA;0070;0008;123;78;1;2;12;234;18
08974;SANTA LUZIA;0070;0009;111;67;3;3;12;216;20
08974;SANTA LUZIA;0070;0010;121;69;6;4;16;235;19
08974;SANTA LUZIA;0070;0011;149;104;4;5;15;306;29
08974;SANTA LUZIA;0070;0012;150;106;3;7;13;310;31
08974;SANTA LUZIA;0070;0013;141;116;3;4;15;309;30
08974;SANTA LUZIA;0070;0014;150;101;5;4;17;302;25
08974;SANTA LUZIA;0070;0015;155;84;6;9;6;295;35
08974;SANTA LUZIA;0070;0016;164;90;3;4;14;311;36
08974;SANTA LUZIA;0070;0017;147;95;9;8;8;299;32
08974;SANTA LUZIA;0070;0018;167;100;2;5;6;304;24
08974;SANTA LUZIA;0070;0019;148;82;8;5;20;301;38
08974;SANTA LUZIA;0070;0020;111;78;0;4;4;216;19
08974;SANTA LUZIA;0070;0021;114;77;6;5;6;224;16
08974;SANTA LUZIA;0070;0022;122;75;3;3;20;254;31
08974;SANTA LUZIA;0070;0023;135;71;5;9;14;266;32
08974;SANTA LUZIA;0070;0024;129;68;3;4;13;234;17
08974;SANTA LUZIA;0070;0025;119;83;4;8;9;228;5
08974;SANTA LUZIA;0070;0026;104;57;4;5;4;188;14
08974;SANTA LUZIA;0070;0028;73;64;1;6;4;172;24
08974;SANTA LUZIA;0070;0029;74;76;0;9;14;193;20
08974;SANTA LUZIA;0070;0030;61;62;1;4;11;158;19
08974;SANTA LUZIA;0070;0031;61;61;3;9;15;169;20
08974;SANTA LUZIA;0070;0032;72;75;1;3;16;190;23
08974;SANTA LUZIA;0070;0033;74;101;0;3;12;217;27
08974;SANTA LUZIA;0070;0034;63;110;0;1;13;204;17
08974;SANTA LUZIA;0070;0036;86;95;0;5;8;215;21
08974;SANTA LUZIA;0070;0037;72;110;2;4;13;221;20
08974;SANTA LUZIA;0070;0038;98;47;0;4;9;171;13
08974;SANTA LUZIA;0070;0039;130;68;3;6;15;239;17
08974;SANTA LUZIA;0070;0041;27;36;4;1;5;90;17
08974;SANTA LUZIA;0070;0042;76;46;0;2;5;153;24
08974;SANTA LUZIA;0070;0043;75;65;1;7;7;171;16
08974;SANTA LUZIA;0070;0047;108;54;3;8;14;215;28
08974;SANTA LUZIA;0070;0048;45;52;0;0;8;115;10
08974;SANTA LUZIA;0070;0053;86;96;2;1;4;213;24
08974;SANTA LUZIA;0070;0054;71;91;0;2;14;200;22
08974;SANTA LUZIA;0070;0055;76;88;3;5;12;206;22
08974;SANTA LUZIA;0070;0056;92;101;0;3;9;220;15
08974;SANTA LUZIA;0070;0057;60;61;2;3;5;143;12
08974;SANTA LUZIA;0070;0058;47;74;1;3;12;152;15
08974;SANTA LUZIA;0070;0059;57;68;2;1;4;137;5
08974;SANTA LUZIA;0070;0060;57;71;5;4;4;152;11
08974;SANTA LUZIA;0070;0061;61;65;0;5;6;154;17
08974;SANTA LUZIA;0070;0062;76;66;1;2;3;161;13
08974;SANTA LUZIA;0070;0076;127;76;4;9;14;247;17
08974;SANTA LUZIA;0070;0077;80;67;3;2;10;178;16
08974;SANTA LUZIA;0070;0079;83;58;0;4;7;179;27
08974;SANTA LUZIA;0070;0080;79;79;1;6;7;186;14
08974;SANTA LUZIA;0070;0081;61;93;1;3;7;198;33
08974;SANTA LUZIA;0070;0130;59;36;1;1;4;120;19
08974;SANTA LUZIA;0070;0131;99;77;9;1;11;216;19
08974;SANTA LUZIA;0070;0133;68;119;2;3;6;209;11
08974;SANTA LUZIA;0070;0139;68;67;3;6;18;176;14
08974;SANTA LUZIA;0070;0140;139;80;2;3;20;260;16
08974;SANTA LUZIA;0070;0141;162;73;5;5;7;277;25
08974;SANTA LUZIA;0070;0142;54;67;0;3;20;161;17
08974;SANTA LUZIA;0070;0143;59;83;0;3;5;167;17
08974;SANTA LUZIA;0070;0144;129;82;4;6;18;264;25
08974;SANTA LUZIA;0070;0147;121;103;2;3;14;264;21
08974;SANTA LUZIA;0070;0150;106;112;0;7;11;250;14
08974;SANTA LUZIA;0070;0151;36;43;2;0;3;91;7
08974;SANTA LUZIA;0070;0153;82;97;4;11;11;252;47
08974;SANTA LUZIA;0070;0154;127;101;0;3;9;271;31
08974;SANTA LUZIA;0070;0156;39;92;0;1;3;163;28
08974;SANTA LUZIA;0070;0159;86;68;0;4;14;199;27
08974;SANTA LUZIA;0070;0162;111;66;4;9;11;222;21
08974;SANTA LUZIA;0070;0164;43;16;2;1;7;79;10
08974;SANTA LUZIA;0070;0165;81;64;0;2;9;172;16
08974;SANTA LUZIA;0070;0167;127;87;1;7;16;260;22
08974;SANTA LUZIA;0070;0170;132;97;5;8;16;281;23
08974;SANTA LUZIA;0070;0174;105;59;1;5;11;190;9
08974;SANTA LUZIA;0070;0175;126;85;3;9;23;274;28
08974;SANTA LUZIA;0070;0176;143;84;6;9;9;273;22
08974;SANTA LUZIA;0070;0183;127;96;3;1;16;270;27
08974;SANTA LUZIA;0070;0185;132;99;5;6;14;280;24
08974;SANTA LUZIA;0070;0186;21;30;0;1;1;59;6
08974;SANTA LUZIA;0070;0187;133;78;9;9;20;263;14
08974;SANTA LUZIA;0070;0188;76;108;2;2;5;215;22
08974;SANTA LUZIA;0070;0190;136;74;3;9;9;245;14
08974;SANTA LUZIA;0070;0191;127;82;2;5;29;272;27
08974;SANTA LUZIA;0070;0195;75;104;1;3;9;205;13
08974;SANTA LUZIA;0070;0206;92;85;3;1;14;218;23
08974;SANTA LUZIA;0070;0210;108;68;4;12;10;223;21
08974;SANTA LUZIA;0070;0211;120;90;7;4;10;258;27
08974;SANTA LUZIA;0070;0212;79;98;1;1;17;212;16
08974;SANTA LUZIA;0070;0215;99;82;3;4;11;215;16
08974;SANTA LUZIA;0070;0221;74;85;2;1;10;189;17
08974;SANTA LUZIA;0070;0224;69;61;0;1;4;148;13
08974;SANTA LUZIA;0070;0225;40;66;0;3;5;122;8
08974;SANTA LUZIA;0070;0226;34;65;0;1;2;119;17
08974;SANTA LUZIA;0070;0227;146;102;0;9;17;294;20
08974;SANTA LUZIA;0070;0231;107;74;2;9;11;223;20
08974;SANTA LUZIA;0070;0232;91;92;3;1;9;219;23
08974;SANTA LUZIA;0070;0233;80;53;0;6;7;151;5
08974;SANTA LUZIA;0070;0235;96;82;4;3;9;212;18
08974;SANTA LUZIA;0070;0249;31;58;1;0;7;102;5
08974;SANTA LUZIA;0070;0250;106;88;8;0;13;235;20
08974;SANTA LUZIA;0070;0252;60;110;2;4;8;202;18
08974;SANTA LUZIA;0070;0264;153;90;3;6;9;288;27
08974;SANTA LUZIA;0070;0266;40;57;1;1;8;111;4
08974;SANTA LUZIA;0070;0267;28;49;0;1;2;90;10
08974;SANTA LUZIA;0070;0268;92;113;4;2;5;229;13
08974;SANTA LUZIA;0070;0269;53;31;4;1;9;125;27
08974;SANTA LUZIA;0070;0270;55;71;0;1;4;140;9
08974;SANTA LUZIA;0070;0281;87;115;7;2;6;235;18
08974;SANTA LUZIA;0070;0282;110;83;6;4;9;238;26
08974;SANTA LUZIA;0070;0291;21;96;0;4;2;151;28
08974;SANTA LUZIA;0070;0292;97;108;0;5;9;232;13
08974;SANTA LUZIA;0070;0295;93;99;8;1;11;236;24
08974;SANTA LUZIA;0070;0321;122;82;2;7;23;253;17
08974;SANTA LUZIA;0070;0335;123;70;6;1;18;234;16
08974;SANTA LUZIA;0070;0340;90;91;3;8;13;239;34
08974;SANTA LUZIA;0070;0348;100;93;2;1;10;221;15
08974;SANTA LUZIA;0070;0353;45;80;1;1;10;167;30
08974;SANTA LUZIA;0070;0354;59;32;1;0;8;118;18
08974;SANTA LUZIA;0070;0355;89;88;1;3;10;215;24
08974;SANTA LUZIA;0070;0357;66;135;0;4;7;236;24
08974;SANTA LUZIA;0070;0359;63;22;1;1;4;103;12
08974;SANTA LUZIA;0070;0360;92;92;2;3;11;213;13
08974;SANTA LUZIA;0070;0363;63;100;1;2;16;195;13
08974;SANTA LUZIA;0070;0366;45;35;1;4;4;125;36
08974;SANTA LUZIA;0070;0370;144;78;3;5;12;262;20
08974;SANTA LUZIA;0070;0377;36;43;1;1;5;110;24
08974;SANTA LUZIA;0070;0378;52;55;0;1;3;119;8
08974;SANTA LUZIA;0070;0387;20;28;2;1;2;62;9
08974;SANTA LUZIA;0070;0389;68;27;2;3;4;111;7
08974;SANTA LUZIA;0070;0391;101;78;5;9;18;245;34
08974;SANTA LUZIA;0070;0393;36;51;1;0;4;99;7
08974;SANTA LUZIA;0070;0394;95;108;4;0;6;240;27
08974;SANTA LUZIA;0070;0396;145;77;2;4;14;257;15
08974;SANTA LUZIA;0070;0397;105;84;8;5;14;232;16
08974;SANTA LUZIA;0070;0398;38;45;0;4;6;104;11
08974;SANTA LUZIA;0070;0399;64;34;0;2;7;116;9
08974;SANTA LUZIA;0070;0400;104;60;0;14;14;213;21
08974;SANTA LUZIA;0070;0402;10;26;0;1;0;51;14
08974;SANTA LUZIA;0070;0403;43;74;0;2;15;143;9
08974;SANTA LUZIA;0070;0404;108;54;3;6;3;183;9
08974;SANTA LUZIA;0070;0405;89;74;6;9;18;220;24
08974;SANTA LUZIA;0070;0406;103;86;1;4;20;246;32
08974;SANTA LUZIA;0070;0408;113;80;11;2;18;241;17
08974;SANTA LUZIA;0070;0409;124;77;4;5;13;250;27
08974;SANTA LUZIA;0070;0411;125;67;4;10;17;252;29
08974;SANTA LUZIA;0070;0412;85;73;1;4;13;197;21
08974;SANTA LUZIA;0070;0413;15;42;4;0;2;71;8
08974;SANTA LUZIA;0070;0414;135;83;7;4;6;254;19
08974;SANTA LUZIA;0070;0415;31;34;2;0;1;80;12
08974;SANTA LUZIA;0070;0417;91;97;8;2;12;234;24
08974;SANTA LUZIA;0070;0421;41;28;0;0;5;80;6
08974;SANTA LUZIA;0070;0422;109;74;9;7;11;234;24
08974;SANTA LUZIA;0070;0423;138;77;3;10;15;262;19
08974;SANTA LUZIA;0070;0425;146;71;4;2;17;265;25
08974;SANTA LUZIA;0070;0427;63;109;3;1;3;192;13
08974;SANTA LUZIA;0070;0429;84;101;5;6;11;236;29
08974;SANTA LUZIA;0070;0431;10;27;0;0;1;39;1
08974;SANTA LUZIA;0070;0432;60;34;1;0;3;112;14
08974;SANTA LUZIA;0070;0433;108;89;2;12;19;261;31
08974;SANTA LUZIA;0070;0435;118;70;2;15;18;238;15
08974;SANTA LUZIA;0070;0436;79;93;9;2;11;216;22
08974;SANTA LUZIA;0070;0441;131;113;2;3;13;285;23
08974;SANTA LUZIA;0070;0448;99;80;2;10;12;222;19
08974;SANTA LUZIA;0070;0449;147;68;2;2;11;248;18
08974;SANTA LUZIA;0070;0451;129;89;6;14;17;271;16
08974;SANTA LUZIA;0070;0453;126;93;2;16;8;273;28
08974;SANTA LUZIA;0070;0454;23;39;0;0;2;88;24
08974;SANTA LUZIA;0070;0455;55;44;5;6;7;128;11
09091;SÃO BERNARDO;0051;0001;97;57;2;1;11;184;16
09091;SÃO BERNARDO;0051;0002;108;64;1;1;6;192;12
09091;SÃO BERNARDO;0051;0003;109;62;1;7;10;204;15
09091;SÃO BERNARDO;0051;0004;108;52;1;5;12;196;18
09091;SÃO BERNARDO;0051;0005;82;57;3;4;11;176;19
09091;SÃO BERNARDO;0051;0006;109;70;2;5;13;211;12
09091;SÃO BERNARDO;0051;0007;145;77;1;3;10;255;19
09091;SÃO BERNARDO;0051;0008;128;94;5;3;16;263;17
09091;SÃO BERNARDO;0051;0009;117;92;4;9;14;255;19
09091;SÃO BERNARDO;0051;0010;79;59;1;2;5;164;18
09091;SÃO BERNARDO;0051;0011;81;51;0;5;11;162;14
09091;SÃO BERNARDO;0051;0013;69;53;2;2;14;159;19
09091;SÃO BERNARDO;0051;0014;88;53;0;11;3;162;7
09091;SÃO BERNARDO;0051;0015;67;57;0;3;4;140;9
09091;SÃO BERNARDO;0051;0016;73;64;0;4;8;154;5
09091;SÃO BERNARDO;0051;0017;69;63;1;1;5;147;8
09091;SÃO BERNARDO;0051;0018;81;58;1;0;3;158;15
09091;SÃO BERNARDO;0051;0021;80;66;0;8;9;176;13
09091;SÃO BERNARDO;0051;0022;76;73;1;3;14;174;7
09091;SÃO BERNARDO;0051;0023;86;97;1;2;10;208;12
09091;SÃO BERNARDO;0051;0024;82;95;1;7;12;210;13
09091;SÃO BERNARDO;0051;0031;85;82;1;6;10;198;14
09091;SÃO BERNARDO;0051;0032;93;83;1;6;4;199;12
09091;SÃO BERNARDO;0051;0034;125;82;4;9;20;250;10
09091;SÃO BERNARDO;0051;0035;92;69;3;5;9;204;26
09091;SÃO BERNARDO;0051;0037;64;56;0;0;10;150;20
09091;SÃO BERNARDO;0051;0038;108;63;0;4;16;216;25
09091;SÃO BERNARDO;0051;0039;104;69;1;2;17;208;15
09091;SÃO BERNARDO;0051;0040;151;76;4;10;19;278;18
09091;SÃO BERNARDO;0051;0041;64;89;1;2;15;187;16
09091;SÃO BERNARDO;0051;0042;78;59;2;8;9;167;11
09091;SÃO BERNARDO;0051;0043;157;86;8;2;9;272;10
09091;SÃO BERNARDO;0051;0045;56;54;1;3;14;143;15
09091;SÃO BERNARDO;0051;0050;131;85;2;6;16;255;15
09091;SÃO BERNARDO;0051;0054;90;103;0;4;18;255;40
09091;SÃO BERNARDO;0051;0055;127;86;1;6;22;258;16
09091;SÃO BERNARDO;0051;0056;75;77;4;7;10;189;16
09091;SÃO BERNARDO;0051;0058;144;76;2;8;21;264;13
09091;SÃO BERNARDO;0051;0059;114;76;1;6;7;221;17
09091;SÃO BERNARDO;0051;0063;153;85;4;6;9;281;24
09091;SÃO BERNARDO;0051;0064;103;75;2;7;15;213;11
09091;SÃO BERNARDO;0051;0065;94;73;0;4;17;206;18
09091;SÃO BERNARDO;0051;0066;83;49;5;7;3;158;11
09091;SÃO BERNARDO;0051;0069;112;64;0;4;10;206;16
09091;SÃO BERNARDO;0051;0071;141;91;6;1;16;273;18
09091;SÃO BERNARDO;0051;0072;146;83;4;4;17;263;9
09091;SÃO BERNARDO;0051;0075;128;77;2;4;19;250;20
09091;SÃO BERNARDO;0051;0076;111;58;0;1;11;199;18
09091;SÃO BERNARDO;0051;0077;100;62;1;2;6;185;14
09091;SÃO BERNARDO;0051;0078;155;54;3;5;20;262;25
09091;SÃO BERNARDO;0051;0079;166;90;2;1;12;285;14
09091;SÃO BERNARDO;0051;0080;69;57;3;1;3;141;8
09091;SÃO BERNARDO;0051;0081;56;66;1;4;10;147;10
09091;SÃO BERNARDO;0051;0086;62;69;0;2;13;162;16
09091;SÃO BERNARDO;0051;0087;131;64;2;2;7;223;17
09091;SÃO BERNARDO;0051;0089;127;50;0;2;7;193;7
09091;SÃO BERNARDO;0051;0091;49;62;1;4;4;124;4
09091;SÃO BERNARDO;0051;0092;81;116;3;4;24;246;18
09091;SÃO BERNARDO;0051;0098;126;82;0;5;8;237;16
09091;SÃO BERNARDO;0051;0100;147;72;0;6;17;261;19
09091;SÃO BERNARDO;0051;0105;110;57;0;2;9;184;6
09091;SÃO BERNARDO;0051;0113;62;100;2;5;13;196;14
09091;SÃO BERNARDO;0051;0114;75;64;0;3;23;221;56
09091;SÃO BERNARDO;0051;0115;94;84;0;16;13;226;19
09091;SÃO BERNARDO;0051;0118;84;91;2;3;8;198;10
09091;SÃO BERNARDO;0051;0119;69;47;1;6;9;142;10
09091;SÃO BERNARDO;0051;0121;139;75;1;8;13;251;15
09091;SÃO BERNARDO;0051;0124;82;63;4;4;12;175;10
09091;SÃO BERNARDO;0051;0126;76;77;1;1;2;166;9
09091;SÃO BERNARDO;0051;0129;68;85;1;2;7;173;10
09091;SÃO BERNARDO;0051;0131;105;58;3;2;15;200;17
09091;SÃO BERNARDO;0051;0137;124;69;2;7;11;231;18
09091;SÃO BERNARDO;0051;0138;107;81;0;5;5;203;5
09091;SÃO BERNARDO;0051;0139;117;43;1;8;2;172;1
09091;SÃO BERNARDO;0051;0141;48;55;0;1;13;123;6
09091;SÃO BERNARDO;0051;0142;113;100;4;7;7;246;15
09091;SÃO BERNARDO;0051;0148;75;55;0;4;12;158;12
09091;SÃO BERNARDO;0051;0152;140;74;1;4;13;250;18
09091;SÃO BERNARDO;0051;0156;113;43;2;3;10;183;12
09091;SÃO BERNARDO;0051;0159;54;52;2;5;5;129;11
09091;SÃO BERNARDO;0051;0161;82;52;0;7;9;160;10
09091;SÃO BERNARDO;0051;0163;76;63;2;5;4;156;6
09091;SÃO BERNARDO;0051;0164;86;37;0;4;8;138;3
09091;SÃO BERNARDO;0051;0165;117;70;1;8;11;235;28
09091;SÃO BERNARDO;0051;0166;99;111;0;12;7;243;14
09318;SUCUPIRA DO NORTE;0072;0025;121;109;1;2;7;246;6
09318;SUCUPIRA DO NORTE;0072;0026;105;118;1;3;5;239;7
09318;SUCUPIRA DO NORTE;0072;0027;101;131;0;0;9;246;5
09318;SUCUPIRA DO NORTE;0072;0028;113;126;2;1;3;252;7
09318;SUCUPIRA DO NORTE;0072;0029;90;124;1;0;10;232;7
09318;SUCUPIRA DO NORTE;0072;0030;70;84;0;4;4;169;7
09318;SUCUPIRA DO NORTE;0072;0031;75;91;2;2;7;183;6
09318;SUCUPIRA DO NORTE;0072;0032;62;84;0;3;8;166;9
09318;SUCUPIRA DO NORTE;0072;0033;131;170;3;4;8;333;17
09318;SUCUPIRA DO NORTE;0072;0034;102;143;0;1;3;265;16
09318;SUCUPIRA DO NORTE;0072;0036;62;76;0;2;8;155;7
09318;SUCUPIRA DO NORTE;0072;0037;78;91;2;0;10;200;19
09318;SUCUPIRA DO NORTE;0072;0038;78;110;0;0;4;205;13
09318;SUCUPIRA DO NORTE;0072;0039;61;103;0;1;8;179;6
09318;SUCUPIRA DO NORTE;0072;0040;86;81;0;4;5;182;6
09318;SUCUPIRA DO NORTE;0072;0041;63;93;0;1;10;173;6
09318;SUCUPIRA DO NORTE;0072;0043;73;84;1;2;6;174;8
09318;SUCUPIRA DO NORTE;0072;0052;76;97;2;3;10;194;6
09318;SUCUPIRA DO NORTE;0072;0055;71;84;0;1;6;169;7
09318;SUCUPIRA DO NORTE;0072;0058;45;200;0;3;17;276;11
09318;SUCUPIRA DO NORTE;0072;0059;43;246;2;0;5;314;18
09318;SUCUPIRA DO NORTE;0072;0064;87;128;0;2;6;239;16
09318;SUCUPIRA DO NORTE;0072;0065;71;105;0;3;7;197;11
09318;SUCUPIRA DO NORTE;0072;0066;77;92;0;1;5;184;9
09318;SUCUPIRA DO NORTE;0072;0073;119;156;0;2;8;293;8
09318;SUCUPIRA DO NORTE;0072;0075;116;129;1;3;7;277;21
09318;SUCUPIRA DO NORTE;0072;0076;111;178;3;4;7;323;20
09318;SUCUPIRA DO NORTE;0072;0077;121;122;1;5;9;269;11
09318;SUCUPIRA DO NORTE;0072;0078;103;131;0;3;7;253;9
09318;SUCUPIRA DO NORTE;0072;0079;64;106;1;4;8;201;18
09318;SUCUPIRA DO NORTE;0072;0080;54;103;0;2;6;175;10
09458;URBANO SANTOS;0073;0001;92;110;0;9;13;251;27
09458;URBANO SANTOS;0073;0002;87;119;0;4;22;259;27
09458;URBANO SANTOS;0073;0003;94;120;1;5;14;268;34
09458;URBANO SANTOS;0073;0004;96;122;0;11;13;267;25
09458;URBANO SANTOS;0073;0005;116;115;0;5;11;267;20
09458;URBANO SANTOS;0073;0006;97;131;3;6;12;271;22
09458;URBANO SANTOS;0073;0007;115;123;1;6;9;280;26
09458;URBANO SANTOS;0073;0008;104;114;4;2;15;268;29
09458;URBANO SANTOS;0073;0009;96;115;1;4;16;250;18
09458;URBANO SANTOS;0073;0010;96;134;0;12;9;273;22
09458;URBANO SANTOS;0073;0011;103;123;0;7;6;263;24
09458;URBANO SANTOS;0073;0012;105;98;2;9;6;245;25
09458;URBANO SANTOS;0073;0013;89;109;0;2;9;234;25
09458;URBANO SANTOS;0073;0014;101;109;0;2;10;241;19
09458;URBANO SANTOS;0073;0015;93;100;0;7;11;230;19
09458;URBANO SANTOS;0073;0016;100;105;0;2;12;241;22
09458;URBANO SANTOS;0073;0017;92;110;1;1;11;243;28
09458;URBANO SANTOS;0073;0018;55;144;1;8;6;254;40
09458;URBANO SANTOS;0073;0019;62;131;0;12;12;252;35
09458;URBANO SANTOS;0073;0020;39;155;0;8;16;252;34
09458;URBANO SANTOS;0073;0024;51;85;0;2;3;158;17
09458;URBANO SANTOS;0073;0025;45;91;0;1;5;160;18
09458;URBANO SANTOS;0073;0026;45;115;0;2;8;191;21
09458;URBANO SANTOS;0073;0027;50;117;0;2;7;194;18
09458;URBANO SANTOS;0073;0028;45;128;0;6;4;206;23
09458;URBANO SANTOS;0073;0029;15;289;1;1;2;326;18
09458;URBANO SANTOS;0073;0030;67;109;0;5;5;207;21
09458;URBANO SANTOS;0073;0032;34;138;0;1;8;206;25
09458;URBANO SANTOS;0073;0033;123;149;4;4;19;319;20
09458;URBANO SANTOS;0073;0034;123;140;2;9;7;299;18
09458;URBANO SANTOS;0073;0035;54;70;2;2;11;163;24
09458;URBANO SANTOS;0073;0036;124;141;2;7;3;296;19
09458;URBANO SANTOS;0073;0037;117;129;0;5;13;299;35
09458;URBANO SANTOS;0073;0038;41;130;0;3;4;192;14
09458;URBANO SANTOS;0073;0039;73;137;0;4;10;241;17
09458;URBANO SANTOS;0073;0040;114;129;2;2;6;283;30
09458;URBANO SANTOS;0073;0041;123;121;3;9;14;297;27
09458;URBANO SANTOS;0073;0047;56;153;0;2;14;239;14
09458;URBANO SANTOS;0073;0056;38;131;0;0;8;204;27
09458;URBANO SANTOS;0073;0060;31;132;0;1;7;179;8
09458;URBANO SANTOS;0073;0075;95;139;1;2;11;283;35
09458;URBANO SANTOS;0073;0076;114;151;0;5;13;308;25
09458;URBANO SANTOS;0073;0077;28;37;1;7;6;95;16
09458;URBANO SANTOS;0073;0078;87;140;0;5;10;299;57
09458;URBANO SANTOS;0073;0079;116;137;1;2;18;298;24
09458;URBANO SANTOS;0073;0080;119;156;1;9;11;325;29
09458;URBANO SANTOS;0073;0081;67;95;0;2;9;191;18
09458;URBANO SANTOS;0073;0082;113;115;2;1;18;270;21
09458;URBANO SANTOS;0073;0085;116;172;0;2;8;313;15
09458;URBANO SANTOS;0073;0091;130;114;0;7;5;279;23
09458;URBANO SANTOS;0073;0092;129;111;0;2;16;275;17
09458;URBANO SANTOS;0073;0095;121;134;2;4;13;293;19
09458;URBANO SANTOS;0073;0096;75;115;0;2;13;229;24
09458;URBANO SANTOS;0073;0101;123;117;2;1;17;286;26
09458;URBANO SANTOS;0073;0103;117;117;1;6;6;288;41
09458;URBANO SANTOS;0073;0104;73;149;0;8;8;269;31
09458;URBANO SANTOS;0073;0108;92;135;1;7;11;278;32
09458;URBANO SANTOS;0073;0109;28;109;0;2;4;154;11
09458;URBANO SANTOS;0073;0111;111;134;0;4;9;288;30
09458;URBANO SANTOS;0073;0113;124;115;1;1;11;272;20
09458;URBANO SANTOS;0073;0114;114;123;0;11;12;281;21
09458;URBANO SANTOS;0073;0119;110;123;2;4;7;263;17
09458;URBANO SANTOS;0073;0124;138;136;1;5;6;308;22
09458;URBANO SANTOS;0073;0126;86;73;0;3;2;180;16
09458;URBANO SANTOS;0073;0128;42;74;3;0;10;144;15
09458;URBANO SANTOS;0073;0132;119;125;1;4;10;275;16
09458;URBANO SANTOS;0073;0136;130;127;1;5;16;297;18
09458;URBANO SANTOS;0073;0140;53;141;1;4;4;228;25
09458;URBANO SANTOS;0073;0142;31;111;0;6;7;164;9
09458;URBANO SANTOS;0073;0146;35;146;0;1;11;208;15
09458;URBANO SANTOS;0073;0148;125;109;1;3;12;269;19
09458;URBANO SANTOS;0073;0150;17;242;0;2;4;285;20
09458;URBANO SANTOS;0073;0152;112;118;2;4;13;273;24
09458;URBANO SANTOS;0073;0155;125;117;0;6;13;281;20
09458;URBANO SANTOS;0073;0157;103;110;2;6;8;273;44
09458;URBANO SANTOS;0073;0158;96;124;1;12;6;259;20
09458;URBANO SANTOS;0073;0159;53;106;0;3;5;181;14
09458;URBANO SANTOS;0073;0161;59;97;0;3;10;198;29
09458;URBANO SANTOS;0073;0164;127;128;0;5;12;293;21
09458;URBANO SANTOS;0073;0165;117;109;0;0;8;247;13
09458;URBANO SANTOS;0073;0184;58;116;1;0;7;192;10
09458;URBANO SANTOS;0073;0186;47;99;1;6;8;176;15
09490;VIANA;0020;0001;108;83;0;2;2;206;11
09490;VIANA;0020;0002;120;65;1;0;12;204;6
09490;VIANA;0020;0003;118;60;2;2;7;207;18
09490;VIANA;0020;0004;142;54;0;2;7;216;11
09490;VIANA;0020;0005;131;55;1;1;7;208;13
09490;VIANA;0020;0006;124;60;0;1;6;207;16
09490;VIANA;0020;0007;165;69;5;5;9;264;11
09490;VIANA;0020;0008;171;54;2;2;9;247;9
09490;VIANA;0020;0009;122;64;1;3;5;200;5
09490;VIANA;0020;0010;124;58;2;2;7;208;15
09490;VIANA;0020;0011;105;74;2;2;4;201;14
09490;VIANA;0020;0014;109;52;0;2;10;189;16
09490;VIANA;0020;0015;120;77;1;2;3;221;18
09490;VIANA;0020;0016;125;53;1;3;7;202;13
09490;VIANA;0020;0017;128;50;1;3;8;207;17
09490;VIANA;0020;0018;144;53;1;1;4;219;16
09490;VIANA;0020;0019;141;49;1;4;13;216;8
09490;VIANA;0020;0020;140;60;1;6;10;235;18
09490;VIANA;0020;0021;152;55;1;5;10;240;17
09490;VIANA;0020;0022;143;50;0;3;14;220;10
09490;VIANA;0020;0023;122;65;0;2;9;210;12
09490;VIANA;0020;0024;116;56;1;6;7;199;13
09490;VIANA;0020;0025;139;55;1;5;6;216;10
09490;VIANA;0020;0026;106;57;0;0;5;184;16
09490;VIANA;0020;0027;113;43;1;4;9;183;13
09490;VIANA;0020;0028;145;48;1;1;4;207;8
09490;VIANA;0020;0029;167;63;1;4;11;266;20
09490;VIANA;0020;0030;76;135;0;1;9;236;15
09490;VIANA;0020;0031;172;57;4;3;11;264;17
09490;VIANA;0020;0032;104;73;1;2;7;201;14
09490;VIANA;0020;0033;122;77;2;5;4;224;14
09490;VIANA;0020;0034;73;89;1;4;7;193;19
09490;VIANA;0020;0035;115;59;0;2;8;200;16
09490;VIANA;0020;0036;117;57;0;3;7;199;15
09490;VIANA;0020;0041;91;61;0;2;6;170;10
09490;VIANA;0020;0042;130;36;0;0;4;184;14
09490;VIANA;0020;0043;122;47;1;8;5;204;21
09490;VIANA;0020;0044;124;57;0;2;17;226;26
09490;VIANA;0020;0045;128;57;1;5;13;229;25
09490;VIANA;0020;0046;72;67;1;3;4;156;9
09490;VIANA;0020;0047;73;48;0;1;9;151;20
09490;VIANA;0020;0048;69;92;1;1;5;178;10
09490;VIANA;0020;0049;67;104;2;2;6;192;11
09490;VIANA;0020;0050;79;64;1;0;2;165;19
09490;VIANA;0020;0051;77;68;0;0;5;161;11
09490;VIANA;0020;0052;65;88;0;1;4;185;27
09490;VIANA;0020;0053;78;62;0;0;10;178;28
09490;VIANA;0020;0060;114;110;0;8;13;268;23
09490;VIANA;0020;0061;56;67;2;3;12;165;25
09490;VIANA;0020;0062;133;69;0;2;15;241;22
09490;VIANA;0020;0063;70;71;0;0;10;172;21
09490;VIANA;0020;0064;168;53;1;6;13;260;19
09490;VIANA;0020;0065;115;97;4;7;6;246;17
09490;VIANA;0020;0069;56;73;0;4;6;156;17
09490;VIANA;0020;0070;93;99;0;8;7;251;44
09490;VIANA;0020;0071;117;60;3;1;6;199;12
09490;VIANA;0020;0072;142;48;0;7;9;216;10
09490;VIANA;0020;0075;180;60;1;2;5;255;7
09490;VIANA;0020;0079;98;91;0;0;9;210;12
09490;VIANA;0020;0080;116;48;2;3;9;229;51
09490;VIANA;0020;0081;83;58;0;1;5;154;7
09490;VIANA;0020;0084;194;64;1;2;3;277;13
09490;VIANA;0020;0087;80;69;0;1;10;184;24
09490;VIANA;0020;0089;93;114;0;1;19;241;14
09490;VIANA;0020;0090;202;70;1;4;7;306;22
09490;VIANA;0020;0091;163;77;0;1;15;267;11
09490;VIANA;0020;0095;139;55;4;2;7;215;8
09490;VIANA;0020;0097;197;56;0;7;6;279;13
09490;VIANA;0020;0098;156;61;0;7;2;239;13
09490;VIANA;0020;0099;74;71;0;2;8;181;26
09490;VIANA;0020;0100;91;93;0;0;8;207;15
09490;VIANA;0020;0101;147;40;1;2;12;214;12
09490;VIANA;0020;0102;142;69;1;6;13;242;11
09490;VIANA;0020;0103;102;78;0;4;6;208;18
09490;VIANA;0020;0104;162;53;2;4;16;252;15
09490;VIANA;0020;0105;80;43;0;3;7;146;13
09490;VIANA;0020;0106;47;65;1;2;5;125;5
09490;VIANA;0020;0107;180;68;1;5;7;282;21
09490;VIANA;0020;0108;95;86;1;3;15;217;17
09490;VIANA;0020;0109;55;105;0;1;6;192;25
09490;VIANA;0020;0110;141;51;4;3;9;213;5
09490;VIANA;0020;0111;60;67;1;1;12;160;19
09490;VIANA;0020;0112;178;70;0;4;6;278;20
09490;VIANA;0020;0113;163;65;1;4;7;258;18
09490;VIANA;0020;0114;185;77;2;2;12;291;13
09490;VIANA;0020;0115;65;59;3;3;9;150;11
09490;VIANA;0020;0116;183;59;1;3;6;268;16
09490;VIANA;0020;0157;180;80;0;4;5;282;13
09490;VIANA;0020;0158;159;45;2;5;9;243;23
09490;VIANA;0020;0160;71;66;0;0;0;154;17
09490;VIANA;0020;0161;155;69;1;3;10;250;12
09490;VIANA;0020;0162;133;52;0;4;15;216;12
09490;VIANA;0020;0163;149;57;1;1;10;233;15
09490;VIANA;0020;0164;117;68;0;3;10;231;33
09490;VIANA;0020;0166;128;56;0;1;20;224;19
09490;VIANA;0020;0168;124;43;1;10;7;220;35
09490;VIANA;0020;0169;56;31;0;3;4;105;11
09490;VIANA;0020;0172;66;41;0;2;2;121;10
09490;VIANA;0020;0173;93;84;0;1;9;216;29
09490;VIANA;0020;0174;40;31;0;2;2;82;7
09490;VIANA;0020;0175;156;56;1;5;6;236;12
09490;VIANA;0020;0177;141;59;1;1;5;224;17
09490;VIANA;0020;0178;124;60;1;3;3;217;26
09490;VIANA;0020;0181;170;73;0;3;6;260;8
09490;VIANA;0020;0182;190;52;2;1;7;262;10
09490;VIANA;0020;0183;42;102;0;4;4;168;16
09490;VIANA;0020;0188;74;42;0;0;4;179;59
09490;VIANA;0020;0189;40;23;0;1;4;84;16
09490;VIANA;0020;0190;152;68;0;2;7;243;14
09490;VIANA;0020;0191;69;87;4;2;2;175;11
09490;VIANA;0020;0192;50;59;1;0;4;120;6
09490;VIANA;0020;0193;178;48;2;1;7;253;17
09490;VIANA;0020;0194;39;33;1;1;6;110;30
09490;VIANA;0020;0195;179;45;3;7;6;246;6
09490;VIANA;0020;0197;191;61;0;4;4;275;15
09490;VIANA;0020;0200;129;46;0;5;8;201;13
09490;VIANA;0020;0201;174;49;0;2;5;238;8
09490;VIANA;0020;0202;143;35;1;3;6;196;8
09490;VIANA;0020;0203;67;60;0;4;5;139;3
09490;VIANA;0020;0205;12;55;2;1;7;84;7
09490;VIANA;0020;0206;136;54;2;4;7;216;13
09490;VIANA;0020;0207;136;52;1;0;7;210;14
09490;VIANA;0020;0209;29;78;0;0;0;113;6
09490;VIANA;0020;0210;72;60;0;4;3;154;15
09490;VIANA;0020;0211;46;14;0;0;1;69;8
09490;VIANA;0020;0212;182;40;3;1;5;239;8
09490;VIANA;0020;0214;176;73;1;4;3;269;12
09490;VIANA;0020;0215;126;53;1;6;13;208;9
09490;VIANA;0020;0216;140;51;2;5;2;219;19
09490;VIANA;0020;0218;138;45;1;5;6;207;12
09490;VIANA;0020;0220;71;64;0;4;3;160;18
09490;VIANA;0020;0221;167;54;2;4;11;243;5
09490;VIANA;0020;0224;64;51;1;5;5;135;9
09490;VIANA;0020;0227;108;69;0;2;4;185;2
09490;VIANA;0020;0233;170;36;1;4;5;227;11
09490;VIANA;0020;0234;150;64;2;4;12;246;14
09490;VIANA;0020;0235;112;52;1;4;5;199;25
09490;VIANA;0020;0236;127;45;0;3;1;185;9
09490;VIANA;0020;0238;122;50;0;5;13;202;12
09490;VIANA;0020;0239;150;41;0;8;5;216;12
09490;VIANA;0020;0242;68;43;5;2;2;176;56
09490;VIANA;0020;0245;90;43;1;2;3;153;14
09490;VIANA;0020;0248;45;47;0;1;7;108;8
09490;VIANA;0020;0249;195;62;0;3;10;288;18
09490;VIANA;0020;0251;186;56;1;3;6;262;10
09490;VIANA;0020;0256;26;20;0;0;2;69;21
09490;VIANA;0020;0257;168;48;1;5;12;252;18
09490;VIANA;0020;0258;49;36;0;0;3;100;12
09490;VIANA;0020;0259;196;72;0;7;9;299;15
09490;VIANA;0020;0260;196;63;1;4;10;288;14
09490;VIANA;0020;0261;21;39;0;0;2;66;4
09539;VITORINO FREIRE;0049;0001;121;73;2;6;20;255;33
09539;VITORINO FREIRE;0049;0002;142;59;4;8;25;269;31
09539;VITORINO FREIRE;0049;0003;159;73;5;6;16;285;26
09539;VITORINO FREIRE;0049;0004;109;37;2;5;9;186;24
09539;VITORINO FREIRE;0049;0005;86;50;5;6;15;187;25
09539;VITORINO FREIRE;0049;0006;100;50;4;6;13;194;21
09539;VITORINO FREIRE;0049;0007;99;28;1;4;11;160;17
09539;VITORINO FREIRE;0049;0008;102;34;2;1;9;169;21
09539;VITORINO FREIRE;0049;0009;102;49;2;8;13;203;29
09539;VITORINO FREIRE;0049;0010;112;32;6;7;10;197;30
09539;VITORINO FREIRE;0049;0011;114;27;4;13;13;190;19
09539;VITORINO FREIRE;0049;0012;110;43;1;6;12;193;21
09539;VITORINO FREIRE;0049;0013;107;34;2;13;13;188;19
09539;VITORINO FREIRE;0049;0014;184;58;6;4;15;295;28
09539;VITORINO FREIRE;0049;0015;205;61;4;7;13;306;16
09539;VITORINO FREIRE;0049;0016;197;69;5;6;8;301;16
09539;VITORINO FREIRE;0049;0017;201;59;7;6;11;306;22
09539;VITORINO FREIRE;0049;0018;183;75;6;9;9;300;18
09539;VITORINO FREIRE;0049;0019;203;42;5;6;10;287;21
09539;VITORINO FREIRE;0049;0020;192;53;2;11;13;293;22
09539;VITORINO FREIRE;0049;0021;172;66;2;8;11;285;26
09539;VITORINO FREIRE;0049;0022;127;45;2;3;13;205;15
09539;VITORINO FREIRE;0049;0023;113;51;2;4;19;209;20
09539;VITORINO FREIRE;0049;0024;137;43;2;10;8;217;17
09539;VITORINO FREIRE;0049;0025;108;67;0;7;6;203;15
09539;VITORINO FREIRE;0049;0026;92;60;1;7;11;186;15
09539;VITORINO FREIRE;0049;0027;99;42;2;3;8;164;10
09539;VITORINO FREIRE;0049;0029;152;64;7;5;5;241;8
09539;VITORINO FREIRE;0049;0030;166;54;0;5;12;257;20
09539;VITORINO FREIRE;0049;0033;126;43;4;8;10;205;14
09539;VITORINO FREIRE;0049;0034;120;41;1;3;14;191;12
09539;VITORINO FREIRE;0049;0035;47;74;1;2;3;140;13
09539;VITORINO FREIRE;0049;0037;110;68;1;5;7;209;18
09539;VITORINO FREIRE;0049;0038;109;81;1;8;15;227;13
09539;VITORINO FREIRE;0049;0039;100;68;2;4;10;200;16
09539;VITORINO FREIRE;0049;0040;114;69;5;2;7;219;22
09539;VITORINO FREIRE;0049;0041;83;36;3;8;14;168;24
09539;VITORINO FREIRE;0049;0043;114;52;6;13;14;224;25
09539;VITORINO FREIRE;0049;0044;108;44;2;5;17;191;15
09539;VITORINO FREIRE;0049;0045;93;52;3;4;6;178;20
09539;VITORINO FREIRE;0049;0046;112;40;2;4;8;183;17
09539;VITORINO FREIRE;0049;0048;140;104;1;7;11;287;24
09539;VITORINO FREIRE;0049;0049;130;80;3;8;9;242;12
09539;VITORINO FREIRE;0049;0050;126;74;1;4;18;243;20
09539;VITORINO FREIRE;0049;0051;106;65;0;7;4;200;18
09539;VITORINO FREIRE;0049;0052;89;41;3;6;12;170;19
09539;VITORINO FREIRE;0049;0053;117;65;1;10;13;217;11
09539;VITORINO FREIRE;0049;0054;91;66;4;8;8;191;14
09539;VITORINO FREIRE;0049;0056;122;58;4;5;10;221;22
09539;VITORINO FREIRE;0049;0057;140;36;3;8;15;217;15
09539;VITORINO FREIRE;0049;0069;178;58;5;4;15;293;33
09539;VITORINO FREIRE;0049;0076;123;69;2;6;7;225;18
09539;VITORINO FREIRE;0049;0079;85;67;1;12;7;191;19
09539;VITORINO FREIRE;0049;0085;206;60;3;10;9;329;41
09539;VITORINO FREIRE;0049;0093;98;40;0;13;21;201;29
09539;VITORINO FREIRE;0049;0094;166;53;1;5;14;262;23
09539;VITORINO FREIRE;0049;0095;71;99;0;3;7;196;16
09539;VITORINO FREIRE;0049;0096;90;27;4;4;8;140;7
09539;VITORINO FREIRE;0049;0097;115;55;0;6;10;231;45
09539;VITORINO FREIRE;0049;0098;85;30;1;7;9;155;23
09539;VITORINO FREIRE;0049;0101;72;58;5;6;6;165;18
09539;VITORINO FREIRE;0049;0102;71;41;0;3;4;145;26
09539;VITORINO FREIRE;0049;0103;62;102;1;3;3;183;12
09539;VITORINO FREIRE;0049;0107;189;51;0;11;20;303;32
09539;VITORINO FREIRE;0049;0112;134;62;3;12;22;281;48
09539;VITORINO FREIRE;0049;0127;54;57;0;0;5;133;17
09539;VITORINO FREIRE;0049;0128;171;62;5;24;11;293;20
09539;VITORINO FREIRE;0049;0129;127;60;1;12;13;221;8
09539;VITORINO FREIRE;0049;0139;99;35;3;2;17;169;13
09539;VITORINO FREIRE;0049;0140;121;47;1;6;8;199;16
09539;VITORINO FREIRE;0049;0141;133;60;4;10;16;249;26
09539;VITORINO FREIRE;0049;0142;69;75;1;7;11;193;30
09539;VITORINO FREIRE;0049;0144;95;63;1;2;3;177;13
09539;VITORINO FREIRE;0049;0150;155;74;3;8;20;276;16
09539;VITORINO FREIRE;0049;0154;119;63;3;9;22;267;51
09539;VITORINO FREIRE;0049;0159;62;47;0;9;8;132;6
09539;VITORINO FREIRE;0049;0161;174;59;1;8;18;283;23
09539;VITORINO FREIRE;0049;0163;46;22;3;1;6;95;17
09539;VITORINO FREIRE;0049;0164;115;27;5;9;14;195;25
09539;VITORINO FREIRE;0049;0170;149;45;0;7;18;257;38
09539;VITORINO FREIRE;0049;0188;144;74;3;11;16;271;23
09539;VITORINO FREIRE;0049;0193;115;83;0;5;17;263;43
09539;VITORINO FREIRE;0049;0198;137;68;6;10;15;258;22
09539;VITORINO FREIRE;0049;0248;95;68;4;2;8;183;6
09610;AÇAILÂNDIA;0071;0001;102;65;31;12;13;244;21
09610;AÇAILÂNDIA;0071;0002;121;62;28;5;12;249;21
09610;AÇAILÂNDIA;0071;0003;125;60;19;6;11;239;18
09610;AÇAILÂNDIA;0071;0004;124;54;29;5;11;237;14
09610;AÇAILÂNDIA;0071;0005;123;59;27;3;12;239;15
09610;AÇAILÂNDIA;0071;0025;154;79;18;11;7;283;14
09610;AÇAILÂNDIA;0071;0026;137;69;24;8;16;284;30
09610;AÇAILÂNDIA;0071;0027;147;77;32;5;10;285;14
09610;AÇAILÂNDIA;0071;0028;142;63;38;6;11;292;32
09610;AÇAILÂNDIA;0071;0029;65;41;22;2;8;156;18
09610;AÇAILÂNDIA;0071;0030;91;57;17;10;14;211;22
09610;AÇAILÂNDIA;0071;0032;95;53;17;14;11;216;26
09610;AÇAILÂNDIA;0071;0034;86;54;20;7;16;211;28
09610;AÇAILÂNDIA;0071;0040;95;63;16;9;13;228;32
09610;AÇAILÂNDIA;0071;0044;94;45;18;6;6;181;12
09610;AÇAILÂNDIA;0071;0045;102;56;23;2;15;220;22
09610;AÇAILÂNDIA;0071;0046;100;43;23;8;8;192;10
09610;AÇAILÂNDIA;0071;0047;88;49;20;5;6;182;14
09610;AÇAILÂNDIA;0071;0048;105;34;21;4;12;192;16
09610;AÇAILÂNDIA;0071;0049;111;26;19;5;7;179;11
09610;AÇAILÂNDIA;0071;0050;96;36;21;4;14;191;20
09610;AÇAILÂNDIA;0071;0051;145;72;27;13;14;300;29
09610;AÇAILÂNDIA;0071;0052;172;70;34;16;12;329;25
09610;AÇAILÂNDIA;0071;0053;126;69;34;18;16;289;26
09610;AÇAILÂNDIA;0071;0055;119;62;29;12;16;269;31
09610;AÇAILÂNDIA;0071;0057;130;74;34;11;19;295;27
09610;AÇAILÂNDIA;0071;0059;134;74;28;14;16;295;29
09610;AÇAILÂNDIA;0071;0062;130;69;28;3;10;259;19
09610;AÇAILÂNDIA;0071;0063;125;75;29;5;11;260;15
09610;AÇAILÂNDIA;0071;0064;135;67;25;7;9;261;18
09610;AÇAILÂNDIA;0071;0065;130;66;22;12;8;261;23
09610;AÇAILÂNDIA;0071;0070;89;43;20;3;10;185;20
09610;AÇAILÂNDIA;0071;0071;88;36;23;10;9;180;14
09610;AÇAILÂNDIA;0071;0072;129;62;34;8;15;257;9
09610;AÇAILÂNDIA;0071;0073;128;62;19;11;9;254;25
09610;AÇAILÂNDIA;0071;0075;130;80;31;10;20;297;26
09610;AÇAILÂNDIA;0071;0076;142;86;37;11;14;315;25
09610;AÇAILÂNDIA;0071;0077;71;35;11;5;8;144;14
09610;AÇAILÂNDIA;0071;0078;128;39;26;7;8;225;17
09610;AÇAILÂNDIA;0071;0079;115;48;18;11;13;228;23
09610;AÇAILÂNDIA;0071;0080;113;59;19;11;12;231;17
09610;AÇAILÂNDIA;0071;0081;101;52;22;11;12;216;18
09610;AÇAILÂNDIA;0071;0082;131;43;21;9;9;229;16
09610;AÇAILÂNDIA;0071;0083;113;60;25;3;14;228;13
09610;AÇAILÂNDIA;0071;0084;111;42;24;7;15;221;22
09610;AÇAILÂNDIA;0071;0085;104;50;27;9;6;214;18
09610;AÇAILÂNDIA;0071;0086;109;45;31;9;11;221;16
09610;AÇAILÂNDIA;0071;0087;132;73;25;13;19;285;23
09610;AÇAILÂNDIA;0071;0088;152;72;24;8;12;286;18
09610;AÇAILÂNDIA;0071;0089;144;68;33;5;17;289;22
09610;AÇAILÂNDIA;0071;0090;149;70;29;8;10;289;23
09610;AÇAILÂNDIA;0071;0091;135;67;35;11;10;286;28
09610;AÇAILÂNDIA;0071;0114;139;90;21;2;16;300;32
09610;AÇAILÂNDIA;0071;0116;97;52;13;3;23;215;27
09610;AÇAILÂNDIA;0071;0118;70;57;28;11;12;211;33
09610;AÇAILÂNDIA;0071;0119;75;52;26;10;16;206;27
09610;AÇAILÂNDIA;0071;0120;77;53;22;11;10;199;26
09610;AÇAILÂNDIA;0071;0121;74;66;33;7;8;214;26
09610;AÇAILÂNDIA;0071;0122;82;52;25;14;15;215;27
09610;AÇAILÂNDIA;0071;0124;60;75;21;1;13;179;9
09610;AÇAILÂNDIA;0071;0125;87;91;23;10;19;254;24
09610;AÇAILÂNDIA;0071;0126;137;76;29;6;19;302;35
09610;AÇAILÂNDIA;0071;0127;88;46;10;5;5;156;2
09610;AÇAILÂNDIA;0071;0129;111;83;24;15;16;271;22
09610;AÇAILÂNDIA;0071;0130;68;84;10;4;10;193;17
09610;AÇAILÂNDIA;0071;0133;35;42;18;5;12;128;16
09610;AÇAILÂNDIA;0071;0134;81;90;24;4;15;236;22
09610;AÇAILÂNDIA;0071;0136;147;65;23;5;21;291;30
09610;AÇAILÂNDIA;0071;0138;102;77;16;6;18;241;22
09610;AÇAILÂNDIA;0071;0141;93;67;20;7;13;225;25
09610;AÇAILÂNDIA;0071;0142;108;46;26;9;6;219;24
09610;AÇAILÂNDIA;0071;0148;100;73;31;18;15;272;35
09610;AÇAILÂNDIA;0071;0149;59;78;23;5;11;182;6
09610;AÇAILÂNDIA;0071;0153;92;97;20;7;12;247;19
09610;AÇAILÂNDIA;0071;0155;110;70;15;14;8;245;28
09610;AÇAILÂNDIA;0071;0162;94;74;23;7;7;233;28
09610;AÇAILÂNDIA;0071;0163;121;86;23;14;27;299;28
09610;AÇAILÂNDIA;0071;0164;108;80;19;9;21;270;33
09610;AÇAILÂNDIA;0071;0165;123;98;29;15;18;308;25
09610;AÇAILÂNDIA;0071;0167;95;56;24;1;10;217;31
09610;AÇAILÂNDIA;0071;0168;149;77;34;10;18;309;21
09610;AÇAILÂNDIA;0071;0169;109;41;19;8;7;192;8
09610;AÇAILÂNDIA;0071;0170;144;75;20;7;19;303;38
09610;AÇAILÂNDIA;0071;0171;89;67;26;3;20;231;26
09610;AÇAILÂNDIA;0071;0174;139;85;26;11;19;300;20
09610;AÇAILÂNDIA;0071;0179;127;85;19;10;10;273;22
09610;AÇAILÂNDIA;0071;0180;118;108;20;16;15;305;28
09610;AÇAILÂNDIA;0071;0182;149;74;40;6;14;308;25
09610;AÇAILÂNDIA;0071;0183;90;69;22;12;21;242;28
09610;AÇAILÂNDIA;0071;0184;121;69;21;9;12;257;25
09610;AÇAILÂNDIA;0071;0185;120;86;21;13;16;289;33
09610;AÇAILÂNDIA;0071;0186;99;63;35;14;14;259;34
09610;AÇAILÂNDIA;0071;0192;143;85;24;14;10;300;24
09610;AÇAILÂNDIA;0071;0197;123;87;23;8;16;285;28
09610;AÇAILÂNDIA;0071;0198;119;78;29;9;9;277;33
09610;AÇAILÂNDIA;0071;0199;87;69;37;10;23;256;30
09610;AÇAILÂNDIA;0071;0200;68;50;15;6;7;167;21
09610;AÇAILÂNDIA;0071;0201;105;68;22;11;9;243;28
09610;AÇAILÂNDIA;0071;0202;145;83;24;13;21;310;24
09610;AÇAILÂNDIA;0071;0205;81;112;16;12;19;265;25
09610;AÇAILÂNDIA;0071;0206;119;67;23;9;10;246;18
09610;AÇAILÂNDIA;0071;0209;71;78;17;14;7;220;33
09610;AÇAILÂNDIA;0071;0212;63;44;14;14;15;163;13
09610;AÇAILÂNDIA;0071;0213;84;69;28;6;20;229;22
09610;AÇAILÂNDIA;0071;0216;98;100;17;15;23;275;22
09610;AÇAILÂNDIA;0071;0217;109;86;23;5;15;273;35
09610;AÇAILÂNDIA;0071;0218;72;142;20;2;21;270;13
09610;AÇAILÂNDIA;0071;0219;94;72;33;10;17;252;26
09610;AÇAILÂNDIA;0071;0222;159;69;22;7;16;297;24
09610;AÇAILÂNDIA;0071;0271;92;91;19;18;23;268;25
09610;AÇAILÂNDIA;0071;0276;113;87;15;12;17;273;29
09610;AÇAILÂNDIA;0071;0278;104;66;30;16;12;255;27
09610;AÇAILÂNDIA;0071;0282;82;45;16;12;7;172;10
09610;AÇAILÂNDIA;0071;0283;118;76;34;12;25;283;18
09610;AÇAILÂNDIA;0071;0288;95;101;15;14;23;270;22
09610;AÇAILÂNDIA;0071;0291;107;48;33;17;14;233;14
09610;AÇAILÂNDIA;0071;0293;97;59;20;10;7;209;16
09610;AÇAILÂNDIA;0071;0303;85;103;16;8;18;257;27
09610;AÇAILÂNDIA;0071;0310;94;71;17;11;17;232;22
09610;AÇAILÂNDIA;0071;0311;122;64;20;10;6;235;13
09610;AÇAILÂNDIA;0071;0312;108;84;16;6;16;249;19
09610;AÇAILÂNDIA;0071;0315;94;118;10;10;15;270;23
09610;AÇAILÂNDIA;0071;0317;147;79;22;12;19;305;26
09610;AÇAILÂNDIA;0071;0319;96;81;18;6;14;246;31
09610;AÇAILÂNDIA;0071;0320;98;65;26;11;14;243;29
09610;AÇAILÂNDIA;0071;0321;128;83;24;6;14;273;18
09610;AÇAILÂNDIA;0071;0323;91;75;22;8;13;230;21
09610;AÇAILÂNDIA;0071;0329;110;81;17;8;15;254;23
09610;AÇAILÂNDIA;0071;0330;107;81;24;7;14;256;23
09610;AÇAILÂNDIA;0071;0331;91;93;12;11;12;243;24
09610;AÇAILÂNDIA;0071;0332;78;96;11;7;25;251;34
09610;AÇAILÂNDIA;0071;0333;144;71;26;8;11;279;19
09610;AÇAILÂNDIA;0071;0334;54;50;4;6;8;181;59
09610;AÇAILÂNDIA;0071;0336;121;55;23;10;6;235;20
09610;AÇAILÂNDIA;0071;0337;97;64;26;11;18;245;29
09610;AÇAILÂNDIA;0071;0338;86;85;14;12;23;245;25
09610;AÇAILÂNDIA;0071;0339;111;77;26;8;22;272;28
09610;AÇAILÂNDIA;0071;0340;83;95;23;9;11;242;21
09610;AÇAILÂNDIA;0071;0341;95;58;29;7;13;226;24
09610;AÇAILÂNDIA;0071;0342;92;109;12;16;16;269;24
09610;AÇAILÂNDIA;0071;0343;146;81;26;10;15;298;20
09610;AÇAILÂNDIA;0071;0344;91;83;21;9;15;263;44
09610;AÇAILÂNDIA;0071;0345;85;68;15;7;10;201;16
09610;AÇAILÂNDIA;0071;0346;71;68;23;13;16;224;33
09610;AÇAILÂNDIA;0071;0347;96;72;24;9;7;243;35
09610;AÇAILÂNDIA;0071;0348;105;78;34;10;16;269;26
09610;AÇAILÂNDIA;0071;0350;27;61;5;9;10;141;29
09610;AÇAILÂNDIA;0071;0351;71;63;23;9;6;201;29
09610;AÇAILÂNDIA;0071;0352;102;75;27;12;8;255;31
09610;AÇAILÂNDIA;0071;0353;48;23;2;3;3;101;22
09610;AÇAILÂNDIA;0071;0354;73;76;9;14;9;195;14
09610;AÇAILÂNDIA;0071;0355;118;79;24;18;18;276;19
09610;AÇAILÂNDIA;0071;0357;71;77;22;13;16;222;23
09610;AÇAILÂNDIA;0071;0358;146;69;28;14;15;302;30
09610;AÇAILÂNDIA;0071;0359;100;68;40;10;13;251;20
09610;AÇAILÂNDIA;0071;0362;63;67;11;7;16;186;22
09610;AÇAILÂNDIA;0071;0363;94;36;15;5;6;167;11
09610;AÇAILÂNDIA;0071;0364;70;62;19;1;9;173;12
09610;AÇAILÂNDIA;0071;0365;118;82;18;4;18;269;29
09610;AÇAILÂNDIA;0071;0368;93;62;12;16;17;221;21
09610;AÇAILÂNDIA;0071;0369;109;52;19;8;15;225;22
09610;AÇAILÂNDIA;0071;0370;121;86;24;9;14;272;18
09610;AÇAILÂNDIA;0071;0372;116;59;23;9;8;243;28
09610;AÇAILÂNDIA;0071;0373;55;70;13;8;11;181;24
09610;AÇAILÂNDIA;0071;0375;78;79;9;11;7;199;15
09610;AÇAILÂNDIA;0071;0377;63;43;7;8;8;166;37
09610;AÇAILÂNDIA;0071;0378;110;72;23;5;11;244;23
09610;AÇAILÂNDIA;0071;0381;120;59;19;10;20;253;25
09610;AÇAILÂNDIA;0071;0382;111;95;17;12;18;282;29
09610;AÇAILÂNDIA;0071;0385;142;57;34;10;13;287;31
09610;AÇAILÂNDIA;0071;0387;152;75;27;7;11;289;17
09610;AÇAILÂNDIA;0071;0388;118;97;21;11;28;291;16
09610;AÇAILÂNDIA;0071;0390;27;37;10;4;4;134;52
09610;AÇAILÂNDIA;0071;0391;125;66;23;6;11;251;20
09610;AÇAILÂNDIA;0071;0392;101;81;33;15;18;272;24
09610;AÇAILÂNDIA;0071;0393;87;76;19;7;15;234;30
09610;AÇAILÂNDIA;0071;0394;113;84;26;12;29;287;23
09610;AÇAILÂNDIA;0071;0395;79;103;23;5;14;251;27
09610;AÇAILÂNDIA;0071;0396;89;55;25;4;20;230;37
09610;AÇAILÂNDIA;0071;0397;151;73;29;8;23;311;27
09610;AÇAILÂNDIA;0071;0398;67;77;12;10;14;203;23
09610;AÇAILÂNDIA;0071;0399;110;83;29;10;20;274;22
09610;AÇAILÂNDIA;0071;0400;113;52;21;13;12;234;23
09610;AÇAILÂNDIA;0071;0401;152;66;34;3;16;293;22
09610;AÇAILÂNDIA;0071;0402;106;51;11;16;18;230;28
09610;AÇAILÂNDIA;0071;0403;141;78;23;10;14;291;25
09610;AÇAILÂNDIA;0071;0404;139;62;25;4;8;252;14
09610;AÇAILÂNDIA;0071;0405;121;67;26;4;16;249;15
09610;AÇAILÂNDIA;0071;0406;115;56;16;10;14;231;20
09610;AÇAILÂNDIA;0071;0407;105;76;33;10;22;282;36
09610;AÇAILÂNDIA;0071;0408;74;70;14;12;16;203;17
09610;AÇAILÂNDIA;0071;0409;137;63;24;8;20;266;14
09610;AÇAILÂNDIA;0071;0410;107;61;17;14;12;224;13
09610;AÇAILÂNDIA;0071;0411;154;64;21;10;10;283;24
09610;AÇAILÂNDIA;0071;0412;126;76;24;11;10;263;16
09610;AÇAILÂNDIA;0071;0413;70;63;17;8;12;187;17
09610;AÇAILÂNDIA;0071;0414;114;47;25;12;7;217;12
09610;AÇAILÂNDIA;0071;0415;92;60;28;13;11;217;13
09610;AÇAILÂNDIA;0071;0416;132;58;31;9;8;261;23
09610;AÇAILÂNDIA;0071;0421;110;71;24;11;14;252;22
09610;AÇAILÂNDIA;0071;0427;93;47;22;6;8;198;22
09610;AÇAILÂNDIA;0071;0429;100;55;16;9;9;203;14
09610;AÇAILÂNDIA;0071;0431;107;69;22;11;8;230;13
09610;AÇAILÂNDIA;0071;0436;81;73;15;6;9;206;22
09610;AÇAILÂNDIA;0071;0437;93;71;18;11;13;239;33
09610;AÇAILÂNDIA;0071;0438;32;60;5;8;2;245;138
09610;AÇAILÂNDIA;0071;0439;38;63;16;3;9;252;123
09610;AÇAILÂNDIA;0071;0440;138;75;35;6;9;285;22
09610;AÇAILÂNDIA;0071;0442;145;79;20;9;14;289;22
09610;AÇAILÂNDIA;0071;0444;151;73;31;6;13;296;22
09610;AÇAILÂNDIA;0071;0446;123;79;37;12;13;285;21
09610;AÇAILÂNDIA;0071;0448;140;77;34;8;12;293;22
09610;AÇAILÂNDIA;0071;0450;136;74;31;6;10;278;21
09610;AÇAILÂNDIA;0071;0452;42;91;7;1;17;187;29
09610;AÇAILÂNDIA;0071;0453;43;42;5;2;7;115;16
09610;AÇAILÂNDIA;0071;0454;135;92;12;5;15;292;33
09610;AÇAILÂNDIA;0071;0456;120;96;21;5;19;296;35
09610;AÇAILÂNDIA;0071;0458;110;74;21;7;19;250;19
09610;AÇAILÂNDIA;0071;0459;126;80;21;8;12;268;21
09610;AÇAILÂNDIA;0071;0460;124;81;27;9;14;269;14
09610;AÇAILÂNDIA;0071;0461;120;86;26;7;6;267;22
09610;AÇAILÂNDIA;0071;0462;120;82;19;6;13;254;14
09610;AÇAILÂNDIA;0071;0463;113;80;24;9;6;249;17
09610;AÇAILÂNDIA;0071;0464;117;69;23;5;13;240;13
09610;AÇAILÂNDIA;0071;0465;55;54;14;2;9;161;27
09610;AÇAILÂNDIA;0071;0468;95;52;31;5;13;238;42
09610;AÇAILÂNDIA;0071;0469;52;111;15;8;7;231;38
09610;AÇAILÂNDIA;0071;0470;60;95;16;4;10;229;44
09610;AÇAILÂNDIA;0071;0471;68;96;20;3;12;236;37
09610;AÇAILÂNDIA;0071;0472;100;44;19;5;14;199;17
09610;AÇAILÂNDIA;0071;0473;94;62;15;7;8;203;17
09610;AÇAILÂNDIA;0071;0474;117;49;16;10;3;212;17
09610;AÇAILÂNDIA;0071;0475;103;50;22;14;9;214;16
09610;AÇAILÂNDIA;0071;0476;106;59;13;6;9;208;15
09610;AÇAILÂNDIA;0071;0477;97;52;16;5;13;200;17
09610;AÇAILÂNDIA;0071;0478;112;44;18;9;8;206;15
09610;AÇAILÂNDIA;0071;0479;100;58;14;9;7;199;11
09610;AÇAILÂNDIA;0071;0483;90;58;22;8;10;203;15
09610;AÇAILÂNDIA;0071;0484;20;88;5;5;5;197;74
09610;AÇAILÂNDIA;0071;0485;41;76;13;4;8;199;57
09610;AÇAILÂNDIA;0071;0486;27;88;12;7;5;183;44
09610;AÇAILÂNDIA;0071;0488;166;71;31;21;9;320;22
09610;AÇAILÂNDIA;0071;0489;106;88;19;25;15;277;24
09610;AÇAILÂNDIA;0071;0490;83;98;19;7;14;242;21
09610;AÇAILÂNDIA;0071;0491;39;27;14;11;11;174;72
09610;AÇAILÂNDIA;0071;0492;84;71;8;6;19;210;22
09610;AÇAILÂNDIA;0071;0493;100;64;29;18;12;243;20
09610;AÇAILÂNDIA;0071;0494;109;62;26;19;11;246;19
09610;AÇAILÂNDIA;0071;0495;100;56;26;10;14;246;40
09610;AÇAILÂNDIA;0071;0496;139;58;30;12;7;271;25
09610;AÇAILÂNDIA;0071;0497;126;52;20;19;4;243;22
09610;AÇAILÂNDIA;0071;0499;91;65;16;9;9;208;18
09610;AÇAILÂNDIA;0071;0500;62;109;8;7;9;230;35
09610;AÇAILÂNDIA;0071;0501;82;50;30;5;10;196;19
09610;AÇAILÂNDIA;0071;0502;106;84;15;10;11;247;21
09610;AÇAILÂNDIA;0071;0505;111;90;16;6;14;265;28
09610;AÇAILÂNDIA;0071;0506;82;55;16;8;12;205;32
09610;AÇAILÂNDIA;0071;0507;160;56;22;11;5;279;25
09610;AÇAILÂNDIA;0071;0508;83;102;20;10;10;251;26
09610;AÇAILÂNDIA;0071;0509;58;26;12;3;6;119;14
09610;AÇAILÂNDIA;0071;0513;148;67;34;7;7;299;36
09610;AÇAILÂNDIA;0071;0515;48;100;13;7;16;203;19
07242;DAVINÓPOLIS;0065;0786;111;122;7;4;9;281;28
07242;DAVINÓPOLIS;0065;0787;131;112;6;4;5;288;30
07242;DAVINÓPOLIS;0065;0788;111;120;6;1;7;288;43
07242;DAVINÓPOLIS;0065;0789;120;124;7;6;7;301;37
07242;DAVINÓPOLIS;0065;0790;110;118;7;7;12;294;40
07242;DAVINÓPOLIS;0065;0791;119;126;8;5;7;292;27
07242;DAVINÓPOLIS;0065;0792;128;129;7;3;5;309;37
07242;DAVINÓPOLIS;0065;0793;105;117;7;8;13;281;31
07242;DAVINÓPOLIS;0065;0794;113;115;6;8;10;286;34
07242;DAVINÓPOLIS;0065;0795;129;119;12;4;10;303;29
07242;DAVINÓPOLIS;0065;0796;139;110;5;1;17;307;35
07242;DAVINÓPOLIS;0065;0797;126;119;5;8;5;302;39
07242;DAVINÓPOLIS;0065;0798;144;117;4;5;7;313;36
07242;DAVINÓPOLIS;0065;0799;126;120;11;3;14;313;39
07242;DAVINÓPOLIS;0065;0800;142;99;5;4;13;305;42
07242;DAVINÓPOLIS;0065;0801;143;120;7;8;8;313;27
07242;DAVINÓPOLIS;0065;0802;148;119;5;9;7;306;18
07242;DAVINÓPOLIS;0065;0803;62;135;1;5;8;239;28
07242;DAVINÓPOLIS;0065;0804;86;118;0;3;4;234;23
07242;DAVINÓPOLIS;0065;0805;69;133;2;2;6;234;22
07242;DAVINÓPOLIS;0065;0806;112;127;9;12;16;314;38
07242;DAVINÓPOLIS;0065;0807;111;129;10;5;12;304;37
07242;DAVINÓPOLIS;0065;0808;105;141;8;7;10;306;35
07242;DAVINÓPOLIS;0065;0809;122;133;2;5;10;305;33
07242;DAVINÓPOLIS;0065;0810;136;129;4;7;7;318;35
07242;DAVINÓPOLIS;0065;0811;146;115;6;2;7;308;32
07242;DAVINÓPOLIS;0065;0812;128;135;6;6;15;316;26
07242;DAVINÓPOLIS;0065;0813;105;99;5;3;7;251;32
07242;DAVINÓPOLIS;0065;0814;102;109;2;5;8;250;24
07242;DAVINÓPOLIS;0065;0815;92;114;7;5;8;248;22
07242;DAVINÓPOLIS;0065;0816;104;116;6;5;9;269;29
07242;DAVINÓPOLIS;0065;0817;106;100;4;9;8;254;27
07242;DAVINÓPOLIS;0065;0818;4;9;0;0;0;17;4
07242;DAVINÓPOLIS;0065;0819;115;94;7;6;7;250;21
07242;DAVINÓPOLIS;0065;0820;43;43;0;1;2;104;15
07242;DAVINÓPOLIS;0065;0821;32;40;5;1;5;100;17
07242;DAVINÓPOLIS;0065;0844;67;60;6;5;6;159;15
07358;BENEDITO LEITE;0017;0096;60;105;0;2;8;187;12
07358;BENEDITO LEITE;0017;0097;62;107;2;0;7;186;8
07358;BENEDITO LEITE;0017;0098;61;113;0;3;8;191;6
07358;BENEDITO LEITE;0017;0099;64;109;1;1;1;183;7
07358;BENEDITO LEITE;0017;0100;80;166;4;1;11;285;23
07358;BENEDITO LEITE;0017;0101;83;145;0;1;28;282;25
07358;BENEDITO LEITE;0017;0102;78;158;1;4;16;273;16
07358;BENEDITO LEITE;0017;0104;83;156;6;6;17;287;19
07358;BENEDITO LEITE;0017;0106;66;140;0;5;18;242;13
07358;BENEDITO LEITE;0017;0107;72;134;2;5;11;237;13
07358;BENEDITO LEITE;0017;0108;80;141;2;0;17;255;15
07358;BENEDITO LEITE;0017;0109;77;132;1;2;12;237;13
07358;BENEDITO LEITE;0017;0110;82;161;0;2;14;272;13
07358;BENEDITO LEITE;0017;0111;95;184;1;12;7;317;18
07358;BENEDITO LEITE;0017;0112;108;184;2;4;11;323;14
07366;BURITIRANA;0058;0052;71;85;1;7;13;200;23
07366;BURITIRANA;0058;0053;68;84;3;2;22;197;18
07366;BURITIRANA;0058;0054;61;103;5;5;13;203;16
07366;BURITIRANA;0058;0055;76;90;2;10;9;201;14
07366;BURITIRANA;0058;0056;107;97;7;4;16;253;22
07366;BURITIRANA;0058;0057;110;101;9;3;10;248;15
07366;BURITIRANA;0058;0058;116;115;4;6;8;267;18
07366;BURITIRANA;0058;0059;92;122;5;4;9;246;14
07366;BURITIRANA;0058;0060;101;134;5;5;19;279;15
07366;BURITIRANA;0058;0062;129;82;12;3;24;274;24
07366;BURITIRANA;0058;0064;134;83;6;7;19;281;32
07366;BURITIRANA;0058;0066;76;91;11;9;14;211;10
07366;BURITIRANA;0058;0067;76;87;8;4;11;198;12
07366;BURITIRANA;0058;0068;96;72;9;2;10;196;7
07366;BURITIRANA;0058;0086;88;99;7;6;10;244;34
07366;BURITIRANA;0058;0087;97;97;2;3;12;253;42
07366;BURITIRANA;0058;0091;83;65;4;6;16;187;13
07366;BURITIRANA;0058;0092;85;90;4;1;7;196;9
07366;BURITIRANA;0058;0093;82;97;3;3;15;221;21
07366;BURITIRANA;0058;0094;85;109;8;7;9;234;16
07366;BURITIRANA;0058;0095;75;50;3;2;8;151;13
07366;BURITIRANA;0058;0108;85;136;6;4;7;245;7
07366;BURITIRANA;0058;0121;37;85;2;3;13;147;7
07366;BURITIRANA;0058;0123;96;108;2;6;19;244;13
07366;BURITIRANA;0058;0126;37;23;0;1;3;67;3
07366;BURITIRANA;0058;0127;96;91;2;2;14;221;16
07366;BURITIRANA;0058;0136;87;105;5;5;10;242;30
07366;BURITIRANA;0058;0138;102;134;5;2;7;269;19
07366;BURITIRANA;0058;0141;32;46;2;3;3;91;5
07366;BURITIRANA;0058;0143;85;83;2;7;11;202;14
07366;BURITIRANA;0058;0155;60;36;1;3;9;126;17
07366;BURITIRANA;0058;0156;93;61;7;2;8;186;15
07366;BURITIRANA;0058;0157;60;68;1;7;9;167;22
07366;BURITIRANA;0058;0161;54;70;7;1;8;153;13
07366;BURITIRANA;0058;0164;93;100;7;5;13;224;6
07366;BURITIRANA;0058;0171;56;66;1;1;12;160;24
07366;BURITIRANA;0058;0172;121;112;7;6;12;272;14
07366;BURITIRANA;0058;0180;70;55;2;7;10;158;14
07366;BURITIRANA;0058;0191;65;67;1;9;7;161;12
07366;BURITIRANA;0058;0194;68;45;1;2;3;127;8
07366;BURITIRANA;0058;0201;93;68;9;6;13;210;21
07366;BURITIRANA;0058;0202;98;74;8;1;13;199;5
07366;BURITIRANA;0058;0205;108;98;6;3;9;233;9
07382;CAMPESTRE DO MARANHÃO;0046;0022;78;83;4;1;11;198;21
07382;CAMPESTRE DO MARANHÃO;0046;0023;67;71;3;1;5;180;33
07382;CAMPESTRE DO MARANHÃO;0046;0024;66;82;4;2;8;188;26
07382;CAMPESTRE DO MARANHÃO;0046;0025;76;79;7;3;6;198;27
07382;CAMPESTRE DO MARANHÃO;0046;0026;65;86;3;1;10;193;28
07382;CAMPESTRE DO MARANHÃO;0046;0027;94;79;6;3;6;219;31
07382;CAMPESTRE DO MARANHÃO;0046;0028;100;61;2;9;5;205;28
07382;CAMPESTRE DO MARANHÃO;0046;0029;73;60;5;4;8;185;35
07382;CAMPESTRE DO MARANHÃO;0046;0030;90;77;2;2;8;205;26
07382;CAMPESTRE DO MARANHÃO;0046;0031;89;73;2;5;5;199;25
07382;CAMPESTRE DO MARANHÃO;0046;0050;94;75;6;7;4;205;19
07382;CAMPESTRE DO MARANHÃO;0046;0052;95;80;1;1;8;210;25
07382;CAMPESTRE DO MARANHÃO;0046;0057;138;98;2;9;12;299;40
07382;CAMPESTRE DO MARANHÃO;0046;0060;97;72;2;3;6;201;21
07382;CAMPESTRE DO MARANHÃO;0046;0064;80;81;3;5;4;195;22
07382;CAMPESTRE DO MARANHÃO;0046;0066;101;129;1;4;9;272;28
07382;CAMPESTRE DO MARANHÃO;0046;0067;121;114;3;2;9;269;20
07382;CAMPESTRE DO MARANHÃO;0046;0069;129;127;5;3;8;301;29
07382;CAMPESTRE DO MARANHÃO;0046;0072;107;114;5;7;11;266;22
07382;CAMPESTRE DO MARANHÃO;0046;0084;129;103;4;9;12;280;23
07382;CAMPESTRE DO MARANHÃO;0046;0087;84;73;2;5;5;190;21
07382;CAMPESTRE DO MARANHÃO;0046;0094;111;123;1;1;6;265;23
07382;CAMPESTRE DO MARANHÃO;0046;0095;77;71;3;4;7;197;35
07382;CAMPESTRE DO MARANHÃO;0046;0100;136;102;6;5;12;280;19
07382;CAMPESTRE DO MARANHÃO;0046;0105;99;130;3;9;11;279;27
07382;CAMPESTRE DO MARANHÃO;0046;0110;122;104;3;8;9;270;24
07382;CAMPESTRE DO MARANHÃO;0046;0116;89;123;5;8;6;253;22
07382;CAMPESTRE DO MARANHÃO;0046;0128;88;77;6;3;6;200;20
07382;CAMPESTRE DO MARANHÃO;0046;0129;117;118;3;3;6;261;14
07382;CAMPESTRE DO MARANHÃO;0046;0130;106;107;4;7;14;272;34
07382;CAMPESTRE DO MARANHÃO;0046;0131;61;45;6;0;2;121;7
07382;CAMPESTRE DO MARANHÃO;0046;0132;127;100;1;5;9;275;33
07382;CAMPESTRE DO MARANHÃO;0046;0145;151;90;2;8;9;282;22
07382;CAMPESTRE DO MARANHÃO;0046;0154;95;65;1;1;2;178;14
07439;BURITI BRAVO;0044;0013;69;94;1;6;10;196;16
07439;BURITI BRAVO;0044;0014;52;96;4;4;14;184;14
07439;BURITI BRAVO;0044;0015;64;86;2;2;12;189;23
07439;BURITI BRAVO;0044;0016;71;97;0;4;9;192;11
07439;BURITI BRAVO;0044;0017;77;86;1;5;10;188;9
07439;BURITI BRAVO;0044;0018;71;100;0;8;8;199;12
07439;BURITI BRAVO;0044;0019;76;90;0;3;10;189;10
07439;BURITI BRAVO;0044;0020;85;121;2;3;8;228;9
07439;BURITI BRAVO;0044;0021;77;124;2;8;8;231;12
07439;BURITI BRAVO;0044;0022;86;111;1;3;12;220;7
07439;BURITI BRAVO;0044;0047;60;105;2;2;16;196;11
07439;BURITI BRAVO;0044;0051;58;108;4;2;21;208;15
07439;BURITI BRAVO;0044;0052;66;106;2;5;7;218;32
07439;BURITI BRAVO;0044;0055;68;129;1;4;8;221;11
07439;BURITI BRAVO;0044;0062;83;112;2;2;11;216;6
07439;BURITI BRAVO;0044;0063;80;111;0;9;4;214;10
07439;BURITI BRAVO;0044;0066;60;99;1;3;17;212;32
07439;BURITI BRAVO;0044;0100;87;116;0;1;11;238;23
07439;BURITI BRAVO;0044;0101;84;99;1;3;9;211;15
07439;BURITI BRAVO;0044;0105;56;116;1;3;22;217;19
07439;BURITI BRAVO;0044;0106;39;92;0;3;8;155;13
07439;BURITI BRAVO;0044;0111;77;108;5;4;17;222;11
07439;BURITI BRAVO;0044;0115;77;142;0;5;17;262;21
07439;BURITI BRAVO;0044;0116;77;109;1;6;22;234;19
07439;BURITI BRAVO;0044;0117;65;94;1;5;9;192;18
07439;BURITI BRAVO;0044;0118;62;118;3;5;14;224;22
07439;BURITI BRAVO;0044;0119;65;125;3;2;13;220;12
07439;BURITI BRAVO;0044;0120;67;136;1;5;14;239;16
07439;BURITI BRAVO;0044;0121;58;110;0;1;17;206;20
07439;BURITI BRAVO;0044;0122;73;103;2;6;22;225;19
07439;BURITI BRAVO;0044;0126;53;82;0;2;13;155;5
07439;BURITI BRAVO;0044;0127;58;73;2;3;9;159;14
07439;BURITI BRAVO;0044;0128;48;74;2;2;8;154;20
07439;BURITI BRAVO;0044;0129;48;77;1;2;11;154;15
07439;BURITI BRAVO;0044;0130;62;121;1;6;6;216;20
07439;BURITI BRAVO;0044;0131;64;115;1;1;10;197;6
07439;BURITI BRAVO;0044;0132;59;95;4;6;19;202;19
07439;BURITI BRAVO;0044;0133;68;90;1;3;16;191;13
07439;BURITI BRAVO;0044;0134;59;95;2;5;19;190;10
07439;BURITI BRAVO;0044;0135;90;80;0;6;9;195;10
07439;BURITI BRAVO;0044;0136;74;90;0;7;13;197;13
07439;BURITI BRAVO;0044;0137;64;90;1;6;13;192;18
07439;BURITI BRAVO;0044;0148;87;117;2;5;10;235;14
07439;BURITI BRAVO;0044;0149;85;122;0;4;7;229;11
07439;BURITI BRAVO;0044;0150;83;120;0;5;9;229;12
07439;BURITI BRAVO;0044;0151;79;129;0;3;11;234;12
07439;BURITI BRAVO;0044;0152;76;113;2;5;20;229;13
07439;BURITI BRAVO;0044;0153;94;111;2;9;11;246;19
07439;BURITI BRAVO;0044;0154;84;127;1;7;10;242;13
07439;BURITI BRAVO;0044;0155;87;106;0;1;24;230;12
07439;BURITI BRAVO;0044;0156;82;127;1;3;10;240;17
07439;BURITI BRAVO;0044;0157;63;100;1;1;20;204;19
07439;BURITI BRAVO;0044;0158;66;111;1;3;14;201;6
07439;BURITI BRAVO;0044;0159;82;120;0;6;12;230;10
07439;BURITI BRAVO;0044;0160;77;111;2;2;11;213;10
07439;BURITI BRAVO;0044;0161;68;95;0;3;10;182;6
07439;BURITI BRAVO;0044;0162;62;94;1;6;12;189;14
07439;BURITI BRAVO;0044;0163;84;83;1;3;8;186;7
07439;BURITI BRAVO;0044;0164;66;93;1;3;12;187;12
07439;BURITI BRAVO;0044;0165;76;83;0;4;10;186;13
07439;BURITI BRAVO;0044;0166;67;81;2;4;10;177;13
07439;BURITI BRAVO;0044;0167;71;109;2;2;17;216;15
07439;BURITI BRAVO;0044;0168;56;104;0;7;13;200;20
07439;BURITI BRAVO;0044;0169;76;86;0;6;15;194;11
07439;BURITI BRAVO;0044;0170;57;113;0;4;7;192;11
07439;BURITI BRAVO;0044;0171;67;107;0;2;11;200;13
07439;BURITI BRAVO;0044;0175;47;59;0;2;5;118;5
07617;CHAPADINHA;0042;0001;192;64;3;13;14;316;30
07617;CHAPADINHA;0042;0002;184;79;0;12;14;320;31
07617;CHAPADINHA;0042;0003;201;75;4;10;9;319;20
07617;CHAPADINHA;0042;0004;206;82;6;7;10;333;22
07617;CHAPADINHA;0042;0005;198;80;7;16;14;337;22
07617;CHAPADINHA;0042;0006;213;77;3;11;13;344;27
07617;CHAPADINHA;0042;0007;214;58;5;8;15;321;21
07617;CHAPADINHA;0042;0008;222;63;9;8;12;340;26
07617;CHAPADINHA;0042;0009;236;77;4;7;4;351;23
07617;CHAPADINHA;0042;0010;198;53;3;7;17;303;25
07617;CHAPADINHA;0042;0011;181;70;3;18;18;316;26
07617;CHAPADINHA;0042;0012;177;67;2;9;17;303;31
07617;CHAPADINHA;0042;0013;169;53;1;6;17;278;32
07617;CHAPADINHA;0042;0014;189;61;6;6;12;301;27
07617;CHAPADINHA;0042;0015;139;71;3;11;18;274;32
07617;CHAPADINHA;0042;0016;170;79;2;14;16;308;27
07617;CHAPADINHA;0042;0017;148;63;2;13;17;276;33
07617;CHAPADINHA;0042;0018;177;75;1;14;18;305;20
07617;CHAPADINHA;0042;0019;172;80;4;13;18;306;19
07617;CHAPADINHA;0042;0020;146;66;2;12;15;275;34
07617;CHAPADINHA;0042;0021;138;71;1;10;22;280;38
07617;CHAPADINHA;0042;0022;158;89;1;13;15;312;36
07617;CHAPADINHA;0042;0023;161;86;3;15;18;315;32
07617;CHAPADINHA;0042;0024;182;65;3;18;23;315;24
07617;CHAPADINHA;0042;0025;173;81;0;7;12;313;40
07617;CHAPADINHA;0042;0026;177;79;1;10;15;317;35
07617;CHAPADINHA;0042;0027;187;78;4;15;14;331;33
07617;CHAPADINHA;0042;0028;187;73;3;8;7;315;37
07617;CHAPADINHA;0042;0029;181;75;1;8;11;310;34
07617;CHAPADINHA;0042;0030;163;91;2;11;11;300;22
07617;CHAPADINHA;0042;0031;182;71;3;4;16;306;30
07617;CHAPADINHA;0042;0032;188;75;6;17;16;328;26
07617;CHAPADINHA;0042;0033;184;74;1;10;18;315;28
07617;CHAPADINHA;0042;0034;187;77;2;13;20;324;25
07617;CHAPADINHA;0042;0035;197;46;7;9;12;299;28
07617;CHAPADINHA;0042;0036;209;64;3;11;13;324;24
07617;CHAPADINHA;0042;0037;193;72;5;13;10;321;28
07617;CHAPADINHA;0042;0038;208;66;5;8;12;320;21
07617;CHAPADINHA;0042;0039;190;60;5;13;15;311;28
07617;CHAPADINHA;0042;0040;132;109;0;20;12;299;26
07617;CHAPADINHA;0042;0041;177;74;0;11;15;301;24
07617;CHAPADINHA;0042;0042;159;83;2;6;10;289;29
07617;CHAPADINHA;0042;0043;179;75;4;8;14;307;27
07617;CHAPADINHA;0042;0044;207;96;8;7;17;370;35
07617;CHAPADINHA;0042;0045;198;76;7;10;12;333;30
07617;CHAPADINHA;0042;0046;212;68;5;11;17;335;22
07617;CHAPADINHA;0042;0047;192;65;6;10;22;322;27
07617;CHAPADINHA;0042;0048;152;62;3;12;17;277;31
07617;CHAPADINHA;0042;0049;174;60;0;9;13;285;29
07617;CHAPADINHA;0042;0050;164;60;4;11;9;272;24
07617;CHAPADINHA;0042;0051;153;64;0;12;13;277;35
07617;CHAPADINHA;0042;0052;174;69;2;11;17;295;22
07617;CHAPADINHA;0042;0053;164;71;1;11;11;293;35
07617;CHAPADINHA;0042;0054;157;75;0;8;11;277;26
07617;CHAPADINHA;0042;0055;174;66;1;6;21;290;22
07617;CHAPADINHA;0042;0056;177;69;2;8;20;294;18
07617;CHAPADINHA;0042;0057;169;72;2;8;12;286;23
07617;CHAPADINHA;0042;0058;85;69;2;1;4;178;17
07617;CHAPADINHA;0042;0059;73;48;0;4;18;185;42
07617;CHAPADINHA;0042;0060;173;86;0;4;5;297;29
07617;CHAPADINHA;0042;0061;123;51;0;1;10;209;24
07617;CHAPADINHA;0042;0062;94;79;3;7;12;215;20
07617;CHAPADINHA;0042;0063;110;70;0;6;8;216;22
07617;CHAPADINHA;0042;0064;163;71;0;10;9;278;25
07617;CHAPADINHA;0042;0065;62;55;0;12;10;160;21
07617;CHAPADINHA;0042;0066;102;50;1;2;7;193;31
07617;CHAPADINHA;0042;0067;109;52;1;5;3;195;25
07617;CHAPADINHA;0042;0068;85;62;0;5;19;189;18
07617;CHAPADINHA;0042;0069;54;71;0;6;7;147;9
07617;CHAPADINHA;0042;0070;130;56;2;3;9;213;13
07617;CHAPADINHA;0042;0071;50;29;1;4;5;102;13
07617;CHAPADINHA;0042;0072;74;50;1;0;3;136;8
07617;CHAPADINHA;0042;0074;136;48;0;4;10;225;27
07617;CHAPADINHA;0042;0075;103;133;2;7;9;278;24
07617;CHAPADINHA;0042;0076;69;22;0;7;3;115;14
07617;CHAPADINHA;0042;0077;92;53;0;1;6;164;12
07617;CHAPADINHA;0042;0078;67;44;0;2;8;125;4
07617;CHAPADINHA;0042;0079;74;72;0;7;9;196;34
07617;CHAPADINHA;0042;0080;142;45;1;4;15;236;29
07617;CHAPADINHA;0042;0081;65;23;4;0;3;108;13
07617;CHAPADINHA;0042;0082;119;114;2;31;15;300;19
07617;CHAPADINHA;0042;0083;84;50;0;13;12;181;22
07617;CHAPADINHA;0042;0084;101;45;0;10;6;183;21
07617;CHAPADINHA;0042;0085;45;71;1;6;10;160;27
07617;CHAPADINHA;0042;0087;112;53;0;6;9;219;39
07617;CHAPADINHA;0042;0088;86;99;0;12;8;240;35
07617;CHAPADINHA;0042;0089;63;39;0;5;20;169;42
07617;CHAPADINHA;0042;0091;182;58;3;11;12;295;29
07617;CHAPADINHA;0042;0094;183;65;3;12;16;305;26
07617;CHAPADINHA;0042;0095;159;75;2;11;20;293;26
07617;CHAPADINHA;0042;0096;210;65;0;9;11;311;16
07617;CHAPADINHA;0042;0097;190;91;6;14;14;357;42
07617;CHAPADINHA;0042;0098;189;57;6;12;10;297;23
07617;CHAPADINHA;0042;0099;178;78;9;11;8;319;35
07617;CHAPADINHA;0042;0103;205;88;6;14;14;357;30
07617;CHAPADINHA;0042;0104;164;85;3;14;23;308;19
07617;CHAPADINHA;0042;0105;178;84;5;19;18;333;29
07617;CHAPADINHA;0042;0108;167;66;5;6;9;284;31
07617;CHAPADINHA;0042;0110;114;82;0;4;9;250;41
07617;CHAPADINHA;0042;0111;126;59;0;12;9;235;29
07617;CHAPADINHA;0042;0112;144;83;0;4;15;280;34
07617;CHAPADINHA;0042;0117;204;58;2;14;17;311;16
07617;CHAPADINHA;0042;0118;106;54;1;6;14;195;14
07617;CHAPADINHA;0042;0119;63;37;0;4;8;131;19
07617;CHAPADINHA;0042;0120;172;92;1;21;22;334;26
07617;CHAPADINHA;0042;0121;81;63;0;2;8;164;10
07617;CHAPADINHA;0042;0123;38;57;0;1;4;114;14
07617;CHAPADINHA;0042;0124;46;20;0;6;2;82;8
07617;CHAPADINHA;0042;0128;163;119;4;20;10;338;22
07617;CHAPADINHA;0042;0131;125;30;0;8;8;207;36
07617;CHAPADINHA;0042;0132;45;67;0;1;9;186;64
07617;CHAPADINHA;0042;0133;213;84;4;11;14;354;28
07617;CHAPADINHA;0042;0134;171;68;1;8;15;294;31
07617;CHAPADINHA;0042;0137;144;101;2;12;14;302;29
07617;CHAPADINHA;0042;0139;198;66;2;7;13;311;25
07617;CHAPADINHA;0042;0143;204;68;7;14;15;340;32
07617;CHAPADINHA;0042;0145;151;76;3;17;7;286;32
07617;CHAPADINHA;0042;0146;110;107;1;1;5;248;24
07617;CHAPADINHA;0042;0147;64;70;0;9;4;179;32
07617;CHAPADINHA;0042;0148;76;112;1;3;13;253;48
07617;CHAPADINHA;0042;0150;190;81;4;8;21;328;24
07617;CHAPADINHA;0042;0154;211;85;4;9;14;343;20
07617;CHAPADINHA;0042;0155;172;79;4;14;11;300;20
07617;CHAPADINHA;0042;0156;225;66;3;15;11;344;24
07617;CHAPADINHA;0042;0157;42;72;0;0;5;178;59
07617;CHAPADINHA;0042;0159;159;83;2;9;7;288;28
07617;CHAPADINHA;0042;0160;68;37;0;2;10;125;8
07617;CHAPADINHA;0042;0161;115;73;0;3;12;237;34
07617;CHAPADINHA;0042;0162;119;70;1;3;6;226;27
07617;CHAPADINHA;0042;0163;77;28;0;2;3;120;10
07617;CHAPADINHA;0042;0166;181;58;2;5;10;276;20
07617;CHAPADINHA;0042;0169;111;28;1;0;4;151;7
07617;CHAPADINHA;0042;0170;214;80;5;10;15;337;13
07617;CHAPADINHA;0042;0171;161;62;3;10;18;281;27
07617;CHAPADINHA;0042;0172;137;69;1;7;15;262;33
07617;CHAPADINHA;0042;0173;155;74;1;7;12;268;19
07617;CHAPADINHA;0042;0174;161;87;0;22;12;305;23
07617;CHAPADINHA;0042;0176;187;75;4;12;15;318;25
07617;CHAPADINHA;0042;0177;60;59;0;5;6;139;9
07617;CHAPADINHA;0042;0179;91;56;2;2;3;186;32
07617;CHAPADINHA;0042;0182;218;70;6;9;10;344;31
07617;CHAPADINHA;0042;0183;168;68;4;18;12;295;25
07617;CHAPADINHA;0042;0184;187;79;3;9;13;318;27
07617;CHAPADINHA;0042;0186;215;66;5;13;11;328;18
07617;CHAPADINHA;0042;0188;136;80;1;3;14;259;25
07617;CHAPADINHA;0042;0189;155;99;3;14;15;309;23
07617;CHAPADINHA;0042;0190;201;100;3;10;9;346;23
07617;CHAPADINHA;0042;0193;168;53;1;22;17;279;18
07617;CHAPADINHA;0042;0194;91;11;0;1;7;159;49
07617;CHAPADINHA;0042;0195;84;17;0;0;1;108;6
07617;CHAPADINHA;0042;0196;58;46;0;0;1;121;16
07617;CHAPADINHA;0042;0197;152;73;3;8;13;276;27
07617;CHAPADINHA;0042;0198;176;66;2;4;7;265;10
07617;CHAPADINHA;0042;0200;142;72;1;16;12;275;32
07617;CHAPADINHA;0042;0201;172;57;1;8;8;270;24
07617;CHAPADINHA;0042;0202;185;59;4;15;9;299;27
07617;CHAPADINHA;0042;0205;182;80;7;18;11;322;24
07617;CHAPADINHA;0042;0206;39;35;0;5;4;119;36
07617;CHAPADINHA;0042;0207;78;40;0;3;8;155;26
07617;CHAPADINHA;0042;0208;156;66;2;17;18;287;28
07617;CHAPADINHA;0042;0209;164;69;3;17;9;281;19
07617;CHAPADINHA;0042;0210;159;78;1;9;11;286;28
07617;CHAPADINHA;0042;0211;142;35;1;11;6;214;19
07617;CHAPADINHA;0042;0214;154;58;8;12;11;268;25
07617;CHAPADINHA;0042;0215;235;56;4;8;7;324;14
07617;CHAPADINHA;0042;0216;152;77;2;14;13;279;21
07617;CHAPADINHA;0042;0217;73;15;0;0;3;106;15
07617;CHAPADINHA;0042;0222;138;86;0;17;15;286;30
07617;CHAPADINHA;0042;0223;149;65;3;12;12;263;22
07617;CHAPADINHA;0042;0224;147;54;1;18;18;256;18
07617;CHAPADINHA;0042;0225;155;68;1;5;9;258;20
07617;CHAPADINHA;0042;0227;156;67;1;13;4;261;20
07617;CHAPADINHA;0042;0228;159;64;5;15;4;267;20
07617;CHAPADINHA;0042;0230;143;65;2;14;5;257;28
07617;CHAPADINHA;0042;0232;183;62;4;11;8;282;14
07617;CHAPADINHA;0042;0233;150;102;2;11;10;299;24
07617;CHAPADINHA;0042;0256;115;88;4;9;13;260;31
07617;CHAPADINHA;0042;0257;161;85;1;12;7;283;17
07617;CHAPADINHA;0042;0259;40;35;0;0;1;85;9
07617;CHAPADINHA;0042;0260;122;83;0;7;5;240;23
07617;CHAPADINHA;0042;0262;142;98;2;9;9;294;34
07617;CHAPADINHA;0042;0263;163;81;0;19;10;302;29
07625;GOVERNADOR LUIZ ROCHA;0060;0030;94;113;1;5;14;236;9
07625;GOVERNADOR LUIZ ROCHA;0060;0031;76;121;0;5;13;225;10
07625;GOVERNADOR LUIZ ROCHA;0060;0032;105;108;2;1;8;238;14
07625;GOVERNADOR LUIZ ROCHA;0060;0033;76;131;1;9;13;249;19
07625;GOVERNADOR LUIZ ROCHA;0060;0034;85;131;0;3;12;244;13
07625;GOVERNADOR LUIZ ROCHA;0060;0035;77;97;1;5;18;209;11
07625;GOVERNADOR LUIZ ROCHA;0060;0036;80;91;6;8;11;207;11
07625;GOVERNADOR LUIZ ROCHA;0060;0037;91;111;6;4;12;235;11
07625;GOVERNADOR LUIZ ROCHA;0060;0071;105;134;1;4;3;260;13
07625;GOVERNADOR LUIZ ROCHA;0060;0090;68;111;0;11;10;210;10
07625;GOVERNADOR LUIZ ROCHA;0060;0091;93;139;4;2;12;259;9
07625;GOVERNADOR LUIZ ROCHA;0060;0095;98;118;1;7;15;252;13
07625;GOVERNADOR LUIZ ROCHA;0060;0102;85;124;3;5;13;241;11
07625;GOVERNADOR LUIZ ROCHA;0060;0103;94;107;2;6;10;225;6
07625;GOVERNADOR LUIZ ROCHA;0060;0104;110;141;1;8;16;285;9
07625;GOVERNADOR LUIZ ROCHA;0060;0105;93;135;1;5;9;249;6
07625;GOVERNADOR LUIZ ROCHA;0060;0123;111;134;1;6;11;273;10
07625;GOVERNADOR LUIZ ROCHA;0060;0126;59;95;0;1;19;185;11
07625;GOVERNADOR LUIZ ROCHA;0060;0127;63;107;1;2;2;176;1
07625;GOVERNADOR LUIZ ROCHA;0060;0153;100;143;0;3;14;268;8
07625;GOVERNADOR LUIZ ROCHA;0060;0164;83;158;3;3;5;258;6
07625;GOVERNADOR LUIZ ROCHA;0060;0199;49;80;1;4;11;149;4
07773;ESPERANTINÓPOLIS;0061;0001;81;75;6;2;5;185;16
07773;ESPERANTINÓPOLIS;0061;0002;81;75;0;4;10;182;12
07773;ESPERANTINÓPOLIS;0061;0004;79;72;1;3;12;178;11
07773;ESPERANTINÓPOLIS;0061;0006;87;65;0;4;4;175;15
07773;ESPERANTINÓPOLIS;0061;0007;119;110;2;2;19;271;19
07773;ESPERANTINÓPOLIS;0061;0009;121;101;2;5;8;246;9
07773;ESPERANTINÓPOLIS;0061;0011;111;121;3;5;5;260;15
07773;ESPERANTINÓPOLIS;0061;0012;90;112;0;5;16;241;18
07773;ESPERANTINÓPOLIS;0061;0013;86;111;4;8;17;258;32
07773;ESPERANTINÓPOLIS;0061;0014;85;106;3;3;18;238;23
07773;ESPERANTINÓPOLIS;0061;0015;125;103;1;5;7;268;27
07773;ESPERANTINÓPOLIS;0061;0016;80;73;0;2;18;181;8
07773;ESPERANTINÓPOLIS;0061;0017;80;119;0;6;9;229;15
07773;ESPERANTINÓPOLIS;0061;0018;71;143;2;6;17;255;16
07773;ESPERANTINÓPOLIS;0061;0020;32;104;2;3;11;160;8
07773;ESPERANTINÓPOLIS;0061;0021;38;87;4;0;5;148;14
07773;ESPERANTINÓPOLIS;0061;0026;64;92;0;2;5;167;4
07773;ESPERANTINÓPOLIS;0061;0027;62;99;0;2;4;175;8
07773;ESPERANTINÓPOLIS;0061;0028;68;90;1;1;8;175;7
07773;ESPERANTINÓPOLIS;0061;0046;35;92;0;3;15;163;18
07773;ESPERANTINÓPOLIS;0061;0048;73;133;0;7;9;236;14
07773;ESPERANTINÓPOLIS;0061;0050;89;102;3;6;10;231;21
07773;ESPERANTINÓPOLIS;0061;0051;38;92;3;3;2;144;6
07773;ESPERANTINÓPOLIS;0061;0053;88;98;0;8;11;228;23
07773;ESPERANTINÓPOLIS;0061;0054;116;101;0;2;10;242;13
07773;ESPERANTINÓPOLIS;0061;0055;95;103;1;4;16;229;10
07773;ESPERANTINÓPOLIS;0061;0062;76;139;0;2;9;239;13
07773;ESPERANTINÓPOLIS;0061;0063;93;111;3;5;7;230;11
07773;ESPERANTINÓPOLIS;0061;0072;81;117;0;7;22;248;21
07773;ESPERANTINÓPOLIS;0061;0074;52;111;0;3;16;210;28
07773;ESPERANTINÓPOLIS;0061;0075;80;84;1;2;13;203;23
07773;ESPERANTINÓPOLIS;0061;0076;101;147;0;1;10;270;11
07773;ESPERANTINÓPOLIS;0061;0077;61;183;0;4;5;262;9
07773;ESPERANTINÓPOLIS;0061;0093;130;109;1;3;5;261;13
07773;ESPERANTINÓPOLIS;0061;0095;68;92;0;6;10;189;13
07773;ESPERANTINÓPOLIS;0061;0096;54;86;0;1;3;147;3
07773;ESPERANTINÓPOLIS;0061;0104;54;42;0;3;2;107;6
07773;ESPERANTINÓPOLIS;0061;0105;55;111;0;4;7;189;12
07773;ESPERANTINÓPOLIS;0061;0106;66;102;2;2;3;195;20
07773;ESPERANTINÓPOLIS;0061;0121;28;51;0;1;4;90;6
07773;ESPERANTINÓPOLIS;0061;0125;32;86;1;5;3;140;13
07773;ESPERANTINÓPOLIS;0061;0133;36;116;1;4;9;174;8
07773;ESPERANTINÓPOLIS;0061;0135;44;49;1;1;3;99;1
07773;ESPERANTINÓPOLIS;0061;0137;92;95;1;4;12;220;16
07773;ESPERANTINÓPOLIS;0061;0140;26;41;0;1;3;77;6
07773;ESPERANTINÓPOLIS;0061;0142;111;99;0;3;14;245;18
07773;ESPERANTINÓPOLIS;0061;0143;47;72;0;0;2;137;16
07773;ESPERANTINÓPOLIS;0061;0148;103;113;0;1;11;262;34
07773;ESPERANTINÓPOLIS;0061;0153;84;67;4;2;6;173;10
07773;ESPERANTINÓPOLIS;0061;0155;27;47;1;0;2;85;8
07773;ESPERANTINÓPOLIS;0061;0156;112;106;1;6;10;254;19
07773;ESPERANTINÓPOLIS;0061;0157;86;60;2;1;6;164;9
07773;ESPERANTINÓPOLIS;0061;0158;107;98;2;2;13;253;31
07773;ESPERANTINÓPOLIS;0061;0159;115;98;4;6;4;245;18
07773;ESPERANTINÓPOLIS;0061;0161;106;79;2;4;7;212;14
07773;ESPERANTINÓPOLIS;0061;0163;41;79;0;3;5;140;12
07773;ESPERANTINÓPOLIS;0061;0169;78;114;1;4;17;223;9
07773;ESPERANTINÓPOLIS;0061;0199;25;31;1;2;0;62;3
07773;ESPERANTINÓPOLIS;0061;0202;103;109;2;8;7;252;23
07811;FORTUNA;0060;0055;74;103;0;6;15;220;22
07811;FORTUNA;0060;0066;63;84;1;2;5;165;10
07811;FORTUNA;0060;0076;55;54;0;3;7;124;5
07811;FORTUNA;0060;0078;79;126;5;6;9;233;8
07811;FORTUNA;0060;0079;101;37;1;4;27;185;15
07811;FORTUNA;0060;0080;87;68;0;1;12;195;27
07811;FORTUNA;0060;0081;70;67;0;4;6;155;8
07811;FORTUNA;0060;0082;108;75;0;4;18;220;15
07811;FORTUNA;0060;0092;85;136;1;8;23;275;22
07811;FORTUNA;0060;0093;54;79;4;3;9;158;9
07811;FORTUNA;0060;0094;97;135;4;2;31;281;12
07811;FORTUNA;0060;0106;86;121;2;1;5;223;8
07811;FORTUNA;0060;0107;96;145;3;5;11;273;13
07811;FORTUNA;0060;0118;89;147;4;6;15;280;19
07811;FORTUNA;0060;0138;19;108;0;0;12;151;12
07811;FORTUNA;0060;0139;108;94;1;13;28;272;28
07811;FORTUNA;0060;0145;97;38;4;3;11;163;10
07811;FORTUNA;0060;0150;47;40;0;3;4;95;1
07811;FORTUNA;0060;0156;91;69;3;1;9;179;6
07811;FORTUNA;0060;0165;93;131;0;8;5;246;9
07811;FORTUNA;0060;0166;109;145;4;5;8;289;18
07811;FORTUNA;0060;0167;135;124;0;8;10;291;14
07811;FORTUNA;0060;0168;120;121;3;7;12;284;21
07811;FORTUNA;0060;0169;114;143;3;5;11;293;17
07811;FORTUNA;0060;0170;53;88;1;4;8;164;10
07811;FORTUNA;0060;0171;48;96;3;2;6;162;7
07811;FORTUNA;0060;0172;51;79;0;4;12;161;15
07811;FORTUNA;0060;0173;54;82;0;3;15;162;8
07811;FORTUNA;0060;0174;59;99;1;1;4;169;5
07811;FORTUNA;0060;0175;78;124;1;3;10;227;11
07811;FORTUNA;0060;0176;81;120;2;6;16;240;15
07811;FORTUNA;0060;0177;77;114;4;6;10;229;18
07811;FORTUNA;0060;0178;91;106;4;8;17;237;11
07811;FORTUNA;0060;0179;102;101;0;4;10;236;19
07811;FORTUNA;0060;0180;107;66;3;3;16;212;17
07811;FORTUNA;0060;0181;99;71;0;3;15;214;26
07811;FORTUNA;0060;0183;117;76;0;9;16;235;17
07811;FORTUNA;0060;0184;98;69;0;1;15;203;20
07811;FORTUNA;0060;0185;71;35;0;4;10;130;10
07811;FORTUNA;0060;0187;115;99;0;6;7;247;20
07811;FORTUNA;0060;0188;43;129;0;3;11;194;8
07811;FORTUNA;0060;0189;92;118;0;2;9;236;15
07811;FORTUNA;0060;0190;90;126;0;2;6;238;14
07811;FORTUNA;0060;0191;145;74;2;3;19;266;23
07811;FORTUNA;0060;0192;99;115;0;4;10;248;20
07811;FORTUNA;0060;0194;39;25;1;0;1;68;2
07811;FORTUNA;0060;0203;17;49;0;2;1;82;13
07811;FORTUNA;0060;0206;110;67;0;7;12;212;16
07811;FORTUNA;0060;0207;18;40;0;2;3;69;6
07870;GOVERNADOR ARCHER;0048;0042;89;127;1;4;6;236;9
07870;GOVERNADOR ARCHER;0048;0050;70;75;0;0;14;173;14
07870;GOVERNADOR ARCHER;0048;0053;96;99;1;1;6;211;8
07870;GOVERNADOR ARCHER;0048;0064;82;72;0;5;6;174;9
07870;GOVERNADOR ARCHER;0048;0065;88;120;0;3;9;224;4
07870;GOVERNADOR ARCHER;0048;0066;63;83;0;7;6;172;13
07870;GOVERNADOR ARCHER;0048;0077;67;96;2;2;5;182;10
07870;GOVERNADOR ARCHER;0048;0078;113;103;0;1;6;231;8
07870;GOVERNADOR ARCHER;0048;0086;73;74;3;3;10;168;5
07870;GOVERNADOR ARCHER;0048;0096;49;109;0;0;7;172;7
07870;GOVERNADOR ARCHER;0048;0134;116;123;0;1;17;270;13
07870;GOVERNADOR ARCHER;0048;0135;128;102;1;4;7;261;19
07870;GOVERNADOR ARCHER;0048;0136;30;56;1;1;5;97;4
07870;GOVERNADOR ARCHER;0048;0137;53;89;0;1;6;154;5
07870;GOVERNADOR ARCHER;0048;0138;74;49;0;1;1;129;4
07870;GOVERNADOR ARCHER;0048;0139;39;79;0;0;4;129;7
07870;GOVERNADOR ARCHER;0048;0140;28;39;0;2;4;76;3
07870;GOVERNADOR ARCHER;0048;0173;66;106;0;3;3;188;10
07870;GOVERNADOR ARCHER;0048;0182;62;70;0;1;6;146;7
07870;GOVERNADOR ARCHER;0048;0183;68;86;1;3;6;175;11
07870;GOVERNADOR ARCHER;0048;0185;77;68;0;4;4;157;4
07870;GOVERNADOR ARCHER;0048;0186;79;95;3;3;7;197;10
07870;GOVERNADOR ARCHER;0048;0187;81;92;0;3;7;190;7
07870;GOVERNADOR ARCHER;0048;0188;93;91;2;3;4;201;8
07870;GOVERNADOR ARCHER;0048;0189;81;98;2;2;7;198;8
07870;GOVERNADOR ARCHER;0048;0190;99;83;0;3;8;206;13
07870;GOVERNADOR ARCHER;0048;0193;57;72;2;1;10;152;10
07870;GOVERNADOR ARCHER;0048;0194;62;88;1;2;7;168;8
07870;GOVERNADOR ARCHER;0048;0195;109;93;1;0;10;224;11
07870;GOVERNADOR ARCHER;0048;0197;96;111;0;3;10;238;18
07870;GOVERNADOR ARCHER;0048;0198;107;114;0;3;4;235;7
07870;GOVERNADOR ARCHER;0048;0199;51;111;1;0;8;180;9
07870;GOVERNADOR ARCHER;0048;0200;82;130;2;4;8;236;10
07870;GOVERNADOR ARCHER;0048;0205;69;69;1;3;1;149;6
07870;GOVERNADOR ARCHER;0048;0209;18;36;0;1;2;60;3
07870;GOVERNADOR ARCHER;0048;0210;14;30;0;0;2;49;3
08010;IGARAPÉ GRANDE;0067;0004;116;106;5;4;12;256;13
08010;IGARAPÉ GRANDE;0067;0007;123;101;6;3;18;266;15
08010;IGARAPÉ GRANDE;0067;0009;93;91;4;3;5;202;6
08010;IGARAPÉ GRANDE;0067;0012;111;105;3;2;10;245;14
08010;IGARAPÉ GRANDE;0067;0019;97;106;2;0;12;224;7
08010;IGARAPÉ GRANDE;0067;0025;42;76;0;3;10;141;10
08010;IGARAPÉ GRANDE;0067;0028;91;102;3;8;9;241;28
08010;IGARAPÉ GRANDE;0067;0029;71;57;1;4;10;154;11
08010;IGARAPÉ GRANDE;0067;0039;70;122;3;0;15;230;20
08010;IGARAPÉ GRANDE;0067;0048;107;108;1;2;10;239;11
08010;IGARAPÉ GRANDE;0067;0050;34;75;1;0;12;126;4
08010;IGARAPÉ GRANDE;0067;0051;77;91;1;5;16;202;12
08010;IGARAPÉ GRANDE;0067;0057;74;72;4;1;9;169;9
08010;IGARAPÉ GRANDE;0067;0063;50;104;0;1;6;168;7
08010;IGARAPÉ GRANDE;0067;0066;122;75;2;3;7;225;16
08010;IGARAPÉ GRANDE;0067;0068;70;74;1;1;11;163;6
08010;IGARAPÉ GRANDE;0067;0071;88;93;0;5;12;213;15
08010;IGARAPÉ GRANDE;0067;0074;68;103;0;6;19;214;18
08010;IGARAPÉ GRANDE;0067;0075;118;89;3;4;9;232;9
08010;IGARAPÉ GRANDE;0067;0078;91;102;4;4;8;220;11
08010;IGARAPÉ GRANDE;0067;0081;82;100;2;1;7;201;9
08010;IGARAPÉ GRANDE;0067;0097;100;100;1;2;4;218;11
08010;IGARAPÉ GRANDE;0067;0098;83;89;2;0;11;193;8
08010;IGARAPÉ GRANDE;0067;0100;91;93;6;3;8;204;3
08010;IGARAPÉ GRANDE;0067;0104;96;95;1;6;11;221;12
08010;IGARAPÉ GRANDE;0067;0106;89;82;0;6;9;200;14
08010;IGARAPÉ GRANDE;0067;0117;112;114;2;2;12;250;8
08010;IGARAPÉ GRANDE;0067;0118;126;102;3;4;13;262;14
08010;IGARAPÉ GRANDE;0067;0119;116;108;3;7;13;254;7
08010;IGARAPÉ GRANDE;0067;0121;133;89;5;5;12;256;12
08010;IGARAPÉ GRANDE;0067;0126;106;115;2;5;9;243;6
08010;IGARAPÉ GRANDE;0067;0127;116;97;4;2;8;235;8
08010;IGARAPÉ GRANDE;0067;0136;111;92;1;4;20;248;20
08184;RIBAMAR FIQUENE;0103;0052;81;60;2;2;6;174;23
08184;RIBAMAR FIQUENE;0103;0053;68;66;7;3;9;169;16
08184;RIBAMAR FIQUENE;0103;0054;84;87;3;0;3;194;17
08184;RIBAMAR FIQUENE;0103;0055;77;67;6;0;8;171;13
08184;RIBAMAR FIQUENE;0103;0056;92;90;1;3;17;231;28
08184;RIBAMAR FIQUENE;0103;0057;107;89;6;5;14;237;16
08184;RIBAMAR FIQUENE;0103;0058;112;92;5;6;9;243;19
08184;RIBAMAR FIQUENE;0103;0059;108;87;3;3;6;229;22
08184;RIBAMAR FIQUENE;0103;0060;91;96;2;2;14;229;24
08184;RIBAMAR FIQUENE;0103;0061;99;99;4;6;16;239;15
08184;RIBAMAR FIQUENE;0103;0062;129;43;4;3;4;237;54
08184;RIBAMAR FIQUENE;0103;0063;141;51;3;2;5;239;37
08184;RIBAMAR FIQUENE;0103;0064;130;60;4;6;10;237;27
08184;RIBAMAR FIQUENE;0103;0065;114;96;2;1;11;245;21
08184;RIBAMAR FIQUENE;0103;0066;121;92;2;6;11;255;23
08184;RIBAMAR FIQUENE;0103;0068;75;70;1;0;6;168;16
08184;RIBAMAR FIQUENE;0103;0072;92;67;2;1;10;194;22
08184;RIBAMAR FIQUENE;0103;0074;119;63;5;5;4;205;9
08184;RIBAMAR FIQUENE;0103;0084;106;78;0;3;8;209;14
08184;RIBAMAR FIQUENE;0103;0091;106;113;4;4;9;251;15
08184;RIBAMAR FIQUENE;0103;0092;75;78;8;2;7;180;10
08184;RIBAMAR FIQUENE;0103;0093;110;86;2;3;10;225;14
08184;RIBAMAR FIQUENE;0103;0095;110;119;3;3;7;259;17
08346;SÃO JOÃO DO SOTER;0006;0034;95;147;3;6;6;278;21
08346;SÃO JOÃO DO SOTER;0006;0035;69;76;0;3;13;181;20
08346;SÃO JOÃO DO SOTER;0006;0036;76;102;0;6;4;207;19
08346;SÃO JOÃO DO SOTER;0006;0037;79;98;1;3;13;216;22
08346;SÃO JOÃO DO SOTER;0006;0038;77;111;2;5;3;217;19
08346;SÃO JOÃO DO SOTER;0006;0039;65;121;0;3;5;214;20
08346;SÃO JOÃO DO SOTER;0006;0040;76;101;3;5;5;211;21
08346;SÃO JOÃO DO SOTER;0006;0041;69;98;1;4;5;197;20
08346;SÃO JOÃO DO SOTER;0006;0051;75;113;1;6;9;227;23
08346;SÃO JOÃO DO SOTER;0006;0055;66;103;0;2;8;189;10
08346;SÃO JOÃO DO SOTER;0006;0061;36;93;0;1;10;157;17
08346;SÃO JOÃO DO SOTER;0006;0062;88;120;2;5;16;257;26
08346;SÃO JOÃO DO SOTER;0006;0064;66;100;3;1;17;203;16
08346;SÃO JOÃO DO SOTER;0006;0072;43;87;1;2;6;162;23
08346;SÃO JOÃO DO SOTER;0006;0073;53;77;0;2;6;155;17
08346;SÃO JOÃO DO SOTER;0006;0074;72;91;2;3;8;187;11
08346;SÃO JOÃO DO SOTER;0006;0075;41;86;0;2;10;151;12
08346;SÃO JOÃO DO SOTER;0006;0081;56;70;0;2;4;156;24
08346;SÃO JOÃO DO SOTER;0006;0082;70;109;1;4;11;213;18
08346;SÃO JOÃO DO SOTER;0006;0084;66;117;0;2;8;210;17
08346;SÃO JOÃO DO SOTER;0006;0085;46;168;1;7;14;259;23
08346;SÃO JOÃO DO SOTER;0006;0086;77;103;1;2;8;201;10
08346;SÃO JOÃO DO SOTER;0006;0087;69;100;0;2;15;202;16
08346;SÃO JOÃO DO SOTER;0006;0088;81;108;0;3;4;214;18
08346;SÃO JOÃO DO SOTER;0006;0092;57;157;2;3;14;274;41
08346;SÃO JOÃO DO SOTER;0006;0094;90;106;1;3;12;227;15
08346;SÃO JOÃO DO SOTER;0006;0095;92;154;1;7;14;290;22
08346;SÃO JOÃO DO SOTER;0006;0096;49;75;1;0;7;150;18
08346;SÃO JOÃO DO SOTER;0006;0109;72;108;0;2;9;215;24
08346;SÃO JOÃO DO SOTER;0006;0110;81;122;1;4;10;248;30
08346;SÃO JOÃO DO SOTER;0006;0112;90;148;1;4;6;281;32
08346;SÃO JOÃO DO SOTER;0006;0113;65;113;1;8;8;209;14
08346;SÃO JOÃO DO SOTER;0006;0114;57;154;5;4;10;267;37
08346;SÃO JOÃO DO SOTER;0006;0125;38;105;0;3;3;171;22
08346;SÃO JOÃO DO SOTER;0006;0126;90;130;2;6;6;255;21
08346;SÃO JOÃO DO SOTER;0006;0127;36;118;0;2;8;174;10
08346;SÃO JOÃO DO SOTER;0006;0128;55;145;3;6;8;248;31
08346;SÃO JOÃO DO SOTER;0006;0129;33;146;0;4;6;218;29
08346;SÃO JOÃO DO SOTER;0006;0130;49;144;3;7;11;253;39
08346;SÃO JOÃO DO SOTER;0006;0131;36;161;2;3;11;254;41
08346;SÃO JOÃO DO SOTER;0006;0133;17;130;0;1;3;169;18
08346;SÃO JOÃO DO SOTER;0006;0135;48;134;1;4;10;217;20
08346;SÃO JOÃO DO SOTER;0006;0137;36;136;1;2;10;234;49
08346;SÃO JOÃO DO SOTER;0006;0150;32;100;0;0;4;145;9
08346;SÃO JOÃO DO SOTER;0006;0151;63;139;4;5;7;251;33
08346;SÃO JOÃO DO SOTER;0006;0153;33;133;1;7;6;213;33
08346;SÃO JOÃO DO SOTER;0006;0154;42;174;0;2;13;257;26
08346;SÃO JOÃO DO SOTER;0006;0161;30;129;1;3;7;207;37
08346;SÃO JOÃO DO SOTER;0006;0163;54;77;3;1;7;148;6
08346;SÃO JOÃO DO SOTER;0006;0198;64;135;2;7;10;244;26
08346;SÃO JOÃO DO SOTER;0006;0199;38;81;1;3;8;149;18
08346;SÃO JOÃO DO SOTER;0006;0200;16;94;0;1;5;136;20
08354;MIRINZAL;0030;0025;128;83;0;5;7;242;19
08354;MIRINZAL;0030;0026;106;74;0;2;7;202;13
08354;MIRINZAL;0030;0032;133;94;1;8;10;258;12
08354;MIRINZAL;0030;0035;70;91;0;3;13;184;7
08354;MIRINZAL;0030;0041;107;101;0;9;7;246;22
08354;MIRINZAL;0030;0042;62;80;0;3;9;163;9
08354;MIRINZAL;0030;0043;76;87;0;13;12;211;23
08354;MIRINZAL;0030;0045;78;86;0;4;11;195;16
08354;MIRINZAL;0030;0046;85;74;0;8;8;191;16
08354;MIRINZAL;0030;0049;125;94;2;8;8;259;22
08354;MIRINZAL;0030;0050;106;66;1;3;6;194;12
08354;MIRINZAL;0030;0065;83;78;0;9;7;190;13
08354;MIRINZAL;0030;0066;106;97;2;7;11;252;29
08354;MIRINZAL;0030;0073;143;108;4;6;2;278;15
08354;MIRINZAL;0030;0075;92;76;0;5;13;198;12
08354;MIRINZAL;0030;0087;141;118;0;5;10;283;9
08354;MIRINZAL;0030;0088;129;87;0;4;9;238;9
08354;MIRINZAL;0030;0094;120;82;2;1;13;230;12
08354;MIRINZAL;0030;0098;116;55;0;3;4;195;17
08354;MIRINZAL;0030;0101;77;75;0;6;12;182;12
08354;MIRINZAL;0030;0102;93;71;0;5;5;181;7
08354;MIRINZAL;0030;0103;62;84;0;2;17;174;9
08354;MIRINZAL;0030;0106;72;61;0;1;2;140;4
08354;MIRINZAL;0030;0117;128;93;1;4;12;245;7
08354;MIRINZAL;0030;0119;62;35;0;2;1;108;8
08354;MIRINZAL;0030;0120;62;81;0;3;5;178;27
08354;MIRINZAL;0030;0124;95;48;1;4;13;174;13
08354;MIRINZAL;0030;0128;90;91;1;3;8;213;20
08354;MIRINZAL;0030;0129;121;91;0;4;5;238;17
08354;MIRINZAL;0030;0130;101;60;0;6;3;176;6
08354;MIRINZAL;0030;0136;43;31;0;3;1;87;9
08354;MIRINZAL;0030;0146;130;73;0;1;8;229;17
08354;MIRINZAL;0030;0148;136;83;0;4;5;242;14
08354;MIRINZAL;0030;0150;102;102;1;3;8;230;14
08354;MIRINZAL;0030;0153;98;95;1;4;13;234;23
08354;MIRINZAL;0030;0154;122;82;2;5;7;247;29
08354;MIRINZAL;0030;0156;125;102;1;4;8;250;10
08354;MIRINZAL;0030;0159;126;94;1;4;8;254;21
08354;MIRINZAL;0030;0160;121;110;1;8;14;274;20
08354;MIRINZAL;0030;0162;153;102;0;3;12;288;18
08354;MIRINZAL;0030;0165;100;66;1;5;12;199;15
08354;MIRINZAL;0030;0166;53;49;0;6;8;130;14
08354;MIRINZAL;0030;0169;50;62;1;3;11;140;13
08354;MIRINZAL;0030;0171;75;73;0;9;9;182;16
08354;MIRINZAL;0030;0173;84;73;1;4;8;182;12
08583;TUFILÂNDIA;0077;0371;86;104;1;3;8;226;24
08583;TUFILÂNDIA;0077;0373;112;74;2;0;11;216;17
08583;TUFILÂNDIA;0077;0374;93;69;3;5;12;204;22
08583;TUFILÂNDIA;0077;0375;128;61;2;3;13;232;25
08583;TUFILÂNDIA;0077;0376;111;71;5;5;17;231;22
08583;TUFILÂNDIA;0077;0377;98;78;4;2;14;215;19
08583;TUFILÂNDIA;0077;0378;125;66;2;2;16;230;19
08583;TUFILÂNDIA;0077;0379;101;74;1;1;8;212;27
08583;TUFILÂNDIA;0077;0380;114;66;3;5;7;209;14
08583;TUFILÂNDIA;0077;0381;121;92;3;7;10;250;17
08583;TUFILÂNDIA;0077;0383;87;102;2;3;12;228;22
08583;TUFILÂNDIA;0077;0384;90;95;1;7;12;225;20
08583;TUFILÂNDIA;0077;0385;96;140;0;0;14;265;15
08583;TUFILÂNDIA;0077;0386;79;86;0;4;13;202;20
08583;TUFILÂNDIA;0077;0387;57;106;0;2;9;193;19
08583;TUFILÂNDIA;0077;0388;88;119;4;5;5;232;11
08583;TUFILÂNDIA;0077;0389;67;124;1;4;13;228;19
08583;TUFILÂNDIA;0077;0390;57;120;1;0;11;208;19
08583;TUFILÂNDIA;0077;0391;34;53;1;2;4;99;5
08583;TUFILÂNDIA;0077;0392;65;34;5;1;5;117;7
08583;TUFILÂNDIA;0077;0393;69;45;7;2;10;141;8
08583;TUFILÂNDIA;0077;0454;68;51;8;2;4;146;13
08591;PASTOS BONS;0017;0001;111;103;1;3;8;243;17
08591;PASTOS BONS;0017;0002;96;102;1;4;16;234;15
08591;PASTOS BONS;0017;0003;110;97;0;6;11;241;17
08591;PASTOS BONS;0017;0004;135;111;1;5;8;277;17
08591;PASTOS BONS;0017;0005;66;56;0;2;7;139;8
08591;PASTOS BONS;0017;0008;110;115;0;5;11;252;11
08591;PASTOS BONS;0017;0009;110;125;1;7;11;266;12
08591;PASTOS BONS;0017;0010;158;103;1;4;12;299;21
08591;PASTOS BONS;0017;0011;123;128;2;4;8;283;18
08591;PASTOS BONS;0017;0012;143;95;0;5;20;286;23
08591;PASTOS BONS;0017;0013;143;124;1;2;9;298;19
08591;PASTOS BONS;0017;0015;100;103;0;2;10;231;16
08591;PASTOS BONS;0017;0017;101;104;1;1;17;240;16
08591;PASTOS BONS;0017;0019;129;110;3;7;10;275;16
08591;PASTOS BONS;0017;0020;71;81;1;0;11;175;11
08591;PASTOS BONS;0017;0022;101;115;1;2;14;252;19
08591;PASTOS BONS;0017;0023;50;63;0;1;4;130;12
08591;PASTOS BONS;0017;0024;52;46;1;1;7;120;13
08591;PASTOS BONS;0017;0025;87;80;4;0;9;188;8
08591;PASTOS BONS;0017;0026;76;107;3;1;10;204;7
08591;PASTOS BONS;0017;0027;65;131;2;3;9;224;14
08591;PASTOS BONS;0017;0028;61;169;1;4;10;265;20
08591;PASTOS BONS;0017;0029;110;113;0;3;7;257;24
08591;PASTOS BONS;0017;0030;98;131;0;5;6;256;16
08591;PASTOS BONS;0017;0031;33;59;0;1;5;104;6
08591;PASTOS BONS;0017;0032;93;99;0;7;11;230;20
08591;PASTOS BONS;0017;0033;76;52;2;1;1;137;5
08591;PASTOS BONS;0017;0034;131;75;0;2;16;260;36
08591;PASTOS BONS;0017;0035;52;45;0;2;8;116;9
08591;PASTOS BONS;0017;0036;47;83;0;5;9;154;10
08591;PASTOS BONS;0017;0047;62;124;0;7;11;220;16
08591;PASTOS BONS;0017;0048;88;78;1;5;7;189;10
08591;PASTOS BONS;0017;0049;69;76;3;0;2;163;13
08591;PASTOS BONS;0017;0051;85;79;0;1;4;178;9
08591;PASTOS BONS;0017;0052;48;55;0;3;6;129;17
08591;PASTOS BONS;0017;0053;90;85;0;5;7;201;14
08591;PASTOS BONS;0017;0054;68;86;0;5;6;172;7
08591;PASTOS BONS;0017;0057;39;62;0;1;1;107;4
08591;PASTOS BONS;0017;0081;134;127;3;8;13;314;29
08591;PASTOS BONS;0017;0082;144;87;2;4;16;274;21
08591;PASTOS BONS;0017;0086;153;100;1;4;12;291;21
08591;PASTOS BONS;0017;0087;117;107;2;6;9;255;14
08591;PASTOS BONS;0017;0089;146;85;1;3;18;272;19
08591;PASTOS BONS;0017;0090;28;96;1;1;1;131;4
08591;PASTOS BONS;0017;0095;70;125;1;7;8;223;12
08591;PASTOS BONS;0017;0113;139;108;3;8;14;292;20
08591;PASTOS BONS;0017;0115;150;85;1;10;21;293;26
08591;PASTOS BONS;0017;0118;120;99;1;7;9;247;11
08591;PASTOS BONS;0017;0119;73;41;0;2;2;124;6
08591;PASTOS BONS;0017;0121;148;81;0;4;19;268;16
08591;PASTOS BONS;0017;0125;86;71;1;7;10;192;17
08591;PASTOS BONS;0017;0126;122;94;1;3;9;247;18
08591;PASTOS BONS;0017;0128;132;95;0;7;15;270;21
08591;PASTOS BONS;0017;0129;103;134;2;8;11;281;23
08699;PINHEIRO;0037;0001;114;60;1;7;9;213;22
08699;PINHEIRO;0037;0002;127;56;2;7;5;215;18
08699;PINHEIRO;0037;0003;139;50;1;2;6;217;19
08699;PINHEIRO;0037;0004;152;44;1;5;4;224;18
08699;PINHEIRO;0037;0005;118;60;3;4;8;205;12
08699;PINHEIRO;0037;0008;121;60;5;4;12;222;20
08699;PINHEIRO;0037;0010;139;44;6;3;7;212;13
08699;PINHEIRO;0037;0011;147;50;8;4;3;225;13
08699;PINHEIRO;0037;0019;135;51;4;7;14;236;25
08699;PINHEIRO;0037;0020;125;34;1;2;9;185;14
08699;PINHEIRO;0037;0021;105;56;0;5;5;186;15
08699;PINHEIRO;0037;0022;162;90;2;5;11;298;28
08699;PINHEIRO;0037;0023;190;66;2;10;11;308;29
08699;PINHEIRO;0037;0026;104;42;4;6;6;180;18
08699;PINHEIRO;0037;0027;116;40;4;3;7;186;16
08699;PINHEIRO;0037;0028;100;48;5;4;5;180;18
08699;PINHEIRO;0037;0029;118;26;5;2;15;177;11
08699;PINHEIRO;0037;0034;188;50;3;12;13;290;24
08699;PINHEIRO;0037;0035;182;54;2;6;12;280;24
08699;PINHEIRO;0037;0036;181;54;3;9;10;278;21
08699;PINHEIRO;0037;0037;199;52;2;8;17;304;26
08699;PINHEIRO;0037;0038;193;50;9;10;19;298;17
08699;PINHEIRO;0037;0039;208;48;3;5;14;297;19
08699;PINHEIRO;0037;0040;200;60;4;7;6;286;9
08699;PINHEIRO;0037;0041;193;60;4;6;7;293;23
08699;PINHEIRO;0037;0042;192;63;3;5;10;294;21
08699;PINHEIRO;0037;0043;206;60;1;3;12;306;24
08699;PINHEIRO;0037;0044;185;64;3;10;13;289;14
08699;PINHEIRO;0037;0045;194;62;4;8;9;297;20
08699;PINHEIRO;0037;0046;169;74;0;6;10;281;22
08699;PINHEIRO;0037;0047;178;63;5;10;15;300;29
08699;PINHEIRO;0037;0048;182;65;3;1;14;291;26
08699;PINHEIRO;0037;0049;168;80;1;7;18;299;25
08699;PINHEIRO;0037;0050;180;66;6;11;10;294;21
08699;PINHEIRO;0037;0051;180;62;1;8;7;286;28
08699;PINHEIRO;0037;0052;182;68;6;9;11;299;23
08699;PINHEIRO;0037;0057;101;61;1;8;9;208;28
08699;PINHEIRO;0037;0058;111;63;1;6;14;207;12
08699;PINHEIRO;0037;0059;97;83;1;2;13;213;17
08699;PINHEIRO;0037;0060;97;74;2;8;15;211;15
08699;PINHEIRO;0037;0061;107;82;3;6;8;221;15
08699;PINHEIRO;0037;0062;108;67;0;5;9;213;24
08699;PINHEIRO;0037;0063;110;70;0;5;9;204;10
08699;PINHEIRO;0037;0064;101;81;1;5;9;212;15
08699;PINHEIRO;0037;0072;116;84;0;2;18;237;17
08699;PINHEIRO;0037;0073;51;45;0;6;11;125;12
08699;PINHEIRO;0037;0074;116;84;1;7;14;245;23
08699;PINHEIRO;0037;0075;123;52;0;1;15;210;19
08699;PINHEIRO;0037;0076;110;60;1;4;10;203;18
08699;PINHEIRO;0037;0077;112;55;1;5;12;200;15
08699;PINHEIRO;0037;0078;129;50;0;3;11;210;17
08699;PINHEIRO;0037;0092;116;43;4;5;4;185;13
08699;PINHEIRO;0037;0095;187;56;1;11;11;305;39
08699;PINHEIRO;0037;0104;200;74;1;6;10;313;22
08699;PINHEIRO;0037;0108;102;68;1;4;11;208;22
08699;PINHEIRO;0037;0114;101;37;0;1;4;157;14
08699;PINHEIRO;0037;0118;121;39;1;3;5;184;15
08699;PINHEIRO;0037;0125;92;25;3;5;6;150;19
08699;PINHEIRO;0037;0126;115;58;1;4;11;209;20
08699;PINHEIRO;0037;0127;124;66;0;2;9;214;13
08699;PINHEIRO;0037;0129;116;46;3;5;6;190;14
08699;PINHEIRO;0037;0134;58;35;2;3;4;112;10
08699;PINHEIRO;0037;0137;116;73;1;9;13;223;11
08699;PINHEIRO;0037;0139;106;34;1;4;2;156;9
08699;PINHEIRO;0037;0148;88;32;1;3;3;141;14
08699;PINHEIRO;0037;0151;106;71;3;4;16;224;24
08699;PINHEIRO;0037;0197;165;55;3;10;10;264;21
08699;PINHEIRO;0037;0212;150;58;1;2;12;239;16
08699;PINHEIRO;0037;0215;129;45;3;3;6;203;17
08699;PINHEIRO;0037;0216;194;60;3;7;12;297;21
08699;PINHEIRO;0037;0222;196;68;2;5;14;300;15
08699;PINHEIRO;0037;0223;138;43;4;7;5;213;16
08699;PINHEIRO;0037;0224;117;74;0;3;9;221;18
08699;PINHEIRO;0037;0234;139;67;0;3;15;240;16
08699;PINHEIRO;0037;0235;72;128;0;3;16;244;25
08699;PINHEIRO;0037;0237;130;65;0;15;12;243;21
08699;PINHEIRO;0037;0264;68;106;1;3;9;214;27
08699;PINHEIRO;0037;0265;169;47;1;5;10;254;22
08699;PINHEIRO;0037;0266;120;68;0;4;9;211;10
08699;PINHEIRO;0037;0269;118;60;0;9;8;220;25
08699;PINHEIRO;0037;0272;115;103;1;7;10;265;29
08699;PINHEIRO;0037;0278;148;37;4;3;4;211;15
08699;PINHEIRO;0037;0281;140;37;3;7;3;209;19
08699;PINHEIRO;0037;0284;100;103;0;3;18;242;18
08699;PINHEIRO;0037;0286;136;66;0;3;10;236;21
08699;PINHEIRO;0037;0287;143;38;1;9;9;212;12
08699;PINHEIRO;0037;0288;153;63;3;5;6;246;16
08699;PINHEIRO;0037;0292;135;63;3;4;12;235;18
08699;PINHEIRO;0037;0297;177;55;3;8;7;272;22
08699;PINHEIRO;0037;0298;33;132;1;0;5;189;18
08699;PINHEIRO;0037;0301;206;67;5;3;7;303;15
08699;PINHEIRO;0037;0302;190;56;2;9;10;289;22
08699;PINHEIRO;0037;0303;129;46;1;4;4;205;21
08699;PINHEIRO;0037;0304;26;89;0;4;12;158;27
08699;PINHEIRO;0037;0305;91;101;0;1;5;218;20
08699;PINHEIRO;0037;0308;108;61;1;9;5;196;12
08699;PINHEIRO;0037;0309;88;79;1;3;5;193;17
08699;PINHEIRO;0037;0310;104;82;1;10;6;222;19
08699;PINHEIRO;0037;0311;133;48;1;6;10;220;22
08699;PINHEIRO;0037;0312;89;116;1;8;4;231;13
08699;PINHEIRO;0037;0315;142;59;0;7;12;245;25
08699;PINHEIRO;0037;0319;93;40;0;5;1;149;10
08699;PINHEIRO;0037;0321;37;89;1;3;3;151;18
08699;PINHEIRO;0037;0323;134;59;0;7;13;236;23
08699;PINHEIRO;0037;0324;197;47;0;6;7;273;16
08699;PINHEIRO;0037;0326;144;58;2;6;8;242;24
08699;PINHEIRO;0037;0327;117;35;5;3;4;169;5
08699;PINHEIRO;0037;0328;182;66;1;10;7;284;18
08699;PINHEIRO;0037;0331;112;61;0;5;16;207;13
08699;PINHEIRO;0037;0332;51;45;0;4;5;117;12
08699;PINHEIRO;0037;0333;148;52;4;5;14;245;22
08699;PINHEIRO;0037;0334;187;72;3;7;19;313;25
08699;PINHEIRO;0037;0335;182;63;1;3;15;288;24
08699;PINHEIRO;0037;0336;109;52;0;14;7;202;20
08699;PINHEIRO;0037;0337;201;64;4;8;12;304;15
08699;PINHEIRO;0037;0338;57;123;0;7;11;213;15
08699;PINHEIRO;0037;0339;88;37;0;3;7;163;28
08699;PINHEIRO;0037;0340;96;72;1;9;9;196;9
08699;PINHEIRO;0037;0341;82;43;1;5;5;144;8
08699;PINHEIRO;0037;0342;92;48;1;4;7;164;12
08699;PINHEIRO;0037;0343;59;92;0;1;8;183;23
08699;PINHEIRO;0037;0344;86;68;0;3;4;183;22
08699;PINHEIRO;0037;0345;102;83;0;1;10;209;13
08699;PINHEIRO;0037;0346;104;64;0;5;7;208;28
08699;PINHEIRO;0037;0347;121;44;0;7;7;201;22
08699;PINHEIRO;0037;0350;114;60;2;8;9;213;20
08699;PINHEIRO;0037;0354;89;55;1;3;5;177;24
08699;PINHEIRO;0037;0355;114;55;1;7;14;212;21
08699;PINHEIRO;0037;0356;108;36;0;2;11;178;21
08699;PINHEIRO;0037;0357;126;42;1;7;3;202;23
08699;PINHEIRO;0037;0358;137;68;0;3;10;231;13
08699;PINHEIRO;0037;0359;149;63;1;7;7;238;11
08699;PINHEIRO;0037;0360;159;51;0;4;11;249;24
08699;PINHEIRO;0037;0361;169;62;1;2;8;262;20
08699;PINHEIRO;0037;0362;144;56;1;7;10;232;14
08699;PINHEIRO;0037;0363;59;73;0;2;10;201;57
08699;PINHEIRO;0037;0364;72;52;0;0;4;176;48
08699;PINHEIRO;0037;0365;61;58;0;7;6;174;42
08699;PINHEIRO;0037;0366;179;54;0;2;5;275;35
08699;PINHEIRO;0037;0367;120;57;0;4;8;235;46
08699;PINHEIRO;0037;0368;119;51;1;5;7;205;22
08699;PINHEIRO;0037;0369;113;49;0;11;7;214;34
08699;PINHEIRO;0037;0370;89;122;1;2;23;264;27
08699;PINHEIRO;0037;0373;131;61;0;3;7;224;22
08699;PINHEIRO;0037;0376;154;50;2;9;9;241;17
08699;PINHEIRO;0037;0377;157;50;2;6;17;258;26
08699;PINHEIRO;0037;0378;161;56;3;8;16;259;15
08699;PINHEIRO;0037;0379;178;44;4;6;6;264;26
08699;PINHEIRO;0037;0380;178;66;1;6;5;272;16
08699;PINHEIRO;0037;0381;181;53;2;9;7;274;22
08699;PINHEIRO;0037;0382;177;48;1;10;3;258;19
08699;PINHEIRO;0037;0383;192;42;1;8;9;269;17
08699;PINHEIRO;0037;0384;186;62;1;3;10;280;18
08699;PINHEIRO;0037;0385;168;49;5;8;9;254;15
08699;PINHEIRO;0037;0386;164;69;4;6;9;282;30
08699;PINHEIRO;0037;0387;156;65;1;11;8;276;35
08699;PINHEIRO;0037;0388;196;61;1;6;4;289;21
08699;PINHEIRO;0037;0389;162;52;3;5;8;252;22
08699;PINHEIRO;0037;0391;45;98;0;2;3;163;15
08699;PINHEIRO;0037;0392;88;77;2;3;21;220;29
08699;PINHEIRO;0037;0393;56;53;1;1;4;130;15
08699;PINHEIRO;0037;0394;56;39;0;1;5;115;14
08699;PINHEIRO;0037;0395;127;67;3;9;6;234;22
08699;PINHEIRO;0037;0396;136;58;6;6;6;238;26
08699;PINHEIRO;0037;0397;99;102;1;3;11;230;14
08699;PINHEIRO;0037;0398;108;67;0;6;12;199;6
08699;PINHEIRO;0037;0399;151;56;0;6;5;241;23
08699;PINHEIRO;0037;0400;139;71;5;8;10;256;23
08699;PINHEIRO;0037;0401;159;62;6;7;10;273;29
08699;PINHEIRO;0037;0402;168;64;5;3;7;267;20
08699;PINHEIRO;0037;0403;164;62;3;5;14;281;33
08699;PINHEIRO;0037;0404;174;59;2;6;11;277;25
08699;PINHEIRO;0037;0405;198;63;4;2;4;290;19
08699;PINHEIRO;0037;0406;166;67;2;10;9;273;19
08699;PINHEIRO;0037;0407;166;57;7;6;4;259;19
08699;PINHEIRO;0037;0408;144;55;2;7;13;247;26
08699;PINHEIRO;0037;0409;164;52;2;3;3;246;22
08699;PINHEIRO;0037;0410;74;37;0;1;6;131;13
08699;PINHEIRO;0037;0411;150;74;1;2;11;269;31
08699;PINHEIRO;0037;0413;153;78;0;4;20;277;22
08699;PINHEIRO;0037;0415;100;95;1;8;8;237;25
08699;PINHEIRO;0037;0416;161;61;2;5;13;252;10
08699;PINHEIRO;0037;0417;129;63;1;2;14;243;34
08699;PINHEIRO;0037;0418;119;70;0;2;8;236;37
08699;PINHEIRO;0037;0421;173;58;4;10;4;269;20
08699;PINHEIRO;0037;0422;158;63;3;4;8;258;22
08699;PINHEIRO;0037;0425;163;55;4;8;5;250;15
08699;PINHEIRO;0037;0426;153;64;3;3;4;253;26
08699;PINHEIRO;0037;0427;144;65;4;7;1;247;26
08699;PINHEIRO;0037;0432;173;62;5;7;8;276;21
08699;PINHEIRO;0037;0433;164;48;2;8;12;255;21
08699;PINHEIRO;0037;0434;181;42;2;7;8;262;22
08699;PINHEIRO;0037;0435;162;51;4;3;6;247;21
08699;PINHEIRO;0037;0436;86;69;0;12;3;198;28
08699;PINHEIRO;0037;0439;120;46;1;8;9;199;15
08699;PINHEIRO;0037;0440;147;40;0;5;2;204;10
08699;PINHEIRO;0037;0441;159;44;3;3;3;236;24
08699;PINHEIRO;0037;0442;34;98;0;2;4;146;8
08699;PINHEIRO;0037;0443;132;52;4;7;4;220;21
08699;PINHEIRO;0037;0444;166;52;2;13;4;262;25
08699;PINHEIRO;0037;0445;28;5;0;10;0;64;21
08699;PINHEIRO;0037;0446;159;60;3;20;3;254;9
08699;PINHEIRO;0037;0447;155;53;1;5;8;253;31
08699;PINHEIRO;0037;0448;131;59;0;4;10;228;24
08699;PINHEIRO;0037;0449;91;38;0;1;1;141;10
08699;PINHEIRO;0037;0450;129;67;0;14;10;241;21
08699;PINHEIRO;0037;0451;138;58;0;5;6;220;13
08699;PINHEIRO;0037;0452;18;21;1;1;1;48;6
08699;PINHEIRO;0037;0454;38;62;0;6;8;145;31
08699;PINHEIRO;0037;0456;28;39;1;2;7;81;4
08699;PINHEIRO;0037;0457;127;54;1;0;11;208;15
08770;PORTO FRANCO;0046;0001;83;61;3;2;9;167;9
08770;PORTO FRANCO;0046;0002;86;59;9;3;7;178;14
08770;PORTO FRANCO;0046;0003;78;66;7;3;10;174;10
08770;PORTO FRANCO;0046;0004;88;67;2;2;4;178;15
08770;PORTO FRANCO;0046;0005;133;92;8;6;12;272;21
08770;PORTO FRANCO;0046;0006;141;88;8;10;12;276;17
08770;PORTO FRANCO;0046;0007;93;75;4;3;7;197;15
08770;PORTO FRANCO;0046;0008;73;74;2;4;10;177;14
08770;PORTO FRANCO;0046;0009;99;63;4;2;13;203;22
08770;PORTO FRANCO;0046;0010;85;63;5;3;8;186;22
08770;PORTO FRANCO;0046;0011;95;59;10;0;9;186;13
08770;PORTO FRANCO;0046;0012;92;58;4;2;2;180;22
08770;PORTO FRANCO;0046;0013;84;56;4;5;7;172;16
08770;PORTO FRANCO;0046;0014;108;99;6;1;8;240;18
08770;PORTO FRANCO;0046;0015;149;81;5;5;10;267;17
08770;PORTO FRANCO;0046;0016;130;85;9;7;14;267;22
08770;PORTO FRANCO;0046;0017;160;84;9;3;5;283;22
08770;PORTO FRANCO;0046;0018;112;72;5;1;12;232;30
08770;PORTO FRANCO;0046;0019;109;94;9;6;15;265;32
08770;PORTO FRANCO;0046;0020;127;92;9;7;13;269;21
08770;PORTO FRANCO;0046;0021;137;78;7;7;13;274;32
08770;PORTO FRANCO;0046;0045;120;79;8;9;10;246;20
08770;PORTO FRANCO;0046;0046;136;69;8;5;12;246;16
08770;PORTO FRANCO;0046;0047;89;76;1;7;13;203;17
08770;PORTO FRANCO;0046;0051;148;86;11;5;13;293;30
08770;PORTO FRANCO;0046;0058;123;68;11;4;10;234;18
08770;PORTO FRANCO;0046;0059;123;71;4;17;11;244;18
08770;PORTO FRANCO;0046;0061;85;62;2;4;9;178;16
08770;PORTO FRANCO;0046;0062;151;91;8;7;12;282;13
08770;PORTO FRANCO;0046;0070;96;51;6;3;11;186;19
08770;PORTO FRANCO;0046;0071;129;74;2;5;13;237;14
08770;PORTO FRANCO;0046;0088;169;82;4;6;7;282;14
08770;PORTO FRANCO;0046;0089;73;65;6;8;5;170;13
08770;PORTO FRANCO;0046;0091;135;95;2;2;9;263;20
08770;PORTO FRANCO;0046;0098;156;77;8;5;13;280;21
08770;PORTO FRANCO;0046;0099;96;57;3;2;6;177;13
08770;PORTO FRANCO;0046;0101;153;78;9;9;10;272;13
08770;PORTO FRANCO;0046;0102;133;96;5;4;10;269;21
08770;PORTO FRANCO;0046;0108;119;66;9;13;10;230;13
08770;PORTO FRANCO;0046;0109;123;86;5;5;13;259;27
08770;PORTO FRANCO;0046;0113;166;82;10;10;7;285;10
08770;PORTO FRANCO;0046;0114;127;81;7;9;17;260;19
08770;PORTO FRANCO;0046;0117;142;82;7;10;12;274;21
08770;PORTO FRANCO;0046;0118;160;79;12;5;4;277;17
08770;PORTO FRANCO;0046;0119;156;74;5;8;14;273;16
08770;PORTO FRANCO;0046;0120;139;78;13;11;11;283;31
08770;PORTO FRANCO;0046;0121;105;99;9;3;5;243;22
08770;PORTO FRANCO;0046;0122;97;65;2;5;8;196;19
08770;PORTO FRANCO;0046;0125;134;93;7;4;11;259;10
08770;PORTO FRANCO;0046;0134;135;59;12;5;6;226;9
08770;PORTO FRANCO;0046;0135;143;78;8;5;9;264;21
08770;PORTO FRANCO;0046;0137;164;82;11;15;9;298;17
08770;PORTO FRANCO;0046;0140;119;85;4;9;17;254;20
08770;PORTO FRANCO;0046;0141;120;70;13;4;9;222;6
08770;PORTO FRANCO;0046;0142;119;105;6;3;9;268;26
08770;PORTO FRANCO;0046;0143;156;77;9;15;6;274;11
08770;PORTO FRANCO;0046;0146;168;76;11;8;13;295;19
08770;PORTO FRANCO;0046;0150;155;65;7;16;10;266;13
08770;PORTO FRANCO;0046;0151;151;95;4;8;17;296;21
08770;PORTO FRANCO;0046;0153;109;50;2;6;3;184;14
08770;PORTO FRANCO;0046;0155;41;35;0;2;4;105;23
08770;PORTO FRANCO;0046;0158;12;12;0;0;0;32;8
08770;PORTO FRANCO;0046;0159;62;57;10;4;6;150;11
08770;PORTO FRANCO;0046;0161;45;40;2;1;2;104;14
08770;PORTO FRANCO;0046;0162;133;92;2;2;21;277;27
08770;PORTO FRANCO;0046;0163;83;43;5;5;4;147;7
09032;SANTO ANTÔNIO DOS LOPES;0069;0230;93;116;3;6;9;238;11
09032;SANTO ANTÔNIO DOS LOPES;0069;0231;126;84;1;6;6;240;17
09032;SANTO ANTÔNIO DOS LOPES;0069;0232;98;105;1;3;15;236;14
09032;SANTO ANTÔNIO DOS LOPES;0069;0233;110;103;5;3;13;248;14
09032;SANTO ANTÔNIO DOS LOPES;0069;0234;136;80;4;5;9;240;6
09032;SANTO ANTÔNIO DOS LOPES;0069;0235;120;102;7;3;7;246;7
09032;SANTO ANTÔNIO DOS LOPES;0069;0236;114;85;3;5;11;235;17
09032;SANTO ANTÔNIO DOS LOPES;0069;0237;93;95;3;6;11;232;24
09032;SANTO ANTÔNIO DOS LOPES;0069;0238;101;106;7;8;16;254;16
09032;SANTO ANTÔNIO DOS LOPES;0069;0239;120;90;1;6;18;245;10
09032;SANTO ANTÔNIO DOS LOPES;0069;0240;116;142;4;7;8;293;16
09032;SANTO ANTÔNIO DOS LOPES;0069;0243;106;122;4;8;10;267;17
09032;SANTO ANTÔNIO DOS LOPES;0069;0244;145;101;1;6;15;280;12
09032;SANTO ANTÔNIO DOS LOPES;0069;0245;141;101;9;8;8;277;10
09032;SANTO ANTÔNIO DOS LOPES;0069;0246;108;86;1;5;18;231;13
09032;SANTO ANTÔNIO DOS LOPES;0069;0247;92;89;3;5;12;214;13
09032;SANTO ANTÔNIO DOS LOPES;0069;0248;75;104;9;5;15;227;19
09032;SANTO ANTÔNIO DOS LOPES;0069;0250;111;88;3;8;12;250;28
09032;SANTO ANTÔNIO DOS LOPES;0069;0251;98;99;4;7;16;237;13
09032;SANTO ANTÔNIO DOS LOPES;0069;0252;109;104;4;4;17;259;21
09032;SANTO ANTÔNIO DOS LOPES;0069;0253;101;108;3;9;15;248;12
09032;SANTO ANTÔNIO DOS LOPES;0069;0254;113;114;3;2;17;263;14
09032;SANTO ANTÔNIO DOS LOPES;0069;0256;100;104;1;1;18;239;15
09032;SANTO ANTÔNIO DOS LOPES;0069;0259;136;76;1;1;11;239;14
09032;SANTO ANTÔNIO DOS LOPES;0069;0263;83;118;0;4;18;242;19
09032;SANTO ANTÔNIO DOS LOPES;0069;0265;185;102;1;3;6;312;15
09032;SANTO ANTÔNIO DOS LOPES;0069;0266;129;83;2;1;16;238;7
09032;SANTO ANTÔNIO DOS LOPES;0069;0267;115;79;4;4;20;237;15
09032;SANTO ANTÔNIO DOS LOPES;0069;0268;121;49;0;0;5;180;5
09032;SANTO ANTÔNIO DOS LOPES;0069;0270;126;95;5;1;13;257;17
09032;SANTO ANTÔNIO DOS LOPES;0069;0271;157;81;0;2;14;276;22
09032;SANTO ANTÔNIO DOS LOPES;0069;0272;162;58;0;1;9;243;13
09032;SANTO ANTÔNIO DOS LOPES;0069;0273;115;77;0;3;8;212;9
09032;SANTO ANTÔNIO DOS LOPES;0069;0274;116;99;1;2;7;245;20
09032;SANTO ANTÔNIO DOS LOPES;0069;0275;129;93;3;2;10;256;19
09032;SANTO ANTÔNIO DOS LOPES;0069;0276;88;108;1;3;9;223;14
09032;SANTO ANTÔNIO DOS LOPES;0069;0277;142;135;5;1;10;313;20
09032;SANTO ANTÔNIO DOS LOPES;0069;0278;98;120;0;3;17;256;18
09032;SANTO ANTÔNIO DOS LOPES;0069;0280;144;132;3;2;11;316;24
09032;SANTO ANTÔNIO DOS LOPES;0069;0281;140;104;1;3;5;263;10
09032;SANTO ANTÔNIO DOS LOPES;0069;0283;132;101;5;2;8;264;16
09032;SANTO ANTÔNIO DOS LOPES;0069;0284;66;61;1;7;5;148;8
09032;SANTO ANTÔNIO DOS LOPES;0069;0285;66;61;3;5;11;160;14
09032;SANTO ANTÔNIO DOS LOPES;0069;0286;110;113;4;5;12;255;11
09032;SANTO ANTÔNIO DOS LOPES;0069;0287;94;120;3;6;8;248;17
09032;SANTO ANTÔNIO DOS LOPES;0069;0288;94;122;3;7;13;252;13
09032;SANTO ANTÔNIO DOS LOPES;0069;0289;92;108;2;6;11;235;16
09032;SANTO ANTÔNIO DOS LOPES;0069;0290;118;90;2;7;12;243;14
09032;SANTO ANTÔNIO DOS LOPES;0069;0294;102;91;4;5;11;223;10
09032;SANTO ANTÔNIO DOS LOPES;0069;0300;128;95;0;2;15;250;10
09032;SANTO ANTÔNIO DOS LOPES;0069;0303;66;38;0;1;5;111;1
09032;SANTO ANTÔNIO DOS LOPES;0069;0305;91;72;2;1;5;178;7
09032;SANTO ANTÔNIO DOS LOPES;0069;0306;51;79;2;2;6;144;4
09199;SÃO JOÃO DOS PATOS;0053;0001;119;74;2;9;8;225;13
09199;SÃO JOÃO DOS PATOS;0053;0002;94;67;3;7;9;192;12
09199;SÃO JOÃO DOS PATOS;0053;0003;123;77;1;6;8;231;16
09199;SÃO JOÃO DOS PATOS;0053;0004;114;77;4;4;7;218;12
09199;SÃO JOÃO DOS PATOS;0053;0005;118;88;1;2;4;226;13
09199;SÃO JOÃO DOS PATOS;0053;0006;118;75;1;9;5;218;10
09199;SÃO JOÃO DOS PATOS;0053;0007;105;72;3;13;7;215;15
09199;SÃO JOÃO DOS PATOS;0053;0008;79;70;0;7;13;185;16
09199;SÃO JOÃO DOS PATOS;0053;0009;88;92;1;3;8;209;17
09199;SÃO JOÃO DOS PATOS;0053;0010;111;78;0;6;11;222;16
09199;SÃO JOÃO DOS PATOS;0053;0011;91;84;3;10;7;208;13
09199;SÃO JOÃO DOS PATOS;0053;0012;82;70;3;2;9;183;17
09199;SÃO JOÃO DOS PATOS;0053;0013;75;62;1;5;9;170;18
09199;SÃO JOÃO DOS PATOS;0053;0014;111;58;6;13;9;211;14
09199;SÃO JOÃO DOS PATOS;0053;0015;120;68;3;5;4;213;13
09199;SÃO JOÃO DOS PATOS;0053;0016;102;77;2;10;10;218;17
09199;SÃO JOÃO DOS PATOS;0053;0017;91;71;2;7;6;194;17
09199;SÃO JOÃO DOS PATOS;0053;0018;80;71;2;4;11;188;20
09199;SÃO JOÃO DOS PATOS;0053;0019;95;67;3;4;13;200;18
09199;SÃO JOÃO DOS PATOS;0053;0020;90;75;1;3;9;189;11
09199;SÃO JOÃO DOS PATOS;0053;0021;103;79;0;10;4;208;12
09199;SÃO JOÃO DOS PATOS;0053;0022;125;65;0;9;12;228;17
09199;SÃO JOÃO DOS PATOS;0053;0023;126;65;0;12;13;239;23
09199;SÃO JOÃO DOS PATOS;0053;0024;116;79;0;12;13;240;20
09199;SÃO JOÃO DOS PATOS;0053;0025;116;78;0;4;9;228;21
09199;SÃO JOÃO DOS PATOS;0053;0029;96;65;5;4;11;195;14
09199;SÃO JOÃO DOS PATOS;0053;0031;22;112;0;6;6;158;12
09199;SÃO JOÃO DOS PATOS;0053;0032;45;93;0;7;7;168;16
09199;SÃO JOÃO DOS PATOS;0053;0033;32;91;1;3;10;152;15
09199;SÃO JOÃO DOS PATOS;0053;0037;111;115;2;13;20;281;20
09199;SÃO JOÃO DOS PATOS;0053;0042;161;90;0;11;13;300;25
09199;SÃO JOÃO DOS PATOS;0053;0044;90;84;4;1;11;206;16
09199;SÃO JOÃO DOS PATOS;0053;0045;100;93;2;5;8;219;11
09199;SÃO JOÃO DOS PATOS;0053;0046;36;101;1;2;10;154;4
09199;SÃO JOÃO DOS PATOS;0053;0047;87;97;2;5;15;224;18
09199;SÃO JOÃO DOS PATOS;0053;0048;78;92;2;4;10;210;24
09199;SÃO JOÃO DOS PATOS;0053;0049;105;78;2;6;10;222;21
09199;SÃO JOÃO DOS PATOS;0053;0050;126;70;2;11;15;236;12
09199;SÃO JOÃO DOS PATOS;0053;0052;111;88;2;6;13;233;13
09199;SÃO JOÃO DOS PATOS;0053;0053;122;75;1;7;14;240;21
09199;SÃO JOÃO DOS PATOS;0053;0054;101;94;0;8;10;225;12
09199;SÃO JOÃO DOS PATOS;0053;0055;86;82;0;5;11;195;11
09199;SÃO JOÃO DOS PATOS;0053;0057;96;67;2;5;4;191;17
09199;SÃO JOÃO DOS PATOS;0053;0058;151;127;1;9;15;328;25
09199;SÃO JOÃO DOS PATOS;0053;0059;113;83;1;15;11;235;12
09199;SÃO JOÃO DOS PATOS;0053;0063;173;93;3;8;13;308;18
09199;SÃO JOÃO DOS PATOS;0053;0064;135;73;0;8;11;235;8
09199;SÃO JOÃO DOS PATOS;0053;0065;129;59;2;7;9;215;9
09199;SÃO JOÃO DOS PATOS;0053;0066;68;189;1;9;9;291;15
09199;SÃO JOÃO DOS PATOS;0053;0071;100;86;0;13;10;222;13
09199;SÃO JOÃO DOS PATOS;0053;0072;101;64;0;2;9;189;13
09199;SÃO JOÃO DOS PATOS;0053;0073;94;63;2;5;5;184;15
09199;SÃO JOÃO DOS PATOS;0053;0074;133;73;0;5;5;236;20
09199;SÃO JOÃO DOS PATOS;0053;0076;99;84;2;7;9;221;20
09199;SÃO JOÃO DOS PATOS;0053;0077;126;85;0;8;7;236;10
09199;SÃO JOÃO DOS PATOS;0053;0078;101;157;0;5;7;286;16
09199;SÃO JOÃO DOS PATOS;0053;0079;77;45;3;9;7;149;8
09199;SÃO JOÃO DOS PATOS;0053;0083;109;74;2;8;12;221;16
09199;SÃO JOÃO DOS PATOS;0053;0085;97;64;1;8;13;203;20
09199;SÃO JOÃO DOS PATOS;0053;0086;110;62;6;8;6;204;12
09199;SÃO JOÃO DOS PATOS;0053;0087;108;69;1;5;9;212;20
09199;SÃO JOÃO DOS PATOS;0053;0136;114;93;0;5;10;238;16
09199;SÃO JOÃO DOS PATOS;0053;0137;108;88;1;3;6;217;11
09199;SÃO JOÃO DOS PATOS;0053;0138;130;65;3;5;9;228;16
09199;SÃO JOÃO DOS PATOS;0053;0139;105;97;2;9;16;246;17
09199;SÃO JOÃO DOS PATOS;0053;0140;123;83;2;5;7;239;19
09199;SÃO JOÃO DOS PATOS;0053;0141;124;89;0;15;15;255;12
09199;SÃO JOÃO DOS PATOS;0053;0142;114;88;2;6;9;238;19
09199;SÃO JOÃO DOS PATOS;0053;0145;133;84;0;9;6;245;13
09199;SÃO JOÃO DOS PATOS;0053;0146;90;63;2;8;8;179;8
09199;SÃO JOÃO DOS PATOS;0053;0147;124;60;3;4;8;209;10
09199;SÃO JOÃO DOS PATOS;0053;0150;4;7;0;0;1;15;3
09393;TUNTUM;0079;0001;76;147;2;6;10;249;8
09393;TUNTUM;0079;0002;55;157;1;2;16;248;17
09393;TUNTUM;0079;0003;60;157;2;5;11;257;22
09393;TUNTUM;0079;0004;107;157;2;5;19;310;20
09393;TUNTUM;0079;0005;61;82;0;3;9;167;12
09393;TUNTUM;0079;0006;91;109;4;12;11;238;11
09393;TUNTUM;0079;0007;95;119;5;5;6;246;16
09393;TUNTUM;0079;0009;89;120;2;12;16;252;13
09393;TUNTUM;0079;0011;84;127;3;12;14;253;13
09393;TUNTUM;0079;0013;80;127;3;9;14;248;15
09393;TUNTUM;0079;0015;92;161;4;6;14;288;11
09393;TUNTUM;0079;0017;91;159;0;7;6;283;20
09393;TUNTUM;0079;0019;45;85;2;3;4;149;10
09393;TUNTUM;0079;0020;85;115;2;5;11;231;13
09393;TUNTUM;0079;0021;77;111;3;7;10;222;14
09393;TUNTUM;0079;0022;73;105;5;7;13;219;16
09393;TUNTUM;0079;0023;69;113;2;11;15;231;21
09393;TUNTUM;0079;0024;78;127;3;7;14;239;10
09393;TUNTUM;0079;0025;68;120;3;6;8;220;15
09393;TUNTUM;0079;0027;103;113;1;6;16;265;26
09393;TUNTUM;0079;0031;83;117;4;9;3;239;23
09393;TUNTUM;0079;0032;94;134;5;5;5;264;21
09393;TUNTUM;0079;0033;77;128;2;8;16;244;13
09393;TUNTUM;0079;0034;91;122;2;13;8;243;7
09393;TUNTUM;0079;0035;67;150;0;6;11;259;25
09393;TUNTUM;0079;0036;58;98;1;2;2;166;5
09393;TUNTUM;0079;0037;64;85;3;4;5;169;8
09393;TUNTUM;0079;0040;56;107;2;6;9;197;17
09393;TUNTUM;0079;0047;99;69;0;1;13;204;22
09393;TUNTUM;0079;0049;68;51;2;1;10;180;48
09393;TUNTUM;0079;0050;76;186;0;9;27;309;11
09393;TUNTUM;0079;0052;82;116;0;2;18;245;27
09393;TUNTUM;0079;0053;76;106;1;3;12;237;39
09393;TUNTUM;0079;0054;79;108;1;2;19;247;38
09393;TUNTUM;0079;0055;80;100;0;5;12;231;34
09393;TUNTUM;0079;0056;72;147;5;11;8;260;17
09393;TUNTUM;0079;0061;61;134;1;7;15;236;18
09393;TUNTUM;0079;0063;37;129;2;6;30;223;19
09393;TUNTUM;0079;0064;49;137;0;4;7;209;12
09393;TUNTUM;0079;0065;54;143;2;2;8;228;19
09393;TUNTUM;0079;0066;39;148;0;5;9;221;20
09393;TUNTUM;0079;0067;55;150;0;3;5;223;10
09393;TUNTUM;0079;0068;60;145;1;5;10;236;15
09393;TUNTUM;0079;0069;82;126;1;6;13;245;17
09393;TUNTUM;0079;0070;82;124;0;5;14;245;20
09393;TUNTUM;0079;0071;65;132;2;5;5;219;10
09393;TUNTUM;0079;0072;75;127;0;2;6;226;16
09393;TUNTUM;0079;0073;76;135;2;5;12;247;17
09393;TUNTUM;0079;0074;88;133;5;7;8;252;11
09393;TUNTUM;0079;0075;86;119;2;14;10;250;19
09393;TUNTUM;0079;0076;88;124;3;12;7;245;11
09393;TUNTUM;0079;0077;56;131;0;10;15;230;18
09393;TUNTUM;0079;0078;100;105;3;4;10;246;24
09393;TUNTUM;0079;0080;83;109;3;9;14;241;23
09393;TUNTUM;0079;0081;90;124;2;12;10;259;21
09393;TUNTUM;0079;0082;68;147;1;4;15;261;26
09393;TUNTUM;0079;0083;59;183;1;11;13;293;26
09393;TUNTUM;0079;0084;96;137;1;5;14;289;36
09393;TUNTUM;0079;0089;75;127;3;4;11;237;17
09393;TUNTUM;0079;0090;97;97;1;13;22;245;15
09393;TUNTUM;0079;0091;41;156;1;6;9;229;16
09393;TUNTUM;0079;0092;47;180;0;3;5;256;21
09393;TUNTUM;0079;0094;85;142;0;1;9;259;22
09393;TUNTUM;0079;0095;44;104;0;5;8;183;22
09393;TUNTUM;0079;0096;62;133;1;14;14;238;14
09393;TUNTUM;0079;0097;86;126;5;6;23;257;11
09393;TUNTUM;0079;0099;56;131;3;18;18;252;26
09393;TUNTUM;0079;0100;49;133;0;7;11;217;17
09393;TUNTUM;0079;0101;47;129;3;12;6;224;27
09393;TUNTUM;0079;0102;79;118;6;6;11;230;10
09393;TUNTUM;0079;0106;49;125;0;4;9;196;9
09393;TUNTUM;0079;0107;61;159;0;10;12;258;16
09393;TUNTUM;0079;0109;69;141;0;10;13;248;15
09393;TUNTUM;0079;0110;77;101;1;7;14;222;22
09393;TUNTUM;0079;0111;66;109;1;6;9;210;19
09393;TUNTUM;0079;0112;77;123;0;10;14;246;22
09393;TUNTUM;0079;0113;95;126;0;9;13;263;20
09393;TUNTUM;0079;0114;66;158;2;10;7;259;16
09393;TUNTUM;0079;0115;59;147;0;4;16;247;21
09393;TUNTUM;0079;0116;115;101;0;14;11;255;14
09393;TUNTUM;0079;0117;83;85;0;5;14;213;26
09393;TUNTUM;0079;0118;60;119;4;9;5;228;31
09393;TUNTUM;0079;0119;78;125;1;11;14;247;18
09393;TUNTUM;0079;0120;80;99;3;14;11;223;16
09393;TUNTUM;0079;0122;56;121;3;3;11;205;11
09393;TUNTUM;0079;0131;66;118;4;14;20;243;21
09393;TUNTUM;0079;0132;69;106;3;8;8;205;11
09393;TUNTUM;0079;0136;83;90;3;4;9;213;24
09393;TUNTUM;0079;0138;59;140;0;11;17;244;17
09393;TUNTUM;0079;0140;44;113;3;7;6;197;24
09393;TUNTUM;0079;0143;63;73;2;1;18;179;22
09393;TUNTUM;0079;0144;24;60;0;6;2;97;5
09393;TUNTUM;0079;0145;75;119;1;9;10;227;13
09393;TUNTUM;0079;0146;99;92;2;2;10;220;15
09393;TUNTUM;0079;0148;78;102;1;12;9;210;8
09393;TUNTUM;0079;0149;74;81;0;7;6;204;36
09393;TUNTUM;0079;0150;52;82;3;6;2;152;7
09598;PAULO RAMOS;0102;0001;140;122;3;4;9;289;11
09598;PAULO RAMOS;0102;0002;123;103;3;4;25;271;13
09598;PAULO RAMOS;0102;0003;138;120;1;4;6;286;17
09598;PAULO RAMOS;0102;0004;129;129;0;8;4;297;27
09598;PAULO RAMOS;0102;0005;115;87;3;5;12;239;17
09598;PAULO RAMOS;0102;0006;125;99;5;4;11;256;12
09598;PAULO RAMOS;0102;0007;124;110;4;3;11;264;12
09598;PAULO RAMOS;0102;0008;128;99;4;3;18;267;15
09598;PAULO RAMOS;0102;0009;128;102;0;7;14;263;12
09598;PAULO RAMOS;0102;0010;119;84;3;5;9;237;17
09598;PAULO RAMOS;0102;0011;107;116;2;2;7;240;6
09598;PAULO RAMOS;0102;0012;111;89;9;1;6;224;8
09598;PAULO RAMOS;0102;0013;99;98;2;3;14;231;15
09598;PAULO RAMOS;0102;0014;97;90;2;2;10;210;9
09598;PAULO RAMOS;0102;0015;123;90;4;5;4;235;9
09598;PAULO RAMOS;0102;0016;112;97;1;4;12;237;11
09598;PAULO RAMOS;0102;0017;80;115;0;2;8;217;12
09598;PAULO RAMOS;0102;0019;136;79;1;9;26;267;16
09598;PAULO RAMOS;0102;0022;80;91;0;3;20;207;13
09598;PAULO RAMOS;0102;0023;87;97;0;1;14;214;15
09598;PAULO RAMOS;0102;0024;113;66;1;3;6;192;3
09598;PAULO RAMOS;0102;0025;117;62;2;2;10;203;10
09598;PAULO RAMOS;0102;0026;111;59;0;1;6;186;9
09598;PAULO RAMOS;0102;0027;81;65;1;2;24;219;46
09598;PAULO RAMOS;0102;0029;90;108;1;1;22;237;15
09598;PAULO RAMOS;0102;0033;69;150;0;1;12;238;6
09598;PAULO RAMOS;0102;0036;73;92;2;4;14;200;15
09598;PAULO RAMOS;0102;0037;72;91;4;3;13;195;12
09598;PAULO RAMOS;0102;0038;91;97;1;8;17;227;13
09598;PAULO RAMOS;0102;0039;106;101;3;6;9;238;13
09598;PAULO RAMOS;0102;0043;136;118;0;6;12;286;14
09598;PAULO RAMOS;0102;0046;127;99;1;5;16;265;17
09598;PAULO RAMOS;0102;0047;130;92;2;1;9;250;16
09598;PAULO RAMOS;0102;0048;29;183;0;5;18;252;17
09598;PAULO RAMOS;0102;0050;24;57;1;1;5;103;15
09598;PAULO RAMOS;0102;0052;29;63;0;1;7;109;9
09598;PAULO RAMOS;0102;0053;92;103;3;6;15;238;19
09598;PAULO RAMOS;0102;0054;98;114;3;3;20;251;13
09598;PAULO RAMOS;0102;0055;92;116;1;3;16;243;15
09598;PAULO RAMOS;0102;0056;46;76;0;4;5;144;13
09598;PAULO RAMOS;0102;0057;58;156;1;2;24;263;22
09598;PAULO RAMOS;0102;0059;64;75;0;5;10;166;12
09598;PAULO RAMOS;0102;0060;62;78;1;1;9;167;16
09598;PAULO RAMOS;0102;0061;69;84;1;2;15;179;8
09598;PAULO RAMOS;0102;0062;65;67;1;3;14;168;18
09598;PAULO RAMOS;0102;0063;67;72;1;2;9;161;10
09598;PAULO RAMOS;0102;0064;59;61;2;4;14;148;8
09598;PAULO RAMOS;0102;0065;79;73;0;1;4;161;4
09598;PAULO RAMOS;0102;0066;85;53;1;2;3;150;6
09598;PAULO RAMOS;0102;0069;19;41;1;0;5;73;7
09598;PAULO RAMOS;0102;0070;43;104;0;4;11;172;10
09598;PAULO RAMOS;0102;0107;90;112;1;3;9;233;18
09598;PAULO RAMOS;0102;0108;116;84;3;3;14;225;5
09598;PAULO RAMOS;0102;0109;43;70;0;2;4;132;13
09598;PAULO RAMOS;0102;0110;127;85;2;1;10;236;11
09598;PAULO RAMOS;0102;0111;112;100;2;3;6;233;10
09598;PAULO RAMOS;0102;0113;94;98;1;3;17;227;14
09598;PAULO RAMOS;0102;0119;96;119;1;1;18;244;9
09598;PAULO RAMOS;0102;0120;67;80;0;1;4;159;7
09598;PAULO RAMOS;0102;0122;61;81;1;4;5;156;4
09598;PAULO RAMOS;0102;0124;34;58;0;0;0;95;3
09695;MIRANDA DO NORTE;0109;0097;147;61;2;4;5;237;18
09695;MIRANDA DO NORTE;0109;0098;152;50;0;3;6;228;17
09695;MIRANDA DO NORTE;0109;0099;141;61;2;6;9;239;20
09695;MIRANDA DO NORTE;0109;0100;156;36;1;3;6;228;26
09695;MIRANDA DO NORTE;0109;0101;134;68;3;4;8;231;14
09695;MIRANDA DO NORTE;0109;0102;138;52;3;5;8;236;30
09695;MIRANDA DO NORTE;0109;0103;147;62;1;3;6;236;17
09695;MIRANDA DO NORTE;0109;0104;135;56;0;5;8;230;26
09695;MIRANDA DO NORTE;0109;0105;131;68;3;2;3;230;23
09695;MIRANDA DO NORTE;0109;0106;145;70;2;5;15;252;15
09695;MIRANDA DO NORTE;0109;0107;147;52;3;8;17;246;19
09695;MIRANDA DO NORTE;0109;0108;104;38;0;0;4;172;26
09695;MIRANDA DO NORTE;0109;0109;116;29;1;3;3;180;28
09695;MIRANDA DO NORTE;0109;0110;112;45;0;1;3;176;15
09695;MIRANDA DO NORTE;0109;0112;14;20;1;1;1;44;7
09695;MIRANDA DO NORTE;0109;0113;194;68;0;3;7;293;21
09695;MIRANDA DO NORTE;0109;0114;174;75;1;3;9;287;25
09695;MIRANDA DO NORTE;0109;0115;186;72;2;7;8;300;25
09695;MIRANDA DO NORTE;0109;0116;175;65;1;4;6;280;29
09695;MIRANDA DO NORTE;0109;0117;190;69;1;4;7;296;25
09695;MIRANDA DO NORTE;0109;0118;182;55;2;7;6;275;23
09695;MIRANDA DO NORTE;0109;0119;181;63;2;5;11;289;27
09695;MIRANDA DO NORTE;0109;0120;167;63;3;2;13;266;18
09695;MIRANDA DO NORTE;0109;0121;176;64;0;8;6;271;17
09695;MIRANDA DO NORTE;0109;0122;174;56;1;2;10;266;23
09695;MIRANDA DO NORTE;0109;0123;179;60;0;1;13;264;11
09695;MIRANDA DO NORTE;0109;0124;180;58;1;5;7;273;22
09695;MIRANDA DO NORTE;0109;0125;150;61;3;3;19;266;30
09695;MIRANDA DO NORTE;0109;0126;142;39;0;9;9;227;28
09695;MIRANDA DO NORTE;0109;0127;149;45;1;6;5;234;28
09695;MIRANDA DO NORTE;0109;0128;145;42;1;4;7;219;20
09695;MIRANDA DO NORTE;0109;0129;106;61;0;7;4;193;15
09695;MIRANDA DO NORTE;0109;0130;82;58;2;0;5;164;17
09695;MIRANDA DO NORTE;0109;0131;58;45;0;2;11;130;14
09695;MIRANDA DO NORTE;0109;0133;117;43;1;12;7;197;17
09695;MIRANDA DO NORTE;0109;0134;122;46;1;2;12;199;16
09695;MIRANDA DO NORTE;0109;0135;127;50;0;5;5;203;16
09695;MIRANDA DO NORTE;0109;0136;110;53;1;2;8;198;24
09695;MIRANDA DO NORTE;0109;0137;132;54;2;0;6;216;22
09695;MIRANDA DO NORTE;0109;0138;106;52;1;6;4;182;13
09695;MIRANDA DO NORTE;0109;0139;111;60;2;6;9;202;14
09695;MIRANDA DO NORTE;0109;0140;146;71;2;4;6;256;27
09695;MIRANDA DO NORTE;0109;0141;170;51;0;5;11;254;17
09695;MIRANDA DO NORTE;0109;0142;142;66;3;6;6;240;17
09695;MIRANDA DO NORTE;0109;0143;163;57;0;3;4;239;12
09695;MIRANDA DO NORTE;0109;0144;98;15;0;3;4;146;26
09695;MIRANDA DO NORTE;0109;0145;93;25;0;3;7;140;12
09695;MIRANDA DO NORTE;0109;0146;113;38;0;4;2;163;6
09695;MIRANDA DO NORTE;0109;0147;135;40;1;5;1;193;11
09695;MIRANDA DO NORTE;0109;0148;123;36;1;2;10;180;8
09695;MIRANDA DO NORTE;0109;0149;108;42;1;4;4;169;10
09695;MIRANDA DO NORTE;0109;0151;112;41;0;6;6;174;9
09695;MIRANDA DO NORTE;0109;0152;112;57;1;3;9;185;3
09695;MIRANDA DO NORTE;0109;0153;129;55;3;6;7;222;22
09695;MIRANDA DO NORTE;0109;0154;144;59;1;4;6;228;14
09695;MIRANDA DO NORTE;0109;0155;139;66;0;2;11;235;17
09695;MIRANDA DO NORTE;0109;0156;113;50;0;6;6;190;15
09695;MIRANDA DO NORTE;0109;0157;147;72;2;1;6;231;3
09695;MIRANDA DO NORTE;0109;0158;108;43;1;4;11;186;19
09695;MIRANDA DO NORTE;0109;0159;140;52;0;3;4;210;11
09695;MIRANDA DO NORTE;0109;0160;147;55;1;3;11;236;19
